dataset,task_load,stratum_id,stratum_label,independent_cluster,algorithm,nested_seed_runs,external_objective,candidate_feasible_before_dominance,node_limit_run_indicator,feasibility_rate,end_to_end_runtime_ms,fallback,independent_service_score,independent_coverage,candidate_after_diversity,nodes,solver_elapsed_ms,repair_applied
anti_uav410,2,anti_uav410.load_2,Anti-UAV410 load 2,AU-L02-W01,CA-HMCD,30,-0.042230468,140.3055555556,0.0,1.0,39.1304977778,0.0,0.4726413358,0.75,11.0,24.0972222222,0.2526186111,0.0
anti_uav410,2,anti_uav410.load_2,Anti-UAV410 load 2,AU-L02-W01,Genetic-Algorithm,30,-0.04224541,140.3055555556,0.0,1.0,59.4401616667,0.0,0.4726352071,0.75,140.3055555556,4000.0,51.0767477778,0.0
anti_uav410,2,anti_uav410.load_2,Anti-UAV410 load 2,AU-L02-W01,HiGHS-MILP,30,-0.042230468,140.3055555556,0.0,1.0,14.5872580555,0.0,0.4726413358,0.75,140.3055555556,0.1666666667,6.1241658333,0.0
anti_uav410,2,anti_uav410.load_2,Anti-UAV410 load 2,AU-L02-W02,CA-HMCD,30,0.1392247359,248.8416666667,0.0,1.0,66.8590661111,0.0,0.6323831411,0.9583333333,20.0,41.5222222222,0.5030225,0.0
anti_uav410,2,anti_uav410.load_2,Anti-UAV410 load 2,AU-L02-W02,Genetic-Algorithm,30,0.1383347188,248.8416666667,0.0,1.0,68.6707652778,0.0,0.6317151904,0.9583333333,248.8416666667,4000.0,57.6728569444,0.0
anti_uav410,2,anti_uav410.load_2,Anti-UAV410 load 2,AU-L02-W02,HiGHS-MILP,30,0.1392247359,248.8416666667,0.0,1.0,21.4340036111,0.0,0.6323831411,0.9583333333,248.8416666667,0.6694444444,10.0993561111,0.0
anti_uav410,2,anti_uav410.load_2,Anti-UAV410 load 2,AU-L02-W03,CA-HMCD,30,0.1772849154,266.5027777778,0.0,1.0,70.0412652778,0.0,0.6121964141,0.9583333333,21.0,44.5277777778,0.5411333334,0.0
anti_uav410,2,anti_uav410.load_2,Anti-UAV410 load 2,AU-L02-W03,Genetic-Algorithm,30,0.1772849154,266.5027777778,0.0,1.0,71.4433283333,0.0,0.6121964141,0.9583333333,266.5027777778,4000.0,60.0043552778,0.0
anti_uav410,2,anti_uav410.load_2,Anti-UAV410 load 2,AU-L02-W03,HiGHS-MILP,30,0.1772849154,266.5027777778,0.0,1.0,22.9136102778,0.0,0.6121964141,0.9583333333,266.5027777778,0.7555555556,11.2437108333,0.0
anti_uav410,2,anti_uav410.load_2,Anti-UAV410 load 2,AU-L02-W04,CA-HMCD,30,0.1228575579,242.4222222222,0.0,1.0,65.2687683333,0.0,0.5766654465,0.875,19.0,42.2666666667,0.5024880555,0.0
anti_uav410,2,anti_uav410.load_2,Anti-UAV410 load 2,AU-L02-W04,Genetic-Algorithm,30,0.1252491563,242.4222222222,0.0,1.0,68.9072577778,0.0,0.5786182165,0.875,242.4222222222,4000.0,57.6423241667,0.0
anti_uav410,2,anti_uav410.load_2,Anti-UAV410 load 2,AU-L02-W04,HiGHS-MILP,30,0.1228575579,242.4222222222,0.0,1.0,21.926285,0.0,0.5766654465,0.875,242.4222222222,0.6888888889,10.2170436111,0.0
anti_uav410,2,anti_uav410.load_2,Anti-UAV410 load 2,AU-L02-W05,CA-HMCD,30,0.0375860178,214.6388888889,0.0,1.0,58.0393572222,0.0,0.5306181784,0.8319444444,17.3111111111,35.3388888889,0.4331897222,0.0
anti_uav410,2,anti_uav410.load_2,Anti-UAV410 load 2,AU-L02-W05,Genetic-Algorithm,30,0.0378587064,214.6388888889,0.0,1.0,68.1460788889,0.0,0.5317708215,0.8319444444,214.6388888889,4000.0,56.7894233333,0.0
anti_uav410,2,anti_uav410.load_2,Anti-UAV410 load 2,AU-L02-W05,HiGHS-MILP,30,0.0375860178,214.6388888889,0.0,1.0,20.4667,0.0,0.5306181784,0.8319444444,214.6388888889,0.5527777778,8.9631813889,0.0
anti_uav410,2,anti_uav410.load_2,Anti-UAV410 load 2,AU-L02-W06,CA-HMCD,30,-0.0374787427,134.95,0.0,1.0,37.6289002778,0.0,0.4875912486,0.75,11.6222222222,19.2611111111,0.2112272222,0.0
anti_uav410,2,anti_uav410.load_2,Anti-UAV410 load 2,AU-L02-W06,Genetic-Algorithm,30,-0.0374787427,134.95,0.0,1.0,61.8377191667,0.0,0.4875912486,0.75,134.95,4000.0,52.9103213889,0.0
anti_uav410,2,anti_uav410.load_2,Anti-UAV410 load 2,AU-L02-W06,HiGHS-MILP,30,-0.0374787427,134.95,0.0,1.0,12.610695,0.0,0.4875912486,0.75,134.95,0.0833333333,3.6587311111,0.0
anti_uav410,2,anti_uav410.load_2,Anti-UAV410 load 2,AU-L02-W07,CA-HMCD,30,0.0893918514,227.3527777778,0.0,1.0,60.3241533334,0.0,0.6105316761,0.9583333333,18.0,36.4638888889,0.4147477778,0.0
anti_uav410,2,anti_uav410.load_2,Anti-UAV410 load 2,AU-L02-W07,Genetic-Algorithm,30,0.0891746942,227.3527777778,0.0,1.0,67.5123211111,0.0,0.61043251,0.9583333333,227.3527777778,4000.0,57.1901272223,0.0
anti_uav410,2,anti_uav410.load_2,Anti-UAV410 load 2,AU-L02-W07,HiGHS-MILP,30,0.0893918514,227.3527777778,0.0,1.0,18.6699733333,0.0,0.6105316761,0.9583333333,227.3527777778,0.5,8.4470919444,0.0
anti_uav410,2,anti_uav410.load_2,Anti-UAV410 load 2,AU-L02-W08,CA-HMCD,30,0.0946706206,206.0416666667,0.0,1.0,54.6733327778,0.0,0.559744323,0.8833333333,17.0666666667,37.7833333333,0.4485988889,0.0
anti_uav410,2,anti_uav410.load_2,Anti-UAV410 load 2,AU-L02-W08,Genetic-Algorithm,30,0.0946706206,206.0416666667,0.0,1.0,72.8407911111,0.0,0.559744323,0.8833333333,206.0416666667,4000.0,62.1367011111,0.0
anti_uav410,2,anti_uav410.load_2,Anti-UAV410 load 2,AU-L02-W08,HiGHS-MILP,30,0.0946706206,206.0416666667,0.0,1.0,20.0859402778,0.0,0.559744323,0.8833333333,206.0416666667,0.5833333333,9.3319483333,0.0
anti_uav410,2,anti_uav410.load_2,Anti-UAV410 load 2,AU-L02-W09,CA-HMCD,30,0.0128808422,214.3194444444,0.0,1.0,56.37994,0.0,0.5615239345,0.8763888889,17.0,35.7666666667,0.3989997222,0.0
anti_uav410,2,anti_uav410.load_2,Anti-UAV410 load 2,AU-L02-W09,Genetic-Algorithm,30,0.0128808422,214.3194444444,0.0,1.0,67.3643886111,0.0,0.5615239345,0.8763888889,214.3194444444,4000.0,57.1133947222,0.0
anti_uav410,2,anti_uav410.load_2,Anti-UAV410 load 2,AU-L02-W09,HiGHS-MILP,30,0.0128808422,214.3194444444,0.0,1.0,15.8874363889,0.0,0.5615239345,0.8763888889,214.3194444444,0.1194444444,5.5477888889,0.0
anti_uav410,2,anti_uav410.load_2,Anti-UAV410 load 2,AU-L02-W10,CA-HMCD,30,-0.0660806194,155.3638888889,0.0,1.0,44.0296969444,0.0,0.4760689091,0.75,12.0,24.3444444444,0.2657180556,0.0
anti_uav410,2,anti_uav410.load_2,Anti-UAV410 load 2,AU-L02-W10,Genetic-Algorithm,30,-0.0648422662,155.3638888889,0.0,1.0,64.6894630556,0.0,0.4750806344,0.75,155.3638888889,4000.0,54.8235483333,0.0
anti_uav410,2,anti_uav410.load_2,Anti-UAV410 load 2,AU-L02-W10,HiGHS-MILP,30,-0.0660806194,155.3638888889,0.0,1.0,14.5089975,0.0,0.4760689091,0.75,155.3638888889,0.1666666667,4.6669616667,0.0
anti_uav410,4,anti_uav410.load_4,Anti-UAV410 load 4,AU-L04-W01,CA-HMCD,30,0.0492813674,369.6944444444,0.0,1.0,104.3761452778,0.0,0.528173635,0.8111111111,29.8083333333,276.075,2.800025,0.0
anti_uav410,4,anti_uav410.load_4,Anti-UAV410 load 4,AU-L04-W01,Genetic-Algorithm,30,0.0452025544,369.6944444444,0.0,1.0,95.7508825,0.0,0.5295844824,0.8145833333,369.6944444444,4000.0,75.0110411111,0.0
anti_uav410,4,anti_uav410.load_4,Anti-UAV410 load 4,AU-L04-W01,HiGHS-MILP,30,0.0486006557,369.6944444444,0.0,1.0,32.9216338889,0.0,0.529379505,0.8145833333,369.6944444444,0.8388888889,12.7854113889,0.0
anti_uav410,4,anti_uav410.load_4,Anti-UAV410 load 4,AU-L04-W02,CA-HMCD,30,0.0906842368,352.0527777778,0.0,1.0,99.5086580555,0.0,0.5506681806,0.84375,29.125,282.2055555556,2.8387213889,0.0
anti_uav410,4,anti_uav410.load_4,Anti-UAV410 load 4,AU-L04-W02,Genetic-Algorithm,30,0.086867839,352.0527777778,0.0,1.0,96.8201747222,0.0,0.5512356065,0.8400462963,352.0527777778,4000.0,77.3284608333,0.0
anti_uav410,4,anti_uav410.load_4,Anti-UAV410 load 4,AU-L04-W02,HiGHS-MILP,30,0.0911752887,352.0527777778,0.0,1.0,31.75672,0.0,0.5512080635,0.8444444444,352.0527777778,0.7583333333,12.4903155556,0.0
anti_uav410,4,anti_uav410.load_4,Anti-UAV410 load 4,AU-L04-W03,CA-HMCD,30,0.1543178841,450.9694444444,0.0,1.0,122.7012966666,0.0,0.5767020634,0.944212963,35.2083333333,318.8611111111,3.3304066667,0.0
anti_uav410,4,anti_uav410.load_4,Anti-UAV410 load 4,AU-L04-W03,Genetic-Algorithm,30,0.1561613679,450.9694444444,0.0,1.0,100.8420716667,0.0,0.579017361,0.9481481481,450.9694444444,4000.0,79.8465888889,0.0
anti_uav410,4,anti_uav410.load_4,Anti-UAV410 load 4,AU-L04-W03,HiGHS-MILP,30,0.154775604,450.9694444444,0.0,1.0,34.23586,0.0,0.5784522438,0.9490740741,450.9694444444,0.9166666667,13.7742477778,0.0
anti_uav410,4,anti_uav410.load_4,Anti-UAV410 load 4,AU-L04-W04,CA-HMCD,30,0.1862594825,382.9777777778,0.0,1.0,103.3513538889,0.0,0.5967061585,0.9546296296,31.0,255.45,2.1912119445,0.0
anti_uav410,4,anti_uav410.load_4,Anti-UAV410 load 4,AU-L04-W04,Genetic-Algorithm,30,0.1848118648,382.9777777778,0.0,1.0,95.8856022223,0.0,0.5972749766,0.9546296296,382.9777777778,4000.0,77.6894997222,0.0
anti_uav410,4,anti_uav410.load_4,Anti-UAV410 load 4,AU-L04-W04,HiGHS-MILP,30,0.186465724,382.9777777778,0.0,1.0,31.3936391667,0.0,0.5974192809,0.9564814815,382.9777777778,0.9166666667,13.4797419444,0.0
anti_uav410,4,anti_uav410.load_4,Anti-UAV410 load 4,AU-L04-W05,CA-HMCD,30,0.1369826044,443.8694444444,0.0,1.0,121.1132736111,0.0,0.5663008799,0.8923611111,35.0,325.0055555556,3.42958,0.0
anti_uav410,4,anti_uav410.load_4,Anti-UAV410 load 4,AU-L04-W05,Genetic-Algorithm,30,0.1269585266,443.8694444444,0.0,1.0,122.1420641667,0.0,0.5644295334,0.8895833333,443.8694444444,4000.0,96.6029394445,0.0
anti_uav410,4,anti_uav410.load_4,Anti-UAV410 load 4,AU-L04-W05,HiGHS-MILP,30,0.1369826044,443.8694444444,0.0,1.0,41.6221463889,0.0,0.5663008799,0.8923611111,443.8694444444,0.9166666667,15.8738722222,0.0
anti_uav410,4,anti_uav410.load_4,Anti-UAV410 load 4,AU-L04-W06,CA-HMCD,30,0.1345714716,444.5861111111,0.0,1.0,121.721035,0.0,0.5522413763,0.8729166667,36.0555555556,295.0583333333,3.242265,0.0
anti_uav410,4,anti_uav410.load_4,Anti-UAV410 load 4,AU-L04-W06,Genetic-Algorithm,30,0.1344206197,444.5861111111,0.0,1.0,102.4215858333,0.0,0.5535119727,0.875,444.5861111111,4000.0,79.3521413889,0.0
anti_uav410,4,anti_uav410.load_4,Anti-UAV410 load 4,AU-L04-W06,HiGHS-MILP,30,0.1362883794,444.5861111111,0.0,1.0,38.3193908333,0.0,0.5541069131,0.8777777778,444.5861111111,0.9166666667,14.812935,0.0
anti_uav410,4,anti_uav410.load_4,Anti-UAV410 load 4,AU-L04-W07,CA-HMCD,30,0.1216865465,423.3638888889,0.0,1.0,114.2948888888,0.0,0.5694006912,0.9152777778,33.0,337.4527777778,3.1775413889,0.0
anti_uav410,4,anti_uav410.load_4,Anti-UAV410 load 4,AU-L04-W07,Genetic-Algorithm,30,0.1208290223,423.3638888889,0.0,1.0,95.6119241666,0.0,0.5700741723,0.9152777778,423.3638888889,4000.0,76.3673191667,0.0
anti_uav410,4,anti_uav410.load_4,Anti-UAV410 load 4,AU-L04-W07,HiGHS-MILP,30,0.1216865465,423.3638888889,0.0,1.0,33.0249208333,0.0,0.5694006912,0.9152777778,423.3638888889,0.9166666667,13.7307447222,0.0
anti_uav410,4,anti_uav410.load_4,Anti-UAV410 load 4,AU-L04-W08,CA-HMCD,30,0.0844063776,434.4305555556,0.0,1.0,117.3781969444,0.0,0.5661585015,0.9347222222,34.5055555556,334.325,3.1153091667,0.0
anti_uav410,4,anti_uav410.load_4,Anti-UAV410 load 4,AU-L04-W08,Genetic-Algorithm,30,0.085655793,434.4305555556,0.0,1.0,96.6779877778,0.0,0.5674892729,0.9344907407,434.4305555556,4000.0,76.6749138889,0.0
anti_uav410,4,anti_uav410.load_4,Anti-UAV410 load 4,AU-L04-W08,HiGHS-MILP,30,0.0841440985,434.4305555556,0.0,1.0,32.5226683333,0.0,0.5664102825,0.9354166667,434.4305555556,0.9166666667,12.9796747222,0.0
anti_uav410,6,anti_uav410.load_6,Anti-UAV410 load 6,AU-L06-W01,CA-HMCD,30,0.1776852228,663.2944444444,0.7666666667,1.0,191.9820758333,0.1361111111,0.538566247,0.8726388889,52.0888888889,1748.9555555556,17.2717822223,0.0
anti_uav410,6,anti_uav410.load_6,Anti-UAV410 load 6,AU-L06-W01,Genetic-Algorithm,30,0.1976333877,663.2944444444,0.0,1.0,122.1743152778,0.0,0.5555146781,0.9091203704,663.2944444444,4000.0,92.7317572222,0.0
anti_uav410,6,anti_uav410.load_6,Anti-UAV410 load 6,AU-L06-W01,HiGHS-MILP,30,0.1938439047,663.2944444444,0.0,1.0,45.7012455555,0.0,0.552902823,0.9104166667,663.2944444444,1.0,16.7539225,0.0
anti_uav410,6,anti_uav410.load_6,Anti-UAV410 load 6,AU-L06-W02,CA-HMCD,30,-0.0020285344,503.5111111111,0.6333333333,1.0,148.0509105555,0.0583333333,0.4877160732,0.7643518519,42.2027777778,1048.3444444444,9.9667469445,0.0
anti_uav410,6,anti_uav410.load_6,Anti-UAV410 load 6,AU-L06-W02,Genetic-Algorithm,30,0.0005409439,503.5111111111,0.0,1.0,116.6969433333,0.0,0.4899463225,0.7756944444,503.5111111111,4000.0,87.7362488889,0.0
anti_uav410,6,anti_uav410.load_6,Anti-UAV410 load 6,AU-L06-W02,HiGHS-MILP,30,0.0096625312,503.5111111111,0.0,1.0,43.485655,0.0,0.4941885866,0.7833333333,503.5111111111,1.0,14.8402661111,0.0
anti_uav410,6,anti_uav410.load_6,Anti-UAV410 load 6,AU-L06-W03,CA-HMCD,30,0.2869981851,698.9361111111,0.9333333333,1.0,207.2901563889,0.2166666667,0.5436373779,0.8631944444,56.3555555556,2110.9444444444,22.8148316666,0.0
anti_uav410,6,anti_uav410.load_6,Anti-UAV410 load 6,AU-L06-W03,Genetic-Algorithm,30,0.3437177208,698.9361111111,0.0,1.0,129.0355513889,0.0,0.5730732848,0.9372222222,698.9361111111,4000.0,97.2770166667,0.0
anti_uav410,6,anti_uav410.load_6,Anti-UAV410 load 6,AU-L06-W03,HiGHS-MILP,30,0.3531878739,698.9361111111,0.0,1.0,51.1205061111,0.0,0.5725999206,0.9391666667,698.9361111111,1.0,19.9614086112,0.0
anti_uav410,6,anti_uav410.load_6,Anti-UAV410 load 6,AU-L06-W04,CA-HMCD,30,0.1085017798,657.1388888889,0.9333333333,1.0,193.8198252778,0.2527777778,0.5336994526,0.8970833333,53.8472222222,2398.3388888889,24.2608472222,0.0
anti_uav410,6,anti_uav410.load_6,Anti-UAV410 load 6,AU-L06-W04,Genetic-Algorithm,30,0.1225007158,657.1388888889,0.0,1.0,124.1574122223,0.0,0.5419164257,0.9136574074,657.1388888889,4000.0,93.7703241667,0.0
anti_uav410,6,anti_uav410.load_6,Anti-UAV410 load 6,AU-L06-W04,HiGHS-MILP,30,0.1237739278,657.1388888889,0.0,1.0,46.6046330556,0.0,0.5448409262,0.9280555556,657.1388888889,1.0,16.8082494444,0.0
anti_uav410,6,anti_uav410.load_6,Anti-UAV410 load 6,AU-L06-W05,CA-HMCD,30,0.1902189482,646.4,0.8333333333,1.0,187.4616127778,0.1472222222,0.5423446034,0.8747685185,52.0,1798.0555555556,18.2512880556,0.0
anti_uav410,6,anti_uav410.load_6,Anti-UAV410 load 6,AU-L06-W05,Genetic-Algorithm,30,0.2253775608,646.4,0.0,1.0,123.0272216667,0.0,0.5661278192,0.9337962963,646.4,4000.0,93.4707127778,0.0
anti_uav410,6,anti_uav410.load_6,Anti-UAV410 load 6,AU-L06-W05,HiGHS-MILP,30,0.2211155752,646.4,0.0,1.0,46.2454255555,0.0,0.5631569041,0.9333333333,646.4,1.0,17.4182355556,0.0
anti_uav410,6,anti_uav410.load_6,Anti-UAV410 load 6,AU-L06-W06,CA-HMCD,30,0.0955413287,568.4333333333,0.5,1.0,163.7351436111,0.0805555556,0.5260435341,0.818287037,47.5805555556,1412.5583333333,14.4963677778,0.0
anti_uav410,6,anti_uav410.load_6,Anti-UAV410 load 6,AU-L06-W06,Genetic-Algorithm,30,0.1147702579,568.4333333333,0.0,1.0,119.9922919444,0.0,0.5451941446,0.8599537037,568.4333333333,4000.0,91.1280263889,0.0
anti_uav410,6,anti_uav410.load_6,Anti-UAV410 load 6,AU-L06-W06,HiGHS-MILP,30,0.1295205787,568.4333333333,0.0,1.0,44.5077002778,0.0,0.5452787708,0.8673611111,568.4333333333,1.0,16.3355355556,0.0
anti_uav410,8,anti_uav410.load_8,Anti-UAV410 load 8,AU-L08-W01,CA-HMCD,30,0.1757220692,847.9666666667,1.0,1.0,248.4639366666,0.5861111111,0.5090922397,0.8120667989,67.2055555556,3157.1083333333,27.8743258333,0.0
anti_uav410,8,anti_uav410.load_8,Anti-UAV410 load 8,AU-L08-W01,Genetic-Algorithm,30,0.2532951942,847.9666666667,0.0,1.0,146.8835708333,0.0,0.5410516949,0.9075396825,847.9666666667,4000.0,108.5454775,0.0
anti_uav410,8,anti_uav410.load_8,Anti-UAV410 load 8,AU-L08-W01,HiGHS-MILP,30,0.2691098371,847.9666666667,0.0,1.0,59.4081230556,0.0,0.5444320289,0.9189980159,847.9666666667,1.0,21.4152163889,0.0
anti_uav410,8,anti_uav410.load_8,Anti-UAV410 load 8,AU-L08-W02,CA-HMCD,30,-0.011272138,814.9666666667,1.0,1.0,243.8667233333,0.6777777778,0.4843063269,0.778207672,64.225,3300.3027777778,29.6997144445,0.0
anti_uav410,8,anti_uav410.load_8,Anti-UAV410 load 8,AU-L08-W02,Genetic-Algorithm,30,0.0284085528,814.9666666667,0.0,1.0,143.6858336111,0.0,0.5051739991,0.8458167989,814.9666666667,4000.0,104.8093122222,0.0
anti_uav410,8,anti_uav410.load_8,Anti-UAV410 load 8,AU-L08-W02,HiGHS-MILP,30,0.0409727536,814.9666666667,0.0,1.0,55.7377925,0.0,0.5074539624,0.8496858466,814.9666666667,1.0,17.9232377777,0.0
anti_uav410,8,anti_uav410.load_8,Anti-UAV410 load 8,AU-L08-W03,CA-HMCD,30,0.1771662524,877.6666666667,1.0,1.0,262.0715563889,0.7166666667,0.5092214206,0.8339451058,71.4583333333,3426.4694444444,33.3247519445,0.0
anti_uav410,8,anti_uav410.load_8,Anti-UAV410 load 8,AU-L08-W03,Genetic-Algorithm,30,0.2136174991,877.6666666667,0.0,1.0,148.2026644444,0.0,0.5339082299,0.915625,877.6666666667,4000.0,108.4907383333,0.0
anti_uav410,8,anti_uav410.load_8,Anti-UAV410 load 8,AU-L08-W03,HiGHS-MILP,30,0.2528171968,877.6666666667,0.0,1.0,59.8808261111,0.0,0.5388386835,0.9270833333,877.6666666667,1.0,20.741995,0.0
anti_uav410,8,anti_uav410.load_8,Anti-UAV410 load 8,AU-L08-W04,CA-HMCD,30,0.0358751429,769.5444444444,1.0,1.0,228.3514597222,0.6527777778,0.4989943212,0.7914021164,64.6916666667,3270.9083333333,27.5060258334,0.0
anti_uav410,8,anti_uav410.load_8,Anti-UAV410 load 8,AU-L08-W04,Genetic-Algorithm,30,0.0732165722,769.5444444444,0.0,1.0,143.0884477778,0.0,0.5231086848,0.8611441799,769.5444444444,4000.0,105.04565,0.0
anti_uav410,8,anti_uav410.load_8,Anti-UAV410 load 8,AU-L08-W04,HiGHS-MILP,30,0.0684591077,769.5444444444,0.0,1.0,54.7392769444,0.0,0.5227178712,0.8644510582,769.5444444444,1.0,17.2254075,0.0
uzh_fpv,1,uzh_fpv.load_1,UZH-FPV single-target replay,indoor_45_12,CA-HMCD,30,0.0257777345,133.8027777778,0.0,1.0,35.577916389,0.0,0.5640650307,0.9055555556,11.0,8.0222222222,0.1558172222,0.0
uzh_fpv,1,uzh_fpv.load_1,UZH-FPV single-target replay,indoor_45_12,Genetic-Algorithm,30,0.0257777345,133.8027777778,0.0,1.0,52.8594766667,0.0,0.5640650307,0.9055555556,133.8027777778,4000.0,46.4397705555,0.0
uzh_fpv,1,uzh_fpv.load_1,UZH-FPV single-target replay,indoor_45_12,HiGHS-MILP,30,0.0257777345,133.8027777778,0.0,1.0,9.3597316666,0.0,0.5640650307,0.9055555556,133.8027777778,0.0,3.0106922222,0.0
uzh_fpv,1,uzh_fpv.load_1,UZH-FPV single-target replay,indoor_45_13,CA-HMCD,30,0.0294166437,132.9583333333,0.0,1.0,35.7140375,0.0,0.5645554098,0.9083333333,10.9861111111,7.3138888889,0.1504658333,0.0
uzh_fpv,1,uzh_fpv.load_1,UZH-FPV single-target replay,indoor_45_13,Genetic-Algorithm,30,0.0294166437,132.9583333333,0.0,1.0,53.2236644445,0.0,0.5645554098,0.9083333333,132.9583333333,4000.0,46.7690305555,0.0
uzh_fpv,1,uzh_fpv.load_1,UZH-FPV single-target replay,indoor_45_13,HiGHS-MILP,30,0.0294166437,132.9583333333,0.0,1.0,9.4969116667,0.0,0.5645554098,0.9083333333,132.9583333333,0.0,3.037065,0.0
uzh_fpv,1,uzh_fpv.load_1,UZH-FPV single-target replay,indoor_45_14,CA-HMCD,30,-0.0041943009,116.0666666667,0.0,1.0,32.1632036111,0.0,0.4644022695,0.7527777778,9.2111111111,6.9805555556,0.1403197222,0.0
uzh_fpv,1,uzh_fpv.load_1,UZH-FPV single-target replay,indoor_45_14,Genetic-Algorithm,30,-0.0041943009,116.0666666667,0.0,1.0,52.0842086111,0.0,0.4644022695,0.7527777778,116.0666666667,4000.0,45.7335569445,0.0
uzh_fpv,1,uzh_fpv.load_1,UZH-FPV single-target replay,indoor_45_14,HiGHS-MILP,30,-0.0041943009,116.0666666667,0.0,1.0,8.9665511111,0.0,0.4644022695,0.7527777778,116.0666666667,0.0,2.6608180555,0.0
uzh_fpv,1,uzh_fpv.load_1,UZH-FPV single-target replay,indoor_45_2,CA-HMCD,30,-0.0146338225,116.1333333333,0.0,1.0,31.8830247222,0.0,0.4870289391,0.7861111111,9.9305555556,7.9722222222,0.1490941667,0.0
uzh_fpv,1,uzh_fpv.load_1,UZH-FPV single-target replay,indoor_45_2,Genetic-Algorithm,30,-0.0146338225,116.1333333333,0.0,1.0,51.6231227778,0.0,0.4870289391,0.7861111111,116.1333333333,4000.0,45.2536480556,0.0
uzh_fpv,1,uzh_fpv.load_1,UZH-FPV single-target replay,indoor_45_2,HiGHS-MILP,30,-0.0146338225,116.1333333333,0.0,1.0,9.052005,0.0,0.4870289391,0.7861111111,116.1333333333,0.0,2.6644636111,0.0
uzh_fpv,1,uzh_fpv.load_1,UZH-FPV single-target replay,indoor_45_4,CA-HMCD,30,-0.0275213167,116.3861111111,0.0,1.0,32.3735461111,0.0,0.4030686995,0.6472222222,9.0,8.7416666667,0.1525297222,0.0
uzh_fpv,1,uzh_fpv.load_1,UZH-FPV single-target replay,indoor_45_4,Genetic-Algorithm,30,-0.0275213167,116.3861111111,0.0,1.0,54.7794422222,0.0,0.4030686995,0.6472222222,116.3861111111,4000.0,48.0539063889,0.0
uzh_fpv,1,uzh_fpv.load_1,UZH-FPV single-target replay,indoor_45_4,HiGHS-MILP,30,-0.0275213167,116.3861111111,0.0,1.0,9.3118863889,0.0,0.4030686995,0.6472222222,116.3861111111,0.0,2.6726908334,0.0
uzh_fpv,1,uzh_fpv.load_1,UZH-FPV single-target replay,indoor_45_9,CA-HMCD,30,-0.0416695314,103.1277777778,0.0,1.0,29.3836033333,0.0,0.3646453766,0.5833333333,8.0,6.7166666667,0.132975,0.0
uzh_fpv,1,uzh_fpv.load_1,UZH-FPV single-target replay,indoor_45_9,Genetic-Algorithm,30,-0.0416695314,103.1277777778,0.0,1.0,55.2401397223,0.0,0.3646453766,0.5833333333,103.1277777778,4000.0,48.4021972222,0.0
uzh_fpv,1,uzh_fpv.load_1,UZH-FPV single-target replay,indoor_45_9,HiGHS-MILP,30,-0.0416695314,103.1277777778,0.0,1.0,9.0740097222,0.0,0.3646453766,0.5833333333,103.1277777778,0.0,2.3589441667,0.0
uzh_fpv,1,uzh_fpv.load_1,UZH-FPV single-target replay,indoor_forward_10,CA-HMCD,30,0.0120711933,140.4722222222,0.0,1.0,37.5225166666,0.0,0.5486767744,0.8861111111,11.0,7.9944444444,0.1536494444,0.0
uzh_fpv,1,uzh_fpv.load_1,UZH-FPV single-target replay,indoor_forward_10,Genetic-Algorithm,30,0.0120711933,140.4722222222,0.0,1.0,53.734975,0.0,0.5486767744,0.8861111111,140.4722222222,4000.0,47.1713916667,0.0
uzh_fpv,1,uzh_fpv.load_1,UZH-FPV single-target replay,indoor_forward_10,HiGHS-MILP,30,0.0120711933,140.4722222222,0.0,1.0,9.3702369445,0.0,0.5486767744,0.8861111111,140.4722222222,0.0,2.9858783333,0.0
uzh_fpv,1,uzh_fpv.load_1,UZH-FPV single-target replay,indoor_forward_3,CA-HMCD,30,0.0398058701,141.775,0.0,1.0,38.2559847222,0.0,0.5648366084,0.9083333333,11.0,8.4555555556,0.15858,0.0
uzh_fpv,1,uzh_fpv.load_1,UZH-FPV single-target replay,indoor_forward_3,Genetic-Algorithm,30,0.0398058701,141.775,0.0,1.0,55.4193391667,0.0,0.5648366084,0.9083333333,141.775,4000.0,48.6897905556,0.0
uzh_fpv,1,uzh_fpv.load_1,UZH-FPV single-target replay,indoor_forward_3,HiGHS-MILP,30,0.0398058701,141.775,0.0,1.0,9.6320205555,0.0,0.5648366084,0.9083333333,141.775,0.0,3.1240705556,0.0
uzh_fpv,1,uzh_fpv.load_1,UZH-FPV single-target replay,indoor_forward_5,CA-HMCD,30,-0.0405230842,102.5777777778,0.0,1.0,28.8377483333,0.0,0.4110852927,0.6583333333,8.8916666667,6.7361111111,0.1358966667,0.0
uzh_fpv,1,uzh_fpv.load_1,UZH-FPV single-target replay,indoor_forward_5,Genetic-Algorithm,30,-0.0405230842,102.5777777778,0.0,1.0,52.3064052778,0.0,0.4110852927,0.6583333333,102.5777777778,4000.0,45.8201577778,0.0
uzh_fpv,1,uzh_fpv.load_1,UZH-FPV single-target replay,indoor_forward_5,HiGHS-MILP,30,-0.0405230842,102.5777777778,0.0,1.0,8.6853886111,0.0,0.4110852927,0.6583333333,102.5777777778,0.0,2.3193408334,0.0
uzh_fpv,1,uzh_fpv.load_1,UZH-FPV single-target replay,indoor_forward_6,CA-HMCD,30,-0.0039637882,146.3972222222,0.0,1.0,40.0514088888,0.0,0.5577734322,0.8972222222,11.0,6.2722222222,0.1422275,0.0
uzh_fpv,1,uzh_fpv.load_1,UZH-FPV single-target replay,indoor_forward_6,Genetic-Algorithm,30,-0.0039637882,146.3972222222,0.0,1.0,52.2736447222,0.0,0.5577734322,0.8972222222,146.3972222222,4000.0,45.601835,0.0
uzh_fpv,1,uzh_fpv.load_1,UZH-FPV single-target replay,indoor_forward_6,HiGHS-MILP,30,-0.0039637882,146.3972222222,0.0,1.0,9.4994905555,0.0,0.5577734322,0.8972222222,146.3972222222,0.0,2.8813763889,0.0
uzh_fpv,1,uzh_fpv.load_1,UZH-FPV single-target replay,indoor_forward_7,CA-HMCD,30,-0.0103295222,142.7472222222,0.0,1.0,38.6826919444,0.0,0.538410507,0.8638888889,11.0,5.575,0.1371155556,0.0
uzh_fpv,1,uzh_fpv.load_1,UZH-FPV single-target replay,indoor_forward_7,Genetic-Algorithm,30,-0.0103295222,142.7472222222,0.0,1.0,51.9261241667,0.0,0.538410507,0.8638888889,142.7472222222,4000.0,45.4487261111,0.0
uzh_fpv,1,uzh_fpv.load_1,UZH-FPV single-target replay,indoor_forward_7,HiGHS-MILP,30,-0.0103295222,142.7472222222,0.0,1.0,9.2159683334,0.0,0.538410507,0.8638888889,142.7472222222,0.0,2.8299136111,0.0
uzh_fpv,1,uzh_fpv.load_1,UZH-FPV single-target replay,indoor_forward_9,CA-HMCD,30,-0.0070479154,142.8,0.0,1.0,38.4999316666,0.0,0.5546268636,0.8944444444,11.0,5.8805555556,0.1389172223,0.0
uzh_fpv,1,uzh_fpv.load_1,UZH-FPV single-target replay,indoor_forward_9,Genetic-Algorithm,30,-0.0070479154,142.8,0.0,1.0,52.3536458333,0.0,0.5546268636,0.8944444444,142.8,4000.0,45.8451061111,0.0
uzh_fpv,1,uzh_fpv.load_1,UZH-FPV single-target replay,indoor_forward_9,HiGHS-MILP,30,-0.0070479154,142.8,0.0,1.0,9.2676536111,0.0,0.5546268636,0.8944444444,142.8,0.0,2.8608194444,0.0
uzh_fpv,1,uzh_fpv.load_1,UZH-FPV single-target replay,outdoor_45_1,CA-HMCD,30,0.0071833824,139.4666666667,0.0,1.0,37.5523088888,0.0,0.5462657917,0.875,11.0,8.4555555556,0.1621508333,0.0
uzh_fpv,1,uzh_fpv.load_1,UZH-FPV single-target replay,outdoor_45_1,Genetic-Algorithm,30,0.0071833824,139.4666666667,0.0,1.0,54.6549083333,0.0,0.5462657917,0.875,139.4666666667,4000.0,48.0076516667,0.0
uzh_fpv,1,uzh_fpv.load_1,UZH-FPV single-target replay,outdoor_45_1,HiGHS-MILP,30,0.0071833824,139.4666666667,0.0,1.0,9.4694938889,0.0,0.5462657917,0.875,139.4666666667,0.0,3.0256377778,0.0
uzh_fpv,1,uzh_fpv.load_1,UZH-FPV single-target replay,outdoor_forward_1,CA-HMCD,30,0.0029071724,129.3472222222,0.0,1.0,35.3577955556,0.0,0.5664419598,0.9111111111,10.6694444444,7.375,0.1491752777,0.0
uzh_fpv,1,uzh_fpv.load_1,UZH-FPV single-target replay,outdoor_forward_1,Genetic-Algorithm,30,0.0029071724,129.3472222222,0.0,1.0,56.2120325,0.0,0.5664419598,0.9111111111,129.3472222222,4000.0,49.3278886111,0.0
uzh_fpv,1,uzh_fpv.load_1,UZH-FPV single-target replay,outdoor_forward_1,HiGHS-MILP,30,0.0029071724,129.3472222222,0.0,1.0,9.8945669444,0.0,0.5664419598,0.9111111111,129.3472222222,0.0,2.9851177778,0.0
uzh_fpv,1,uzh_fpv.load_1,UZH-FPV single-target replay,outdoor_forward_3,CA-HMCD,30,-0.0074841385,143.4777777778,0.0,1.0,39.6894358334,0.0,0.5483764364,0.8805555556,11.0,6.8777777778,0.1490413889,0.0
uzh_fpv,1,uzh_fpv.load_1,UZH-FPV single-target replay,outdoor_forward_3,Genetic-Algorithm,30,-0.0074841385,143.4777777778,0.0,1.0,54.1018827778,0.0,0.5483764364,0.8805555556,143.4777777778,4000.0,47.3770913888,0.0
uzh_fpv,1,uzh_fpv.load_1,UZH-FPV single-target replay,outdoor_forward_3,HiGHS-MILP,30,-0.0074841385,143.4777777778,0.0,1.0,9.7078447222,0.0,0.5483764364,0.8805555556,143.4777777778,0.0,2.945445,0.0
uzh_fpv,1,uzh_fpv.load_1,UZH-FPV single-target replay,outdoor_forward_5,CA-HMCD,30,0.0106314771,144.5805555556,0.0,1.0,39.9000852778,0.0,0.5624807394,0.9083333333,11.0,8.4138888889,0.160065,0.0
uzh_fpv,1,uzh_fpv.load_1,UZH-FPV single-target replay,outdoor_forward_5,Genetic-Algorithm,30,0.0106314771,144.5805555556,0.0,1.0,52.6873286111,0.0,0.5624807394,0.9083333333,144.5805555556,4000.0,46.1386863889,0.0
uzh_fpv,1,uzh_fpv.load_1,UZH-FPV single-target replay,outdoor_forward_5,HiGHS-MILP,30,0.0106314771,144.5805555556,0.0,1.0,9.4659858333,0.0,0.5624807394,0.9083333333,144.5805555556,0.0,2.9827494444,0.0
