dataset,task_load,stratum_id,stratum_label,independent_cluster,baseline,seeds_with_common_tasks,seeds_without_common_tasks,common_task_period_count,reference_mean_response_time,baseline_mean_response_time
anti_uav410,2,anti_uav410.load_2,Anti-UAV410 load 2,AU-L02-W01,Genetic-Algorithm,30,0,330,0.4078553448,0.4079008776
anti_uav410,2,anti_uav410.load_2,Anti-UAV410 load 2,AU-L02-W01,HiGHS-MILP,30,0,330,0.4078553448,0.4078553448
anti_uav410,2,anti_uav410.load_2,Anti-UAV410 load 2,AU-L02-W02,Genetic-Algorithm,30,0,600,0.3469453215,0.3468062373
anti_uav410,2,anti_uav410.load_2,Anti-UAV410 load 2,AU-L02-W02,HiGHS-MILP,30,0,600,0.3469453215,0.3469453215
anti_uav410,2,anti_uav410.load_2,Anti-UAV410 load 2,AU-L02-W03,Genetic-Algorithm,30,0,630,0.4408461596,0.4408461596
anti_uav410,2,anti_uav410.load_2,Anti-UAV410 load 2,AU-L02-W03,HiGHS-MILP,30,0,630,0.4408461596,0.4408461596
anti_uav410,2,anti_uav410.load_2,Anti-UAV410 load 2,AU-L02-W04,Genetic-Algorithm,30,0,570,0.3779942216,0.3779743329
anti_uav410,2,anti_uav410.load_2,Anti-UAV410 load 2,AU-L02-W04,HiGHS-MILP,30,0,570,0.3779942216,0.3779942216
anti_uav410,2,anti_uav410.load_2,Anti-UAV410 load 2,AU-L02-W05,Genetic-Algorithm,30,0,539,0.4708788165,0.471411258
anti_uav410,2,anti_uav410.load_2,Anti-UAV410 load 2,AU-L02-W05,HiGHS-MILP,30,0,539,0.4708788165,0.4708788165
anti_uav410,2,anti_uav410.load_2,Anti-UAV410 load 2,AU-L02-W06,Genetic-Algorithm,30,0,360,0.4167233649,0.4167233649
anti_uav410,2,anti_uav410.load_2,Anti-UAV410 load 2,AU-L02-W06,HiGHS-MILP,30,0,360,0.4167233649,0.4167233649
anti_uav410,2,anti_uav410.load_2,Anti-UAV410 load 2,AU-L02-W07,Genetic-Algorithm,30,0,540,0.3903464246,0.3902426833
anti_uav410,2,anti_uav410.load_2,Anti-UAV410 load 2,AU-L02-W07,HiGHS-MILP,30,0,540,0.3903464246,0.3903464246
anti_uav410,2,anti_uav410.load_2,Anti-UAV410 load 2,AU-L02-W08,Genetic-Algorithm,30,0,528,0.3957277755,0.3957277755
anti_uav410,2,anti_uav410.load_2,Anti-UAV410 load 2,AU-L02-W08,HiGHS-MILP,30,0,528,0.3957277755,0.3957277755
anti_uav410,2,anti_uav410.load_2,Anti-UAV410 load 2,AU-L02-W09,Genetic-Algorithm,30,0,481,0.4937483962,0.4937483962
anti_uav410,2,anti_uav410.load_2,Anti-UAV410 load 2,AU-L02-W09,HiGHS-MILP,30,0,481,0.4937483962,0.4937483962
anti_uav410,2,anti_uav410.load_2,Anti-UAV410 load 2,AU-L02-W10,Genetic-Algorithm,30,0,360,0.4521204575,0.4540611922
anti_uav410,2,anti_uav410.load_2,Anti-UAV410 load 2,AU-L02-W10,HiGHS-MILP,30,0,360,0.4521204575,0.4521204575
anti_uav410,4,anti_uav410.load_4,Anti-UAV410 load 4,AU-L04-W01,Genetic-Algorithm,30,0,908,0.4355059181,0.4355220505
anti_uav410,4,anti_uav410.load_4,Anti-UAV410 load 4,AU-L04-W01,HiGHS-MILP,30,0,908,0.4355059181,0.4355142225
anti_uav410,4,anti_uav410.load_4,Anti-UAV410 load 4,AU-L04-W02,Genetic-Algorithm,30,0,871,0.3939202493,0.3951126331
anti_uav410,4,anti_uav410.load_4,Anti-UAV410 load 4,AU-L04-W02,HiGHS-MILP,30,0,877,0.3927158999,0.3927723466
anti_uav410,4,anti_uav410.load_4,Anti-UAV410 load 4,AU-L04-W03,Genetic-Algorithm,30,0,1062,0.4529616341,0.4550409565
anti_uav410,4,anti_uav410.load_4,Anti-UAV410 load 4,AU-L04-W03,HiGHS-MILP,30,0,1063,0.452935915,0.4530819248
anti_uav410,4,anti_uav410.load_4,Anti-UAV410 load 4,AU-L04-W04,Genetic-Algorithm,30,0,925,0.4164556383,0.4182489921
anti_uav410,4,anti_uav410.load_4,Anti-UAV410 load 4,AU-L04-W04,HiGHS-MILP,30,0,926,0.4164782523,0.4164782523
anti_uav410,4,anti_uav410.load_4,Anti-UAV410 load 4,AU-L04-W05,Genetic-Algorithm,30,0,1030,0.3852761067,0.3866787701
anti_uav410,4,anti_uav410.load_4,Anti-UAV410 load 4,AU-L04-W05,HiGHS-MILP,30,0,1035,0.3845752283,0.3845752283
anti_uav410,4,anti_uav410.load_4,Anti-UAV410 load 4,AU-L04-W06,Genetic-Algorithm,30,0,1072,0.3954395247,0.395461027
anti_uav410,4,anti_uav410.load_4,Anti-UAV410 load 4,AU-L04-W06,HiGHS-MILP,30,0,1077,0.3955819216,0.3955819216
anti_uav410,4,anti_uav410.load_4,Anti-UAV410 load 4,AU-L04-W07,Genetic-Algorithm,30,0,988,0.484145968,0.4872303168
anti_uav410,4,anti_uav410.load_4,Anti-UAV410 load 4,AU-L04-W07,HiGHS-MILP,30,0,988,0.484145968,0.484145968
anti_uav410,4,anti_uav410.load_4,Anti-UAV410 load 4,AU-L04-W08,Genetic-Algorithm,30,0,1029,0.4829805388,0.4833442564
anti_uav410,4,anti_uav410.load_4,Anti-UAV410 load 4,AU-L04-W08,HiGHS-MILP,30,0,1030,0.4831131796,0.4831131796
anti_uav410,6,anti_uav410.load_6,Anti-UAV410 load 6,AU-L06-W01,Genetic-Algorithm,30,0,1395,0.454799374,0.4626488789
anti_uav410,6,anti_uav410.load_6,Anti-UAV410 load 6,AU-L06-W01,HiGHS-MILP,30,0,1401,0.4543274259,0.4557253205
anti_uav410,6,anti_uav410.load_6,Anti-UAV410 load 6,AU-L06-W02,Genetic-Algorithm,30,0,1230,0.4614134382,0.4610324673
anti_uav410,6,anti_uav410.load_6,Anti-UAV410 load 6,AU-L06-W02,HiGHS-MILP,30,0,1244,0.4611746612,0.4614827638
anti_uav410,6,anti_uav410.load_6,Anti-UAV410 load 6,AU-L06-W03,Genetic-Algorithm,30,0,1510,0.3857260856,0.396610874
anti_uav410,6,anti_uav410.load_6,Anti-UAV410 load 6,AU-L06-W03,HiGHS-MILP,30,0,1514,0.3855857975,0.3930998817
anti_uav410,6,anti_uav410.load_6,Anti-UAV410 load 6,AU-L06-W04,Genetic-Algorithm,30,0,1508,0.4965074169,0.5029464184
anti_uav410,6,anti_uav410.load_6,Anti-UAV410 load 6,AU-L06-W04,HiGHS-MILP,30,0,1534,0.4956414439,0.5002788823
anti_uav410,6,anti_uav410.load_6,Anti-UAV410 load 6,AU-L06-W05,Genetic-Algorithm,30,0,1433,0.4476248722,0.4579511163
anti_uav410,6,anti_uav410.load_6,Anti-UAV410 load 6,AU-L06-W05,HiGHS-MILP,30,0,1434,0.4478489055,0.4540630541
anti_uav410,6,anti_uav410.load_6,Anti-UAV410 load 6,AU-L06-W06,Genetic-Algorithm,30,0,1313,0.4224173831,0.4334965844
anti_uav410,6,anti_uav410.load_6,Anti-UAV410 load 6,AU-L06-W06,HiGHS-MILP,30,0,1328,0.420965973,0.4274140923
anti_uav410,8,anti_uav410.load_8,Anti-UAV410 load 8,AU-L08-W01,Genetic-Algorithm,30,0,1714,0.3941597434,0.4071101509
anti_uav410,8,anti_uav410.load_8,Anti-UAV410 load 8,AU-L08-W01,HiGHS-MILP,30,0,1725,0.3941950747,0.4027524895
anti_uav410,8,anti_uav410.load_8,Anti-UAV410 load 8,AU-L08-W02,Genetic-Algorithm,30,0,1713,0.4197622161,0.4243577461
anti_uav410,8,anti_uav410.load_8,Anti-UAV410 load 8,AU-L08-W02,HiGHS-MILP,30,0,1722,0.4198137073,0.4252568504
anti_uav410,8,anti_uav410.load_8,Anti-UAV410 load 8,AU-L08-W03,Genetic-Algorithm,30,0,1824,0.4241165912,0.4318408971
anti_uav410,8,anti_uav410.load_8,Anti-UAV410 load 8,AU-L08-W03,HiGHS-MILP,30,0,1847,0.4230927489,0.4266637363
anti_uav410,8,anti_uav410.load_8,Anti-UAV410 load 8,AU-L08-W04,Genetic-Algorithm,30,0,1712,0.4099265913,0.4179289175
anti_uav410,8,anti_uav410.load_8,Anti-UAV410 load 8,AU-L08-W04,HiGHS-MILP,30,0,1718,0.4105116249,0.4154457907
uzh_fpv,1,uzh_fpv.load_1,UZH-FPV single-target replay,indoor_45_12,Genetic-Algorithm,30,0,326,0.4097371128,0.4097371128
uzh_fpv,1,uzh_fpv.load_1,UZH-FPV single-target replay,indoor_45_12,HiGHS-MILP,30,0,326,0.4097371128,0.4097371128
uzh_fpv,1,uzh_fpv.load_1,UZH-FPV single-target replay,indoor_45_13,Genetic-Algorithm,30,0,327,0.4029470619,0.4029470619
uzh_fpv,1,uzh_fpv.load_1,UZH-FPV single-target replay,indoor_45_13,HiGHS-MILP,30,0,327,0.4029470619,0.4029470619
uzh_fpv,1,uzh_fpv.load_1,UZH-FPV single-target replay,indoor_45_14,Genetic-Algorithm,30,0,271,0.395919871,0.395919871
uzh_fpv,1,uzh_fpv.load_1,UZH-FPV single-target replay,indoor_45_14,HiGHS-MILP,30,0,271,0.395919871,0.395919871
uzh_fpv,1,uzh_fpv.load_1,UZH-FPV single-target replay,indoor_45_2,Genetic-Algorithm,30,0,283,0.4089091808,0.4089091808
uzh_fpv,1,uzh_fpv.load_1,UZH-FPV single-target replay,indoor_45_2,HiGHS-MILP,30,0,283,0.4089091808,0.4089091808
uzh_fpv,1,uzh_fpv.load_1,UZH-FPV single-target replay,indoor_45_4,Genetic-Algorithm,30,0,233,0.4048234988,0.4048234988
uzh_fpv,1,uzh_fpv.load_1,UZH-FPV single-target replay,indoor_45_4,HiGHS-MILP,30,0,233,0.4048234988,0.4048234988
uzh_fpv,1,uzh_fpv.load_1,UZH-FPV single-target replay,indoor_45_9,Genetic-Algorithm,30,0,210,0.3958770836,0.3958770836
uzh_fpv,1,uzh_fpv.load_1,UZH-FPV single-target replay,indoor_45_9,HiGHS-MILP,30,0,210,0.3958770836,0.3958770836
uzh_fpv,1,uzh_fpv.load_1,UZH-FPV single-target replay,indoor_forward_10,Genetic-Algorithm,30,0,319,0.3882341372,0.3882341372
uzh_fpv,1,uzh_fpv.load_1,UZH-FPV single-target replay,indoor_forward_10,HiGHS-MILP,30,0,319,0.3882341372,0.3882341372
uzh_fpv,1,uzh_fpv.load_1,UZH-FPV single-target replay,indoor_forward_3,Genetic-Algorithm,30,0,327,0.3870920449,0.3870920449
uzh_fpv,1,uzh_fpv.load_1,UZH-FPV single-target replay,indoor_forward_3,HiGHS-MILP,30,0,327,0.3870920449,0.3870920449
uzh_fpv,1,uzh_fpv.load_1,UZH-FPV single-target replay,indoor_forward_5,Genetic-Algorithm,30,0,237,0.3875909733,0.3875909733
uzh_fpv,1,uzh_fpv.load_1,UZH-FPV single-target replay,indoor_forward_5,HiGHS-MILP,30,0,237,0.3875909733,0.3875909733
uzh_fpv,1,uzh_fpv.load_1,UZH-FPV single-target replay,indoor_forward_6,Genetic-Algorithm,30,0,323,0.3971586242,0.3971586242
uzh_fpv,1,uzh_fpv.load_1,UZH-FPV single-target replay,indoor_forward_6,HiGHS-MILP,30,0,323,0.3971586242,0.3971586242
uzh_fpv,1,uzh_fpv.load_1,UZH-FPV single-target replay,indoor_forward_7,Genetic-Algorithm,30,0,311,0.385118651,0.385118651
uzh_fpv,1,uzh_fpv.load_1,UZH-FPV single-target replay,indoor_forward_7,HiGHS-MILP,30,0,311,0.385118651,0.385118651
uzh_fpv,1,uzh_fpv.load_1,UZH-FPV single-target replay,indoor_forward_9,Genetic-Algorithm,30,0,322,0.384839566,0.384839566
uzh_fpv,1,uzh_fpv.load_1,UZH-FPV single-target replay,indoor_forward_9,HiGHS-MILP,30,0,322,0.384839566,0.384839566
uzh_fpv,1,uzh_fpv.load_1,UZH-FPV single-target replay,outdoor_45_1,Genetic-Algorithm,30,0,315,0.4326389913,0.4326389913
uzh_fpv,1,uzh_fpv.load_1,UZH-FPV single-target replay,outdoor_45_1,HiGHS-MILP,30,0,315,0.4326389913,0.4326389913
uzh_fpv,1,uzh_fpv.load_1,UZH-FPV single-target replay,outdoor_forward_1,Genetic-Algorithm,30,0,328,0.4235672813,0.4235672813
uzh_fpv,1,uzh_fpv.load_1,UZH-FPV single-target replay,outdoor_forward_1,HiGHS-MILP,30,0,328,0.4235672813,0.4235672813
uzh_fpv,1,uzh_fpv.load_1,UZH-FPV single-target replay,outdoor_forward_3,Genetic-Algorithm,30,0,317,0.3929547361,0.3929547361
uzh_fpv,1,uzh_fpv.load_1,UZH-FPV single-target replay,outdoor_forward_3,HiGHS-MILP,30,0,317,0.3929547361,0.3929547361
uzh_fpv,1,uzh_fpv.load_1,UZH-FPV single-target replay,outdoor_forward_5,Genetic-Algorithm,30,0,327,0.4083427697,0.4083427697
uzh_fpv,1,uzh_fpv.load_1,UZH-FPV single-target replay,outdoor_forward_5,HiGHS-MILP,30,0,327,0.4083427697,0.4083427697
