family_id,section,dataset,task_load,metric,number_of_comparisons,comparisons,correction
computational.anti_uav410.load_2.end_to_end_runtime_ms,computational boundary,anti_uav410,2,end_to_end_runtime_ms,2,CA-HMCD vs HiGHS-MILP;CA-HMCD vs Genetic-Algorithm,Holm step-down within metric and replay stratum
computational.anti_uav410.load_2.fallback,computational boundary,anti_uav410,2,fallback,2,CA-HMCD vs HiGHS-MILP;CA-HMCD vs Genetic-Algorithm,Holm step-down within metric and replay stratum
computational.anti_uav410.load_2.node_limit_run_indicator,computational boundary,anti_uav410,2,node_limit_run_indicator,2,CA-HMCD vs HiGHS-MILP;CA-HMCD vs Genetic-Algorithm,Holm step-down within metric and replay stratum
computational.anti_uav410.load_2.solver_elapsed_ms,computational boundary,anti_uav410,2,solver_elapsed_ms,2,CA-HMCD vs HiGHS-MILP;CA-HMCD vs Genetic-Algorithm,Holm step-down within metric and replay stratum
computational.anti_uav410.load_4.end_to_end_runtime_ms,computational boundary,anti_uav410,4,end_to_end_runtime_ms,2,CA-HMCD vs HiGHS-MILP;CA-HMCD vs Genetic-Algorithm,Holm step-down within metric and replay stratum
computational.anti_uav410.load_4.fallback,computational boundary,anti_uav410,4,fallback,2,CA-HMCD vs HiGHS-MILP;CA-HMCD vs Genetic-Algorithm,Holm step-down within metric and replay stratum
computational.anti_uav410.load_4.node_limit_run_indicator,computational boundary,anti_uav410,4,node_limit_run_indicator,2,CA-HMCD vs HiGHS-MILP;CA-HMCD vs Genetic-Algorithm,Holm step-down within metric and replay stratum
computational.anti_uav410.load_4.solver_elapsed_ms,computational boundary,anti_uav410,4,solver_elapsed_ms,2,CA-HMCD vs HiGHS-MILP;CA-HMCD vs Genetic-Algorithm,Holm step-down within metric and replay stratum
computational.anti_uav410.load_6.end_to_end_runtime_ms,computational boundary,anti_uav410,6,end_to_end_runtime_ms,2,CA-HMCD vs HiGHS-MILP;CA-HMCD vs Genetic-Algorithm,Holm step-down within metric and replay stratum
computational.anti_uav410.load_6.fallback,computational boundary,anti_uav410,6,fallback,2,CA-HMCD vs HiGHS-MILP;CA-HMCD vs Genetic-Algorithm,Holm step-down within metric and replay stratum
computational.anti_uav410.load_6.node_limit_run_indicator,computational boundary,anti_uav410,6,node_limit_run_indicator,2,CA-HMCD vs HiGHS-MILP;CA-HMCD vs Genetic-Algorithm,Holm step-down within metric and replay stratum
computational.anti_uav410.load_6.solver_elapsed_ms,computational boundary,anti_uav410,6,solver_elapsed_ms,2,CA-HMCD vs HiGHS-MILP;CA-HMCD vs Genetic-Algorithm,Holm step-down within metric and replay stratum
computational.anti_uav410.load_8.end_to_end_runtime_ms,computational boundary,anti_uav410,8,end_to_end_runtime_ms,2,CA-HMCD vs HiGHS-MILP;CA-HMCD vs Genetic-Algorithm,Holm step-down within metric and replay stratum
computational.anti_uav410.load_8.fallback,computational boundary,anti_uav410,8,fallback,2,CA-HMCD vs HiGHS-MILP;CA-HMCD vs Genetic-Algorithm,Holm step-down within metric and replay stratum
computational.anti_uav410.load_8.node_limit_run_indicator,computational boundary,anti_uav410,8,node_limit_run_indicator,2,CA-HMCD vs HiGHS-MILP;CA-HMCD vs Genetic-Algorithm,Holm step-down within metric and replay stratum
computational.anti_uav410.load_8.solver_elapsed_ms,computational boundary,anti_uav410,8,solver_elapsed_ms,2,CA-HMCD vs HiGHS-MILP;CA-HMCD vs Genetic-Algorithm,Holm step-down within metric and replay stratum
computational.uzh_fpv.load_1.end_to_end_runtime_ms,computational boundary,uzh_fpv,1,end_to_end_runtime_ms,2,CA-HMCD vs HiGHS-MILP;CA-HMCD vs Genetic-Algorithm,Holm step-down within metric and replay stratum
computational.uzh_fpv.load_1.fallback,computational boundary,uzh_fpv,1,fallback,2,CA-HMCD vs HiGHS-MILP;CA-HMCD vs Genetic-Algorithm,Holm step-down within metric and replay stratum
computational.uzh_fpv.load_1.node_limit_run_indicator,computational boundary,uzh_fpv,1,node_limit_run_indicator,2,CA-HMCD vs HiGHS-MILP;CA-HMCD vs Genetic-Algorithm,Holm step-down within metric and replay stratum
computational.uzh_fpv.load_1.solver_elapsed_ms,computational boundary,uzh_fpv,1,solver_elapsed_ms,2,CA-HMCD vs HiGHS-MILP;CA-HMCD vs Genetic-Algorithm,Holm step-down within metric and replay stratum
mechanism.anti_uav410.load_2.candidate_after_diversity,candidate mechanism,anti_uav410,2,candidate_after_diversity,2,CA-HMCD vs HiGHS-MILP;CA-HMCD vs Genetic-Algorithm,Holm step-down within metric and replay stratum
mechanism.anti_uav410.load_2.candidate_feasible_before_dominance,candidate mechanism,anti_uav410,2,candidate_feasible_before_dominance,2,CA-HMCD vs HiGHS-MILP;CA-HMCD vs Genetic-Algorithm,Holm step-down within metric and replay stratum
mechanism.anti_uav410.load_2.nodes,candidate mechanism,anti_uav410,2,nodes,2,CA-HMCD vs HiGHS-MILP;CA-HMCD vs Genetic-Algorithm,Holm step-down within metric and replay stratum
mechanism.anti_uav410.load_2.repair_applied,candidate mechanism,anti_uav410,2,repair_applied,2,CA-HMCD vs HiGHS-MILP;CA-HMCD vs Genetic-Algorithm,Holm step-down within metric and replay stratum
mechanism.anti_uav410.load_4.candidate_after_diversity,candidate mechanism,anti_uav410,4,candidate_after_diversity,2,CA-HMCD vs HiGHS-MILP;CA-HMCD vs Genetic-Algorithm,Holm step-down within metric and replay stratum
mechanism.anti_uav410.load_4.candidate_feasible_before_dominance,candidate mechanism,anti_uav410,4,candidate_feasible_before_dominance,2,CA-HMCD vs HiGHS-MILP;CA-HMCD vs Genetic-Algorithm,Holm step-down within metric and replay stratum
mechanism.anti_uav410.load_4.nodes,candidate mechanism,anti_uav410,4,nodes,2,CA-HMCD vs HiGHS-MILP;CA-HMCD vs Genetic-Algorithm,Holm step-down within metric and replay stratum
mechanism.anti_uav410.load_4.repair_applied,candidate mechanism,anti_uav410,4,repair_applied,2,CA-HMCD vs HiGHS-MILP;CA-HMCD vs Genetic-Algorithm,Holm step-down within metric and replay stratum
mechanism.anti_uav410.load_6.candidate_after_diversity,candidate mechanism,anti_uav410,6,candidate_after_diversity,2,CA-HMCD vs HiGHS-MILP;CA-HMCD vs Genetic-Algorithm,Holm step-down within metric and replay stratum
mechanism.anti_uav410.load_6.candidate_feasible_before_dominance,candidate mechanism,anti_uav410,6,candidate_feasible_before_dominance,2,CA-HMCD vs HiGHS-MILP;CA-HMCD vs Genetic-Algorithm,Holm step-down within metric and replay stratum
mechanism.anti_uav410.load_6.nodes,candidate mechanism,anti_uav410,6,nodes,2,CA-HMCD vs HiGHS-MILP;CA-HMCD vs Genetic-Algorithm,Holm step-down within metric and replay stratum
mechanism.anti_uav410.load_6.repair_applied,candidate mechanism,anti_uav410,6,repair_applied,2,CA-HMCD vs HiGHS-MILP;CA-HMCD vs Genetic-Algorithm,Holm step-down within metric and replay stratum
mechanism.anti_uav410.load_8.candidate_after_diversity,candidate mechanism,anti_uav410,8,candidate_after_diversity,2,CA-HMCD vs HiGHS-MILP;CA-HMCD vs Genetic-Algorithm,Holm step-down within metric and replay stratum
mechanism.anti_uav410.load_8.candidate_feasible_before_dominance,candidate mechanism,anti_uav410,8,candidate_feasible_before_dominance,2,CA-HMCD vs HiGHS-MILP;CA-HMCD vs Genetic-Algorithm,Holm step-down within metric and replay stratum
mechanism.anti_uav410.load_8.nodes,candidate mechanism,anti_uav410,8,nodes,2,CA-HMCD vs HiGHS-MILP;CA-HMCD vs Genetic-Algorithm,Holm step-down within metric and replay stratum
mechanism.anti_uav410.load_8.repair_applied,candidate mechanism,anti_uav410,8,repair_applied,2,CA-HMCD vs HiGHS-MILP;CA-HMCD vs Genetic-Algorithm,Holm step-down within metric and replay stratum
mechanism.uzh_fpv.load_1.candidate_after_diversity,candidate mechanism,uzh_fpv,1,candidate_after_diversity,2,CA-HMCD vs HiGHS-MILP;CA-HMCD vs Genetic-Algorithm,Holm step-down within metric and replay stratum
mechanism.uzh_fpv.load_1.candidate_feasible_before_dominance,candidate mechanism,uzh_fpv,1,candidate_feasible_before_dominance,2,CA-HMCD vs HiGHS-MILP;CA-HMCD vs Genetic-Algorithm,Holm step-down within metric and replay stratum
mechanism.uzh_fpv.load_1.nodes,candidate mechanism,uzh_fpv,1,nodes,2,CA-HMCD vs HiGHS-MILP;CA-HMCD vs Genetic-Algorithm,Holm step-down within metric and replay stratum
mechanism.uzh_fpv.load_1.repair_applied,candidate mechanism,uzh_fpv,1,repair_applied,2,CA-HMCD vs HiGHS-MILP;CA-HMCD vs Genetic-Algorithm,Holm step-down within metric and replay stratum
performance.anti_uav410.load_2.common_task_response_time,primary performance,anti_uav410,2,common_task_response_time,2,CA-HMCD vs HiGHS-MILP;CA-HMCD vs Genetic-Algorithm,Holm step-down within metric and replay stratum
performance.anti_uav410.load_2.external_objective,primary performance,anti_uav410,2,external_objective,2,CA-HMCD vs HiGHS-MILP;CA-HMCD vs Genetic-Algorithm,Holm step-down within metric and replay stratum
performance.anti_uav410.load_2.independent_coverage,primary performance,anti_uav410,2,independent_coverage,2,CA-HMCD vs HiGHS-MILP;CA-HMCD vs Genetic-Algorithm,Holm step-down within metric and replay stratum
performance.anti_uav410.load_2.independent_service_score,primary performance,anti_uav410,2,independent_service_score,2,CA-HMCD vs HiGHS-MILP;CA-HMCD vs Genetic-Algorithm,Holm step-down within metric and replay stratum
performance.anti_uav410.load_4.common_task_response_time,primary performance,anti_uav410,4,common_task_response_time,2,CA-HMCD vs HiGHS-MILP;CA-HMCD vs Genetic-Algorithm,Holm step-down within metric and replay stratum
performance.anti_uav410.load_4.external_objective,primary performance,anti_uav410,4,external_objective,2,CA-HMCD vs HiGHS-MILP;CA-HMCD vs Genetic-Algorithm,Holm step-down within metric and replay stratum
performance.anti_uav410.load_4.independent_coverage,primary performance,anti_uav410,4,independent_coverage,2,CA-HMCD vs HiGHS-MILP;CA-HMCD vs Genetic-Algorithm,Holm step-down within metric and replay stratum
performance.anti_uav410.load_4.independent_service_score,primary performance,anti_uav410,4,independent_service_score,2,CA-HMCD vs HiGHS-MILP;CA-HMCD vs Genetic-Algorithm,Holm step-down within metric and replay stratum
performance.anti_uav410.load_6.common_task_response_time,primary performance,anti_uav410,6,common_task_response_time,2,CA-HMCD vs HiGHS-MILP;CA-HMCD vs Genetic-Algorithm,Holm step-down within metric and replay stratum
performance.anti_uav410.load_6.external_objective,primary performance,anti_uav410,6,external_objective,2,CA-HMCD vs HiGHS-MILP;CA-HMCD vs Genetic-Algorithm,Holm step-down within metric and replay stratum
performance.anti_uav410.load_6.independent_coverage,primary performance,anti_uav410,6,independent_coverage,2,CA-HMCD vs HiGHS-MILP;CA-HMCD vs Genetic-Algorithm,Holm step-down within metric and replay stratum
performance.anti_uav410.load_6.independent_service_score,primary performance,anti_uav410,6,independent_service_score,2,CA-HMCD vs HiGHS-MILP;CA-HMCD vs Genetic-Algorithm,Holm step-down within metric and replay stratum
performance.anti_uav410.load_8.common_task_response_time,primary performance,anti_uav410,8,common_task_response_time,2,CA-HMCD vs HiGHS-MILP;CA-HMCD vs Genetic-Algorithm,Holm step-down within metric and replay stratum
performance.anti_uav410.load_8.external_objective,primary performance,anti_uav410,8,external_objective,2,CA-HMCD vs HiGHS-MILP;CA-HMCD vs Genetic-Algorithm,Holm step-down within metric and replay stratum
performance.anti_uav410.load_8.independent_coverage,primary performance,anti_uav410,8,independent_coverage,2,CA-HMCD vs HiGHS-MILP;CA-HMCD vs Genetic-Algorithm,Holm step-down within metric and replay stratum
performance.anti_uav410.load_8.independent_service_score,primary performance,anti_uav410,8,independent_service_score,2,CA-HMCD vs HiGHS-MILP;CA-HMCD vs Genetic-Algorithm,Holm step-down within metric and replay stratum
performance.uzh_fpv.load_1.common_task_response_time,primary performance,uzh_fpv,1,common_task_response_time,2,CA-HMCD vs HiGHS-MILP;CA-HMCD vs Genetic-Algorithm,Holm step-down within metric and replay stratum
performance.uzh_fpv.load_1.external_objective,primary performance,uzh_fpv,1,external_objective,2,CA-HMCD vs HiGHS-MILP;CA-HMCD vs Genetic-Algorithm,Holm step-down within metric and replay stratum
performance.uzh_fpv.load_1.independent_coverage,primary performance,uzh_fpv,1,independent_coverage,2,CA-HMCD vs HiGHS-MILP;CA-HMCD vs Genetic-Algorithm,Holm step-down within metric and replay stratum
performance.uzh_fpv.load_1.independent_service_score,primary performance,uzh_fpv,1,independent_service_score,2,CA-HMCD vs HiGHS-MILP;CA-HMCD vs Genetic-Algorithm,Holm step-down within metric and replay stratum
