family_id,section,comparison,metric,method_a,method_b,favorable_direction_for_method_a,dataset,task_load,stratum_id,stratum_label,n_independent_cluster_pairs,nested_seeds_per_cluster,method_a_mean,method_b_mean,mean_difference_a_minus_b,mean_difference_ci95_low,mean_difference_ci95_high,ci_method,wilcoxon_w,p_value_test,p_unadjusted,p_holm_adjusted,cohen_dz,rank_biserial,win_rate_favorable_to_method_a,cluster_ids,holm_family_size,significant_after_holm_0_05
performance.anti_uav410.load_2.external_objective,primary performance,CA-HMCD vs HiGHS-MILP,external_objective,CA-HMCD,HiGHS-MILP,higher,anti_uav410,2,anti_uav410.load_2,Anti-UAV410 load 2,10,30,0.0528106711,0.0528106711,0.0,0.0,0.0,"BCa paired cluster bootstrap, 10000 resamples",0.0,two-sided paired Wilcoxon signed-rank test,1.0,1.0,0.0,0.0,0.5,AU-L02-W01;AU-L02-W02;AU-L02-W03;AU-L02-W04;AU-L02-W05;AU-L02-W06;AU-L02-W07;AU-L02-W08;AU-L02-W09;AU-L02-W10,2,False
performance.anti_uav410.load_2.external_objective,primary performance,CA-HMCD vs Genetic-Algorithm,external_objective,CA-HMCD,Genetic-Algorithm,higher,anti_uav410,2,anti_uav410.load_2,Anti-UAV410 load 2,10,30,0.0528106711,0.0530887235,-0.0002780524,-0.0010036317,0.0001298835,"BCa paired cluster bootstrap, 10000 resamples",7.0,two-sided paired Wilcoxon signed-rank test,0.5625,1.0,-0.3067666723,-0.3333333333,0.5,AU-L02-W01;AU-L02-W02;AU-L02-W03;AU-L02-W04;AU-L02-W05;AU-L02-W06;AU-L02-W07;AU-L02-W08;AU-L02-W09;AU-L02-W10,2,False
performance.anti_uav410.load_2.independent_service_score,primary performance,CA-HMCD vs HiGHS-MILP,independent_service_score,CA-HMCD,HiGHS-MILP,higher,anti_uav410,2,anti_uav410.load_2,Anti-UAV410 load 2,10,30,0.5519964607,0.5519964607,0.0,0.0,0.0,"BCa paired cluster bootstrap, 10000 resamples",0.0,two-sided paired Wilcoxon signed-rank test,1.0,1.0,0.0,0.0,0.5,AU-L02-W01;AU-L02-W02;AU-L02-W03;AU-L02-W04;AU-L02-W05;AU-L02-W06;AU-L02-W07;AU-L02-W08;AU-L02-W09;AU-L02-W10,2,False
performance.anti_uav410.load_2.independent_service_score,primary performance,CA-HMCD vs Genetic-Algorithm,independent_service_score,CA-HMCD,Genetic-Algorithm,higher,anti_uav410,2,anti_uav410.load_2,Anti-UAV410 load 2,10,30,0.5519964607,0.55213085,-0.0001343893,-0.0007872949,0.0002585427,"BCa paired cluster bootstrap, 10000 resamples",10.0,two-sided paired Wilcoxon signed-rank test,1.0,1.0,-0.1594407365,-0.0476190476,0.6,AU-L02-W01;AU-L02-W02;AU-L02-W03;AU-L02-W04;AU-L02-W05;AU-L02-W06;AU-L02-W07;AU-L02-W08;AU-L02-W09;AU-L02-W10,2,False
performance.anti_uav410.load_2.independent_coverage,primary performance,CA-HMCD vs HiGHS-MILP,independent_coverage,CA-HMCD,HiGHS-MILP,higher,anti_uav410,2,anti_uav410.load_2,Anti-UAV410 load 2,10,30,0.8591666667,0.8591666667,0.0,0.0,0.0,"BCa paired cluster bootstrap, 10000 resamples",0.0,two-sided paired Wilcoxon signed-rank test,1.0,1.0,0.0,0.0,0.5,AU-L02-W01;AU-L02-W02;AU-L02-W03;AU-L02-W04;AU-L02-W05;AU-L02-W06;AU-L02-W07;AU-L02-W08;AU-L02-W09;AU-L02-W10,2,False
performance.anti_uav410.load_2.independent_coverage,primary performance,CA-HMCD vs Genetic-Algorithm,independent_coverage,CA-HMCD,Genetic-Algorithm,higher,anti_uav410,2,anti_uav410.load_2,Anti-UAV410 load 2,10,30,0.8591666667,0.8591666667,0.0,0.0,0.0,"BCa paired cluster bootstrap, 10000 resamples",0.0,two-sided paired Wilcoxon signed-rank test,1.0,1.0,0.0,0.0,0.5,AU-L02-W01;AU-L02-W02;AU-L02-W03;AU-L02-W04;AU-L02-W05;AU-L02-W06;AU-L02-W07;AU-L02-W08;AU-L02-W09;AU-L02-W10,2,False
computational.anti_uav410.load_2.end_to_end_runtime_ms,computational boundary,CA-HMCD vs HiGHS-MILP,end_to_end_runtime_ms,CA-HMCD,HiGHS-MILP,lower,anti_uav410,2,anti_uav410.load_2,Anti-UAV410 load 2,10,30,55.2374978056,18.3090899444,36.9284078611,31.6619226119,41.3995904581,"BCa paired cluster bootstrap, 10000 resamples",0,two-sided paired Wilcoxon signed-rank test,0.001953125,0.00390625,4.4914247174,1.0,0.0,AU-L02-W01;AU-L02-W02;AU-L02-W03;AU-L02-W04;AU-L02-W05;AU-L02-W06;AU-L02-W07;AU-L02-W08;AU-L02-W09;AU-L02-W10,2,True
computational.anti_uav410.load_2.end_to_end_runtime_ms,computational boundary,CA-HMCD vs Genetic-Algorithm,end_to_end_runtime_ms,CA-HMCD,Genetic-Algorithm,lower,anti_uav410,2,anti_uav410.load_2,Anti-UAV410 load 2,10,30,55.2374978056,67.0852275,-11.8477296945,-16.8845592169,-6.9952899722,"BCa paired cluster bootstrap, 10000 resamples",0,two-sided paired Wilcoxon signed-rank test,0.001953125,0.00390625,-1.3998316629,-1.0,1.0,AU-L02-W01;AU-L02-W02;AU-L02-W03;AU-L02-W04;AU-L02-W05;AU-L02-W06;AU-L02-W07;AU-L02-W08;AU-L02-W09;AU-L02-W10,2,True
computational.anti_uav410.load_2.solver_elapsed_ms,computational boundary,CA-HMCD vs HiGHS-MILP,solver_elapsed_ms,CA-HMCD,HiGHS-MILP,lower,anti_uav410,2,anti_uav410.load_2,Anti-UAV410 load 2,10,30,0.3971743889,7.8299979722,-7.4328235833,-8.776103633,-5.8028195864,"BCa paired cluster bootstrap, 10000 resamples",0,two-sided paired Wilcoxon signed-rank test,0.001953125,0.00390625,-2.9541980804,-1.0,1.0,AU-L02-W01;AU-L02-W02;AU-L02-W03;AU-L02-W04;AU-L02-W05;AU-L02-W06;AU-L02-W07;AU-L02-W08;AU-L02-W09;AU-L02-W10,2,True
computational.anti_uav410.load_2.solver_elapsed_ms,computational boundary,CA-HMCD vs Genetic-Algorithm,solver_elapsed_ms,CA-HMCD,Genetic-Algorithm,lower,anti_uav410,2,anti_uav410.load_2,Anti-UAV410 load 2,10,30,0.3971743889,56.7359800278,-56.3388056389,-58.0343606431,-54.3932205556,"BCa paired cluster bootstrap, 10000 resamples",0,two-sided paired Wilcoxon signed-rank test,0.001953125,0.00390625,-18.1337850239,-1.0,1.0,AU-L02-W01;AU-L02-W02;AU-L02-W03;AU-L02-W04;AU-L02-W05;AU-L02-W06;AU-L02-W07;AU-L02-W08;AU-L02-W09;AU-L02-W10,2,True
computational.anti_uav410.load_2.fallback,computational boundary,CA-HMCD vs HiGHS-MILP,fallback,CA-HMCD,HiGHS-MILP,lower,anti_uav410,2,anti_uav410.load_2,Anti-UAV410 load 2,10,30,0.0,0.0,0.0,0.0,0.0,"BCa paired cluster bootstrap, 10000 resamples",0.0,two-sided paired Wilcoxon signed-rank test,1.0,1.0,0.0,0.0,0.5,AU-L02-W01;AU-L02-W02;AU-L02-W03;AU-L02-W04;AU-L02-W05;AU-L02-W06;AU-L02-W07;AU-L02-W08;AU-L02-W09;AU-L02-W10,2,False
computational.anti_uav410.load_2.fallback,computational boundary,CA-HMCD vs Genetic-Algorithm,fallback,CA-HMCD,Genetic-Algorithm,lower,anti_uav410,2,anti_uav410.load_2,Anti-UAV410 load 2,10,30,0.0,0.0,0.0,0.0,0.0,"BCa paired cluster bootstrap, 10000 resamples",0.0,two-sided paired Wilcoxon signed-rank test,1.0,1.0,0.0,0.0,0.5,AU-L02-W01;AU-L02-W02;AU-L02-W03;AU-L02-W04;AU-L02-W05;AU-L02-W06;AU-L02-W07;AU-L02-W08;AU-L02-W09;AU-L02-W10,2,False
computational.anti_uav410.load_2.node_limit_run_indicator,computational boundary,CA-HMCD vs HiGHS-MILP,node_limit_run_indicator,CA-HMCD,HiGHS-MILP,lower,anti_uav410,2,anti_uav410.load_2,Anti-UAV410 load 2,10,30,0.0,0.0,0.0,0.0,0.0,"BCa paired cluster bootstrap, 10000 resamples",0.0,two-sided paired Wilcoxon signed-rank test,1.0,1.0,0.0,0.0,0.5,AU-L02-W01;AU-L02-W02;AU-L02-W03;AU-L02-W04;AU-L02-W05;AU-L02-W06;AU-L02-W07;AU-L02-W08;AU-L02-W09;AU-L02-W10,2,False
computational.anti_uav410.load_2.node_limit_run_indicator,computational boundary,CA-HMCD vs Genetic-Algorithm,node_limit_run_indicator,CA-HMCD,Genetic-Algorithm,lower,anti_uav410,2,anti_uav410.load_2,Anti-UAV410 load 2,10,30,0.0,0.0,0.0,0.0,0.0,"BCa paired cluster bootstrap, 10000 resamples",0.0,two-sided paired Wilcoxon signed-rank test,1.0,1.0,0.0,0.0,0.5,AU-L02-W01;AU-L02-W02;AU-L02-W03;AU-L02-W04;AU-L02-W05;AU-L02-W06;AU-L02-W07;AU-L02-W08;AU-L02-W09;AU-L02-W10,2,False
mechanism.anti_uav410.load_2.candidate_feasible_before_dominance,candidate mechanism,CA-HMCD vs HiGHS-MILP,candidate_feasible_before_dominance,CA-HMCD,HiGHS-MILP,descriptive,anti_uav410,2,anti_uav410.load_2,Anti-UAV410 load 2,10,30,205.0738888889,205.0738888889,0.0,0.0,0.0,"BCa paired cluster bootstrap, 10000 resamples",0.0,two-sided paired Wilcoxon signed-rank test,1.0,1.0,0.0,0.0,1.5,AU-L02-W01;AU-L02-W02;AU-L02-W03;AU-L02-W04;AU-L02-W05;AU-L02-W06;AU-L02-W07;AU-L02-W08;AU-L02-W09;AU-L02-W10,2,False
mechanism.anti_uav410.load_2.candidate_feasible_before_dominance,candidate mechanism,CA-HMCD vs Genetic-Algorithm,candidate_feasible_before_dominance,CA-HMCD,Genetic-Algorithm,descriptive,anti_uav410,2,anti_uav410.load_2,Anti-UAV410 load 2,10,30,205.0738888889,205.0738888889,0.0,0.0,0.0,"BCa paired cluster bootstrap, 10000 resamples",0.0,two-sided paired Wilcoxon signed-rank test,1.0,1.0,0.0,0.0,1.5,AU-L02-W01;AU-L02-W02;AU-L02-W03;AU-L02-W04;AU-L02-W05;AU-L02-W06;AU-L02-W07;AU-L02-W08;AU-L02-W09;AU-L02-W10,2,False
mechanism.anti_uav410.load_2.candidate_after_diversity,candidate mechanism,CA-HMCD vs HiGHS-MILP,candidate_after_diversity,CA-HMCD,HiGHS-MILP,descriptive,anti_uav410,2,anti_uav410.load_2,Anti-UAV410 load 2,10,30,16.4,205.0738888889,-188.6738888889,-210.9564803324,-160.873098443,"BCa paired cluster bootstrap, 10000 resamples",0,two-sided paired Wilcoxon signed-rank test,0.001953125,0.00390625,-4.4097516286,-1.0,0.0,AU-L02-W01;AU-L02-W02;AU-L02-W03;AU-L02-W04;AU-L02-W05;AU-L02-W06;AU-L02-W07;AU-L02-W08;AU-L02-W09;AU-L02-W10,2,True
mechanism.anti_uav410.load_2.candidate_after_diversity,candidate mechanism,CA-HMCD vs Genetic-Algorithm,candidate_after_diversity,CA-HMCD,Genetic-Algorithm,descriptive,anti_uav410,2,anti_uav410.load_2,Anti-UAV410 load 2,10,30,16.4,205.0738888889,-188.6738888889,-211.4554931897,-161.3183321206,"BCa paired cluster bootstrap, 10000 resamples",0,two-sided paired Wilcoxon signed-rank test,0.001953125,0.00390625,-4.4097516286,-1.0,0.0,AU-L02-W01;AU-L02-W02;AU-L02-W03;AU-L02-W04;AU-L02-W05;AU-L02-W06;AU-L02-W07;AU-L02-W08;AU-L02-W09;AU-L02-W10,2,True
mechanism.anti_uav410.load_2.nodes,candidate mechanism,CA-HMCD vs HiGHS-MILP,nodes,CA-HMCD,HiGHS-MILP,descriptive,anti_uav410,2,anti_uav410.load_2,Anti-UAV410 load 2,10,30,34.1372222222,0.4286111111,33.7086111111,27.9783179127,37.9944444444,"BCa paired cluster bootstrap, 10000 resamples",0,two-sided paired Wilcoxon signed-rank test,0.001953125,0.00390625,4.0161352297,1.0,0.0,AU-L02-W01;AU-L02-W02;AU-L02-W03;AU-L02-W04;AU-L02-W05;AU-L02-W06;AU-L02-W07;AU-L02-W08;AU-L02-W09;AU-L02-W10,2,True
mechanism.anti_uav410.load_2.nodes,candidate mechanism,CA-HMCD vs Genetic-Algorithm,nodes,CA-HMCD,Genetic-Algorithm,descriptive,anti_uav410,2,anti_uav410.load_2,Anti-UAV410 load 2,10,30,34.1372222222,4000.0,-3965.8627777778,-3971.6912345822,-3961.3289199443,"BCa paired cluster bootstrap, 10000 resamples",0,two-sided paired Wilcoxon signed-rank test,0.001953125,0.00390625,-459.8515660068,-1.0,0.0,AU-L02-W01;AU-L02-W02;AU-L02-W03;AU-L02-W04;AU-L02-W05;AU-L02-W06;AU-L02-W07;AU-L02-W08;AU-L02-W09;AU-L02-W10,2,True
mechanism.anti_uav410.load_2.repair_applied,candidate mechanism,CA-HMCD vs HiGHS-MILP,repair_applied,CA-HMCD,HiGHS-MILP,lower,anti_uav410,2,anti_uav410.load_2,Anti-UAV410 load 2,10,30,0.0,0.0,0.0,0.0,0.0,"BCa paired cluster bootstrap, 10000 resamples",0.0,two-sided paired Wilcoxon signed-rank test,1.0,1.0,0.0,0.0,0.5,AU-L02-W01;AU-L02-W02;AU-L02-W03;AU-L02-W04;AU-L02-W05;AU-L02-W06;AU-L02-W07;AU-L02-W08;AU-L02-W09;AU-L02-W10,2,False
mechanism.anti_uav410.load_2.repair_applied,candidate mechanism,CA-HMCD vs Genetic-Algorithm,repair_applied,CA-HMCD,Genetic-Algorithm,lower,anti_uav410,2,anti_uav410.load_2,Anti-UAV410 load 2,10,30,0.0,0.0,0.0,0.0,0.0,"BCa paired cluster bootstrap, 10000 resamples",0.0,two-sided paired Wilcoxon signed-rank test,1.0,1.0,0.0,0.0,0.5,AU-L02-W01;AU-L02-W02;AU-L02-W03;AU-L02-W04;AU-L02-W05;AU-L02-W06;AU-L02-W07;AU-L02-W08;AU-L02-W09;AU-L02-W10,2,False
performance.anti_uav410.load_4.external_objective,primary performance,CA-HMCD vs HiGHS-MILP,external_objective,CA-HMCD,HiGHS-MILP,higher,anti_uav410,4,anti_uav410.load_4,Anti-UAV410 load 4,8,30,0.1197737464,0.1200148626,-0.0002411163,-0.0008287618,0.0001158012,"BCa paired cluster bootstrap, 10000 resamples",7.0,two-sided paired Wilcoxon signed-rank test,0.5625,0.5625,-0.3406004,-0.3333333333,0.375,AU-L04-W01;AU-L04-W02;AU-L04-W03;AU-L04-W04;AU-L04-W05;AU-L04-W06;AU-L04-W07;AU-L04-W08,2,False
performance.anti_uav410.load_4.external_objective,primary performance,CA-HMCD vs Genetic-Algorithm,external_objective,CA-HMCD,Genetic-Algorithm,higher,anti_uav410,4,anti_uav410.load_4,Anti-UAV410 load 4,8,30,0.1197737464,0.1176134485,0.0021602979,0.0002563863,0.0055795978,"BCa paired cluster bootstrap, 10000 resamples",8.0,two-sided paired Wilcoxon signed-rank test,0.1953125,0.390625,0.5654814374,0.5555555556,0.75,AU-L04-W01;AU-L04-W02;AU-L04-W03;AU-L04-W04;AU-L04-W05;AU-L04-W06;AU-L04-W07;AU-L04-W08,2,False
performance.anti_uav410.load_4.independent_service_score,primary performance,CA-HMCD vs HiGHS-MILP,independent_service_score,CA-HMCD,HiGHS-MILP,higher,anti_uav410,4,anti_uav410.load_4,Anti-UAV410 load 4,8,30,0.5632939358,0.5640847325,-0.0007907967,-0.0013334194,-0.000360487,"BCa paired cluster bootstrap, 10000 resamples",0,two-sided paired Wilcoxon signed-rank test,0.03125,0.0625,-1.0652015909,-1.0,0.125,AU-L04-W01;AU-L04-W02;AU-L04-W03;AU-L04-W04;AU-L04-W05;AU-L04-W06;AU-L04-W07;AU-L04-W08,2,False
performance.anti_uav410.load_4.independent_service_score,primary performance,CA-HMCD vs Genetic-Algorithm,independent_service_score,CA-HMCD,Genetic-Algorithm,higher,anti_uav410,4,anti_uav410.load_4,Anti-UAV410 load 4,8,30,0.5632939358,0.5640771722,-0.0007832364,-0.0013912158,0.0003334581,"BCa paired cluster bootstrap, 10000 resamples",7.0,two-sided paired Wilcoxon signed-rank test,0.1484375,0.1484375,-0.6416575825,-0.6111111111,0.125,AU-L04-W01;AU-L04-W02;AU-L04-W03;AU-L04-W04;AU-L04-W05;AU-L04-W06;AU-L04-W07;AU-L04-W08,2,False
performance.anti_uav410.load_4.independent_coverage,primary performance,CA-HMCD vs HiGHS-MILP,independent_coverage,CA-HMCD,HiGHS-MILP,higher,anti_uav410,4,anti_uav410.load_4,Anti-UAV410 load 4,8,30,0.8961226852,0.8981770833,-0.0020543981,-0.0035011574,-0.00078125,"BCa paired cluster bootstrap, 10000 resamples",0,two-sided paired Wilcoxon signed-rank test,0.03125,0.0625,-0.9932533541,-1.0,0.125,AU-L04-W01;AU-L04-W02;AU-L04-W03;AU-L04-W04;AU-L04-W05;AU-L04-W06;AU-L04-W07;AU-L04-W08,2,False
performance.anti_uav410.load_4.independent_coverage,primary performance,CA-HMCD vs Genetic-Algorithm,independent_coverage,CA-HMCD,Genetic-Algorithm,higher,anti_uav410,4,anti_uav410.load_4,Anti-UAV410 load 4,8,30,0.8961226852,0.8964699074,-0.0003472222,-0.0020543981,0.0015046296,"BCa paired cluster bootstrap, 10000 resamples",9.0,two-sided paired Wilcoxon signed-rank test,0.84375,0.84375,-0.1269026969,-0.1428571429,0.5,AU-L04-W01;AU-L04-W02;AU-L04-W03;AU-L04-W04;AU-L04-W05;AU-L04-W06;AU-L04-W07;AU-L04-W08,2,False
computational.anti_uav410.load_4.end_to_end_runtime_ms,computational boundary,CA-HMCD vs HiGHS-MILP,end_to_end_runtime_ms,CA-HMCD,HiGHS-MILP,lower,anti_uav410,4,anti_uav410.load_4,Anti-UAV410 load 4,8,30,113.0556060416,34.4746224306,78.5809836111,73.5727613542,83.0655924928,"BCa paired cluster bootstrap, 10000 resamples",0,two-sided paired Wilcoxon signed-rank test,0.0078125,0.015625,10.6612353969,1.0,0.0,AU-L04-W01;AU-L04-W02;AU-L04-W03;AU-L04-W04;AU-L04-W05;AU-L04-W06;AU-L04-W07;AU-L04-W08,2,True
computational.anti_uav410.load_4.end_to_end_runtime_ms,computational boundary,CA-HMCD vs Genetic-Algorithm,end_to_end_runtime_ms,CA-HMCD,Genetic-Algorithm,lower,anti_uav410,4,anti_uav410.load_4,Anti-UAV410 load 4,8,30,113.0556060416,100.769036632,12.2865694097,6.2923793266,17.6888529513,"BCa paired cluster bootstrap, 10000 resamples",1.0,two-sided paired Wilcoxon signed-rank test,0.015625,0.015625,1.3754166235,0.9444444444,0.125,AU-L04-W01;AU-L04-W02;AU-L04-W03;AU-L04-W04;AU-L04-W05;AU-L04-W06;AU-L04-W07;AU-L04-W08,2,True
computational.anti_uav410.load_4.solver_elapsed_ms,computational boundary,CA-HMCD vs HiGHS-MILP,solver_elapsed_ms,CA-HMCD,HiGHS-MILP,lower,anti_uav410,4,anti_uav410.load_4,Anti-UAV410 load 4,8,30,3.0156325695,13.7408679167,-10.7252353472,-11.4532661753,-10.1765303125,"BCa paired cluster bootstrap, 10000 resamples",0,two-sided paired Wilcoxon signed-rank test,0.0078125,0.015625,-11.0984120136,-1.0,1.0,AU-L04-W01;AU-L04-W02;AU-L04-W03;AU-L04-W04;AU-L04-W05;AU-L04-W06;AU-L04-W07;AU-L04-W08,2,True
computational.anti_uav410.load_4.solver_elapsed_ms,computational boundary,CA-HMCD vs Genetic-Algorithm,solver_elapsed_ms,CA-HMCD,Genetic-Algorithm,lower,anti_uav410,4,anti_uav410.load_4,Anti-UAV410 load 4,8,30,3.0156325695,79.8591130556,-76.8434804861,-84.241854485,-74.1261709722,"BCa paired cluster bootstrap, 10000 resamples",0,two-sided paired Wilcoxon signed-rank test,0.0078125,0.015625,-11.360813922,-1.0,1.0,AU-L04-W01;AU-L04-W02;AU-L04-W03;AU-L04-W04;AU-L04-W05;AU-L04-W06;AU-L04-W07;AU-L04-W08,2,True
computational.anti_uav410.load_4.fallback,computational boundary,CA-HMCD vs HiGHS-MILP,fallback,CA-HMCD,HiGHS-MILP,lower,anti_uav410,4,anti_uav410.load_4,Anti-UAV410 load 4,8,30,0.0,0.0,0.0,0.0,0.0,"BCa paired cluster bootstrap, 10000 resamples",0.0,two-sided paired Wilcoxon signed-rank test,1.0,1.0,0.0,0.0,0.5,AU-L04-W01;AU-L04-W02;AU-L04-W03;AU-L04-W04;AU-L04-W05;AU-L04-W06;AU-L04-W07;AU-L04-W08,2,False
computational.anti_uav410.load_4.fallback,computational boundary,CA-HMCD vs Genetic-Algorithm,fallback,CA-HMCD,Genetic-Algorithm,lower,anti_uav410,4,anti_uav410.load_4,Anti-UAV410 load 4,8,30,0.0,0.0,0.0,0.0,0.0,"BCa paired cluster bootstrap, 10000 resamples",0.0,two-sided paired Wilcoxon signed-rank test,1.0,1.0,0.0,0.0,0.5,AU-L04-W01;AU-L04-W02;AU-L04-W03;AU-L04-W04;AU-L04-W05;AU-L04-W06;AU-L04-W07;AU-L04-W08,2,False
computational.anti_uav410.load_4.node_limit_run_indicator,computational boundary,CA-HMCD vs HiGHS-MILP,node_limit_run_indicator,CA-HMCD,HiGHS-MILP,lower,anti_uav410,4,anti_uav410.load_4,Anti-UAV410 load 4,8,30,0.0,0.0,0.0,0.0,0.0,"BCa paired cluster bootstrap, 10000 resamples",0.0,two-sided paired Wilcoxon signed-rank test,1.0,1.0,0.0,0.0,0.5,AU-L04-W01;AU-L04-W02;AU-L04-W03;AU-L04-W04;AU-L04-W05;AU-L04-W06;AU-L04-W07;AU-L04-W08,2,False
computational.anti_uav410.load_4.node_limit_run_indicator,computational boundary,CA-HMCD vs Genetic-Algorithm,node_limit_run_indicator,CA-HMCD,Genetic-Algorithm,lower,anti_uav410,4,anti_uav410.load_4,Anti-UAV410 load 4,8,30,0.0,0.0,0.0,0.0,0.0,"BCa paired cluster bootstrap, 10000 resamples",0.0,two-sided paired Wilcoxon signed-rank test,1.0,1.0,0.0,0.0,0.5,AU-L04-W01;AU-L04-W02;AU-L04-W03;AU-L04-W04;AU-L04-W05;AU-L04-W06;AU-L04-W07;AU-L04-W08,2,False
mechanism.anti_uav410.load_4.candidate_feasible_before_dominance,candidate mechanism,CA-HMCD vs HiGHS-MILP,candidate_feasible_before_dominance,CA-HMCD,HiGHS-MILP,descriptive,anti_uav410,4,anti_uav410.load_4,Anti-UAV410 load 4,8,30,412.7430555556,412.7430555556,0.0,0.0,0.0,"BCa paired cluster bootstrap, 10000 resamples",0.0,two-sided paired Wilcoxon signed-rank test,1.0,1.0,0.0,0.0,1.5,AU-L04-W01;AU-L04-W02;AU-L04-W03;AU-L04-W04;AU-L04-W05;AU-L04-W06;AU-L04-W07;AU-L04-W08,2,False
mechanism.anti_uav410.load_4.candidate_feasible_before_dominance,candidate mechanism,CA-HMCD vs Genetic-Algorithm,candidate_feasible_before_dominance,CA-HMCD,Genetic-Algorithm,descriptive,anti_uav410,4,anti_uav410.load_4,Anti-UAV410 load 4,8,30,412.7430555556,412.7430555556,0.0,0.0,0.0,"BCa paired cluster bootstrap, 10000 resamples",0.0,two-sided paired Wilcoxon signed-rank test,1.0,1.0,0.0,0.0,1.5,AU-L04-W01;AU-L04-W02;AU-L04-W03;AU-L04-W04;AU-L04-W05;AU-L04-W06;AU-L04-W07;AU-L04-W08,2,False
mechanism.anti_uav410.load_4.candidate_after_diversity,candidate mechanism,CA-HMCD vs HiGHS-MILP,candidate_after_diversity,CA-HMCD,HiGHS-MILP,descriptive,anti_uav410,4,anti_uav410.load_4,Anti-UAV410 load 4,8,30,32.9628472222,412.7430555556,-379.7802083333,-399.5083333333,-352.1874665864,"BCa paired cluster bootstrap, 10000 resamples",0,two-sided paired Wilcoxon signed-rank test,0.0078125,0.015625,-10.5436805565,-1.0,0.0,AU-L04-W01;AU-L04-W02;AU-L04-W03;AU-L04-W04;AU-L04-W05;AU-L04-W06;AU-L04-W07;AU-L04-W08,2,True
mechanism.anti_uav410.load_4.candidate_after_diversity,candidate mechanism,CA-HMCD vs Genetic-Algorithm,candidate_after_diversity,CA-HMCD,Genetic-Algorithm,descriptive,anti_uav410,4,anti_uav410.load_4,Anti-UAV410 load 4,8,30,32.9628472222,412.7430555556,-379.7802083333,-400.4890254769,-353.5388888889,"BCa paired cluster bootstrap, 10000 resamples",0,two-sided paired Wilcoxon signed-rank test,0.0078125,0.015625,-10.5436805565,-1.0,0.0,AU-L04-W01;AU-L04-W02;AU-L04-W03;AU-L04-W04;AU-L04-W05;AU-L04-W06;AU-L04-W07;AU-L04-W08,2,True
mechanism.anti_uav410.load_4.nodes,candidate mechanism,CA-HMCD vs HiGHS-MILP,nodes,CA-HMCD,HiGHS-MILP,descriptive,anti_uav410,4,anti_uav410.load_4,Anti-UAV410 load 4,8,30,303.0541666667,0.8871527778,302.1670138889,281.2479166667,320.3865269858,"BCa paired cluster bootstrap, 10000 resamples",0,two-sided paired Wilcoxon signed-rank test,0.0078125,0.015625,10.0130395353,1.0,0.0,AU-L04-W01;AU-L04-W02;AU-L04-W03;AU-L04-W04;AU-L04-W05;AU-L04-W06;AU-L04-W07;AU-L04-W08,2,True
mechanism.anti_uav410.load_4.nodes,candidate mechanism,CA-HMCD vs Genetic-Algorithm,nodes,CA-HMCD,Genetic-Algorithm,descriptive,anti_uav410,4,anti_uav410.load_4,Anti-UAV410 load 4,8,30,303.0541666667,4000.0,-3696.9458333333,-3717.821875,-3678.371875,"BCa paired cluster bootstrap, 10000 resamples",0,two-sided paired Wilcoxon signed-rank test,0.0078125,0.015625,-122.4038980484,-1.0,0.0,AU-L04-W01;AU-L04-W02;AU-L04-W03;AU-L04-W04;AU-L04-W05;AU-L04-W06;AU-L04-W07;AU-L04-W08,2,True
mechanism.anti_uav410.load_4.repair_applied,candidate mechanism,CA-HMCD vs HiGHS-MILP,repair_applied,CA-HMCD,HiGHS-MILP,lower,anti_uav410,4,anti_uav410.load_4,Anti-UAV410 load 4,8,30,0.0,0.0,0.0,0.0,0.0,"BCa paired cluster bootstrap, 10000 resamples",0.0,two-sided paired Wilcoxon signed-rank test,1.0,1.0,0.0,0.0,0.5,AU-L04-W01;AU-L04-W02;AU-L04-W03;AU-L04-W04;AU-L04-W05;AU-L04-W06;AU-L04-W07;AU-L04-W08,2,False
mechanism.anti_uav410.load_4.repair_applied,candidate mechanism,CA-HMCD vs Genetic-Algorithm,repair_applied,CA-HMCD,Genetic-Algorithm,lower,anti_uav410,4,anti_uav410.load_4,Anti-UAV410 load 4,8,30,0.0,0.0,0.0,0.0,0.0,"BCa paired cluster bootstrap, 10000 resamples",0.0,two-sided paired Wilcoxon signed-rank test,1.0,1.0,0.0,0.0,0.5,AU-L04-W01;AU-L04-W02;AU-L04-W03;AU-L04-W04;AU-L04-W05;AU-L04-W06;AU-L04-W07;AU-L04-W08,2,False
performance.anti_uav410.load_6.external_objective,primary performance,CA-HMCD vs HiGHS-MILP,external_objective,CA-HMCD,HiGHS-MILP,higher,anti_uav410,6,anti_uav410.load_6,Anti-UAV410 load 6,6,30,0.1428194884,0.1718507319,-0.0290312435,-0.0495706988,-0.0176385674,"BCa paired cluster bootstrap, 10000 resamples",0,two-sided paired Wilcoxon signed-rank test,0.03125,0.0625,-1.4287382966,-1.0,0.0,AU-L06-W01;AU-L06-W02;AU-L06-W03;AU-L06-W04;AU-L06-W05;AU-L06-W06,2,False
performance.anti_uav410.load_6.external_objective,primary performance,CA-HMCD vs Genetic-Algorithm,external_objective,CA-HMCD,Genetic-Algorithm,higher,anti_uav410,6,anti_uav410.load_6,Anti-UAV410 load 6,6,30,0.1428194884,0.1674234311,-0.0246039428,-0.0424124613,-0.013064718,"BCa paired cluster bootstrap, 10000 resamples",0,two-sided paired Wilcoxon signed-rank test,0.03125,0.0625,-1.2998639146,-1.0,0.0,AU-L06-W01;AU-L06-W02;AU-L06-W03;AU-L06-W04;AU-L06-W05;AU-L06-W06,2,False
performance.anti_uav410.load_6.independent_service_score,primary performance,CA-HMCD vs HiGHS-MILP,independent_service_score,CA-HMCD,HiGHS-MILP,higher,anti_uav410,6,anti_uav410.load_6,Anti-UAV410 load 6,6,30,0.5286678814,0.5454946552,-0.0168267739,-0.0230127732,-0.0114666311,"BCa paired cluster bootstrap, 10000 resamples",0,two-sided paired Wilcoxon signed-rank test,0.03125,0.0625,-2.1209964805,-1.0,0.0,AU-L06-W01;AU-L06-W02;AU-L06-W03;AU-L06-W04;AU-L06-W05;AU-L06-W06,2,False
performance.anti_uav410.load_6.independent_service_score,primary performance,CA-HMCD vs Genetic-Algorithm,independent_service_score,CA-HMCD,Genetic-Algorithm,higher,anti_uav410,6,anti_uav410.load_6,Anti-UAV410 load 6,6,30,0.5286678814,0.5452954458,-0.0166275644,-0.0235591989,-0.008868157,"BCa paired cluster bootstrap, 10000 resamples",0,two-sided paired Wilcoxon signed-rank test,0.03125,0.0625,-1.6631782314,-1.0,0.0,AU-L06-W01;AU-L06-W02;AU-L06-W03;AU-L06-W04;AU-L06-W05;AU-L06-W06,2,False
performance.anti_uav410.load_6.independent_coverage,primary performance,CA-HMCD vs HiGHS-MILP,independent_coverage,CA-HMCD,HiGHS-MILP,higher,anti_uav410,6,anti_uav410.load_6,Anti-UAV410 load 6,6,30,0.8483873457,0.8936111111,-0.0452237654,-0.061087963,-0.0311265432,"BCa paired cluster bootstrap, 10000 resamples",0,two-sided paired Wilcoxon signed-rank test,0.03125,0.0625,-2.2143609836,-1.0,0.0,AU-L06-W01;AU-L06-W02;AU-L06-W03;AU-L06-W04;AU-L06-W05;AU-L06-W06,2,False
performance.anti_uav410.load_6.independent_coverage,primary performance,CA-HMCD vs Genetic-Algorithm,independent_coverage,CA-HMCD,Genetic-Algorithm,higher,anti_uav410,6,anti_uav410.load_6,Anti-UAV410 load 6,6,30,0.8483873457,0.8882407407,-0.0398533951,-0.0581944444,-0.0227777778,"BCa paired cluster bootstrap, 10000 resamples",0,two-sided paired Wilcoxon signed-rank test,0.03125,0.0625,-1.6533986291,-1.0,0.0,AU-L06-W01;AU-L06-W02;AU-L06-W03;AU-L06-W04;AU-L06-W05;AU-L06-W06,2,False
computational.anti_uav410.load_6.end_to_end_runtime_ms,computational boundary,CA-HMCD vs HiGHS-MILP,end_to_end_runtime_ms,CA-HMCD,HiGHS-MILP,lower,anti_uav410,6,anti_uav410.load_6,Anti-UAV410 load 6,6,30,182.0566207407,46.2775275926,135.7790931481,117.7820669444,147.7548019888,"BCa paired cluster bootstrap, 10000 resamples",0,two-sided paired Wilcoxon signed-rank test,0.03125,0.0625,6.9026306252,1.0,0.0,AU-L06-W01;AU-L06-W02;AU-L06-W03;AU-L06-W04;AU-L06-W05;AU-L06-W06,2,False
computational.anti_uav410.load_6.end_to_end_runtime_ms,computational boundary,CA-HMCD vs Genetic-Algorithm,end_to_end_runtime_ms,CA-HMCD,Genetic-Algorithm,lower,anti_uav410,6,anti_uav410.load_6,Anti-UAV410 load 6,6,30,182.0566207407,122.5139559722,59.5426647685,43.957375,70.8080276389,"BCa paired cluster bootstrap, 10000 resamples",0,two-sided paired Wilcoxon signed-rank test,0.03125,0.0625,3.3017317587,1.0,0.0,AU-L06-W01;AU-L06-W02;AU-L06-W03;AU-L06-W04;AU-L06-W05;AU-L06-W06,2,False
computational.anti_uav410.load_6.solver_elapsed_ms,computational boundary,CA-HMCD vs HiGHS-MILP,solver_elapsed_ms,CA-HMCD,HiGHS-MILP,lower,anti_uav410,6,anti_uav410.load_6,Anti-UAV410 load 6,6,30,17.8436439815,17.019602963,0.8240410185,-2.0202333333,4.0377608796,"BCa paired cluster bootstrap, 10000 resamples",8.0,two-sided paired Wilcoxon signed-rank test,0.6875,0.6875,0.1967532925,0.2380952381,0.3333333333,AU-L06-W01;AU-L06-W02;AU-L06-W03;AU-L06-W04;AU-L06-W05;AU-L06-W06,2,False
computational.anti_uav410.load_6.solver_elapsed_ms,computational boundary,CA-HMCD vs Genetic-Algorithm,solver_elapsed_ms,CA-HMCD,Genetic-Algorithm,lower,anti_uav410,6,anti_uav410.load_6,Anti-UAV410 load 6,6,30,17.8436439815,92.6856810185,-74.842037037,-76.3449144907,-71.7115991204,"BCa paired cluster bootstrap, 10000 resamples",0,two-sided paired Wilcoxon signed-rank test,0.03125,0.0625,-26.1750894366,-1.0,1.0,AU-L06-W01;AU-L06-W02;AU-L06-W03;AU-L06-W04;AU-L06-W05;AU-L06-W06,2,False
computational.anti_uav410.load_6.fallback,computational boundary,CA-HMCD vs HiGHS-MILP,fallback,CA-HMCD,HiGHS-MILP,lower,anti_uav410,6,anti_uav410.load_6,Anti-UAV410 load 6,6,30,0.1486111111,0.0,0.1486111111,0.0972222222,0.2055555556,"BCa paired cluster bootstrap, 10000 resamples",0,two-sided paired Wilcoxon signed-rank test,0.03125,0.0625,1.971099043,1.0,0.0,AU-L06-W01;AU-L06-W02;AU-L06-W03;AU-L06-W04;AU-L06-W05;AU-L06-W06,2,False
computational.anti_uav410.load_6.fallback,computational boundary,CA-HMCD vs Genetic-Algorithm,fallback,CA-HMCD,Genetic-Algorithm,lower,anti_uav410,6,anti_uav410.load_6,Anti-UAV410 load 6,6,30,0.1486111111,0.0,0.1486111111,0.0958333333,0.2078703704,"BCa paired cluster bootstrap, 10000 resamples",0,two-sided paired Wilcoxon signed-rank test,0.03125,0.0625,1.971099043,1.0,0.0,AU-L06-W01;AU-L06-W02;AU-L06-W03;AU-L06-W04;AU-L06-W05;AU-L06-W06,2,False
computational.anti_uav410.load_6.node_limit_run_indicator,computational boundary,CA-HMCD vs HiGHS-MILP,node_limit_run_indicator,CA-HMCD,HiGHS-MILP,lower,anti_uav410,6,anti_uav410.load_6,Anti-UAV410 load 6,6,30,0.7666666667,0.0,0.7666666667,0.6333333333,0.8833333333,"BCa paired cluster bootstrap, 10000 resamples",0,two-sided paired Wilcoxon signed-rank test,0.03125,0.0625,4.4428376034,1.0,0.0,AU-L06-W01;AU-L06-W02;AU-L06-W03;AU-L06-W04;AU-L06-W05;AU-L06-W06,2,False
computational.anti_uav410.load_6.node_limit_run_indicator,computational boundary,CA-HMCD vs Genetic-Algorithm,node_limit_run_indicator,CA-HMCD,Genetic-Algorithm,lower,anti_uav410,6,anti_uav410.load_6,Anti-UAV410 load 6,6,30,0.7666666667,0.0,0.7666666667,0.6222222222,0.8777777778,"BCa paired cluster bootstrap, 10000 resamples",0,two-sided paired Wilcoxon signed-rank test,0.03125,0.0625,4.4428376034,1.0,0.0,AU-L06-W01;AU-L06-W02;AU-L06-W03;AU-L06-W04;AU-L06-W05;AU-L06-W06,2,False
mechanism.anti_uav410.load_6.candidate_feasible_before_dominance,candidate mechanism,CA-HMCD vs HiGHS-MILP,candidate_feasible_before_dominance,CA-HMCD,HiGHS-MILP,descriptive,anti_uav410,6,anti_uav410.load_6,Anti-UAV410 load 6,6,30,622.9523148148,622.9523148148,0.0,0.0,0.0,"BCa paired cluster bootstrap, 10000 resamples",0.0,two-sided paired Wilcoxon signed-rank test,1.0,1.0,0.0,0.0,1.5,AU-L06-W01;AU-L06-W02;AU-L06-W03;AU-L06-W04;AU-L06-W05;AU-L06-W06,2,False
mechanism.anti_uav410.load_6.candidate_feasible_before_dominance,candidate mechanism,CA-HMCD vs Genetic-Algorithm,candidate_feasible_before_dominance,CA-HMCD,Genetic-Algorithm,descriptive,anti_uav410,6,anti_uav410.load_6,Anti-UAV410 load 6,6,30,622.9523148148,622.9523148148,0.0,0.0,0.0,"BCa paired cluster bootstrap, 10000 resamples",0.0,two-sided paired Wilcoxon signed-rank test,1.0,1.0,0.0,0.0,1.5,AU-L06-W01;AU-L06-W02;AU-L06-W03;AU-L06-W04;AU-L06-W05;AU-L06-W06,2,False
mechanism.anti_uav410.load_6.candidate_after_diversity,candidate mechanism,CA-HMCD vs HiGHS-MILP,candidate_after_diversity,CA-HMCD,HiGHS-MILP,descriptive,anti_uav410,6,anti_uav410.load_6,Anti-UAV410 load 6,6,30,50.6791666667,622.9523148148,-572.2731481481,-612.3148148148,-511.2740740741,"BCa paired cluster bootstrap, 10000 resamples",0,two-sided paired Wilcoxon signed-rank test,0.03125,0.0625,-8.462051422,-1.0,0.0,AU-L06-W01;AU-L06-W02;AU-L06-W03;AU-L06-W04;AU-L06-W05;AU-L06-W06,2,False
mechanism.anti_uav410.load_6.candidate_after_diversity,candidate mechanism,CA-HMCD vs Genetic-Algorithm,candidate_after_diversity,CA-HMCD,Genetic-Algorithm,descriptive,anti_uav410,6,anti_uav410.load_6,Anti-UAV410 load 6,6,30,50.6791666667,622.9523148148,-572.2731481481,-612.4777777778,-508.4731481481,"BCa paired cluster bootstrap, 10000 resamples",0,two-sided paired Wilcoxon signed-rank test,0.03125,0.0625,-8.462051422,-1.0,0.0,AU-L06-W01;AU-L06-W02;AU-L06-W03;AU-L06-W04;AU-L06-W05;AU-L06-W06,2,False
mechanism.anti_uav410.load_6.nodes,candidate mechanism,CA-HMCD vs HiGHS-MILP,nodes,CA-HMCD,HiGHS-MILP,descriptive,anti_uav410,6,anti_uav410.load_6,Anti-UAV410 load 6,6,30,1752.8662037037,1.0,1751.8662037037,1401.9152777778,2080.8305555556,"BCa paired cluster bootstrap, 10000 resamples",0,two-sided paired Wilcoxon signed-rank test,0.03125,0.0625,3.6385687952,1.0,0.0,AU-L06-W01;AU-L06-W02;AU-L06-W03;AU-L06-W04;AU-L06-W05;AU-L06-W06,2,False
mechanism.anti_uav410.load_6.nodes,candidate mechanism,CA-HMCD vs Genetic-Algorithm,nodes,CA-HMCD,Genetic-Algorithm,descriptive,anti_uav410,6,anti_uav410.load_6,Anti-UAV410 load 6,6,30,1752.8662037037,4000.0,-2247.1337962963,-2596.7138888889,-1909.9861111111,"BCa paired cluster bootstrap, 10000 resamples",0,two-sided paired Wilcoxon signed-rank test,0.03125,0.0625,-4.667223383,-1.0,0.0,AU-L06-W01;AU-L06-W02;AU-L06-W03;AU-L06-W04;AU-L06-W05;AU-L06-W06,2,False
mechanism.anti_uav410.load_6.repair_applied,candidate mechanism,CA-HMCD vs HiGHS-MILP,repair_applied,CA-HMCD,HiGHS-MILP,lower,anti_uav410,6,anti_uav410.load_6,Anti-UAV410 load 6,6,30,0.0,0.0,0.0,0.0,0.0,"BCa paired cluster bootstrap, 10000 resamples",0.0,two-sided paired Wilcoxon signed-rank test,1.0,1.0,0.0,0.0,0.5,AU-L06-W01;AU-L06-W02;AU-L06-W03;AU-L06-W04;AU-L06-W05;AU-L06-W06,2,False
mechanism.anti_uav410.load_6.repair_applied,candidate mechanism,CA-HMCD vs Genetic-Algorithm,repair_applied,CA-HMCD,Genetic-Algorithm,lower,anti_uav410,6,anti_uav410.load_6,Anti-UAV410 load 6,6,30,0.0,0.0,0.0,0.0,0.0,"BCa paired cluster bootstrap, 10000 resamples",0.0,two-sided paired Wilcoxon signed-rank test,1.0,1.0,0.0,0.0,0.5,AU-L06-W01;AU-L06-W02;AU-L06-W03;AU-L06-W04;AU-L06-W05;AU-L06-W06,2,False
performance.anti_uav410.load_8.external_objective,primary performance,CA-HMCD vs HiGHS-MILP,external_objective,CA-HMCD,HiGHS-MILP,higher,anti_uav410,8,anti_uav410.load_8,Anti-UAV410 load 8,4,30,0.0943728316,0.1578397238,-0.0634668922,-0.0845193562,-0.0424144282,"BCa paired cluster bootstrap, 10000 resamples",0,two-sided paired Wilcoxon signed-rank test,0.125,0.25,-2.385569722,-1.0,0.0,AU-L08-W01;AU-L08-W02;AU-L08-W03;AU-L08-W04,2,False
performance.anti_uav410.load_8.external_objective,primary performance,CA-HMCD vs Genetic-Algorithm,external_objective,CA-HMCD,Genetic-Algorithm,higher,anti_uav410,8,anti_uav410.load_8,Anti-UAV410 load 8,4,30,0.0943728316,0.1421344546,-0.047761623,-0.0681000164,-0.0372586077,"BCa paired cluster bootstrap, 10000 resamples",0,two-sided paired Wilcoxon signed-rank test,0.125,0.25,-2.3975580783,-1.0,0.0,AU-L08-W01;AU-L08-W02;AU-L08-W03;AU-L08-W04,2,False
performance.anti_uav410.load_8.independent_service_score,primary performance,CA-HMCD vs HiGHS-MILP,independent_service_score,CA-HMCD,HiGHS-MILP,higher,anti_uav410,8,anti_uav410.load_8,Anti-UAV410 load 8,4,30,0.5004035771,0.5283606365,-0.0279570594,-0.0339091576,-0.0234355928,"BCa paired cluster bootstrap, 10000 resamples",0,two-sided paired Wilcoxon signed-rank test,0.125,0.25,-4.8836455358,-1.0,0.0,AU-L08-W01;AU-L08-W02;AU-L08-W03;AU-L08-W04,2,False
performance.anti_uav410.load_8.independent_service_score,primary performance,CA-HMCD vs Genetic-Algorithm,independent_service_score,CA-HMCD,Genetic-Algorithm,higher,anti_uav410,8,anti_uav410.load_8,Anti-UAV410 load 8,4,30,0.5004035771,0.5258106522,-0.025407075,-0.0301412937,-0.0224910179,"BCa paired cluster bootstrap, 10000 resamples",0,two-sided paired Wilcoxon signed-rank test,0.125,0.25,-5.4279308949,-1.0,0.0,AU-L08-W01;AU-L08-W02;AU-L08-W03;AU-L08-W04,2,False
performance.anti_uav410.load_8.independent_coverage,primary performance,CA-HMCD vs HiGHS-MILP,independent_coverage,CA-HMCD,HiGHS-MILP,higher,anti_uav410,8,anti_uav410.load_8,Anti-UAV410 load 8,4,30,0.8039054233,0.8900545635,-0.0861491402,-0.1034829696,-0.0722635582,"BCa paired cluster bootstrap, 10000 resamples",0,two-sided paired Wilcoxon signed-rank test,0.125,0.25,-5.0658600016,-1.0,0.0,AU-L08-W01;AU-L08-W02;AU-L08-W03;AU-L08-W04,2,False
performance.anti_uav410.load_8.independent_coverage,primary performance,CA-HMCD vs Genetic-Algorithm,independent_coverage,CA-HMCD,Genetic-Algorithm,higher,anti_uav410,8,anti_uav410.load_8,Anti-UAV410 load 8,4,30,0.8039054233,0.8825314153,-0.0786259921,-0.0920246362,-0.0686755952,"BCa paired cluster bootstrap, 10000 resamples",0,two-sided paired Wilcoxon signed-rank test,0.125,0.25,-6.130695927,-1.0,0.0,AU-L08-W01;AU-L08-W02;AU-L08-W03;AU-L08-W04,2,False
computational.anti_uav410.load_8.end_to_end_runtime_ms,computational boundary,CA-HMCD vs HiGHS-MILP,end_to_end_runtime_ms,CA-HMCD,HiGHS-MILP,lower,anti_uav410,8,anti_uav410.load_8,Anti-UAV410 load 8,4,30,245.6884190278,57.4415046528,188.246914375,177.4730904861,198.6752804167,"BCa paired cluster bootstrap, 10000 resamples",0,two-sided paired Wilcoxon signed-rank test,0.125,0.25,16.116904149,1.0,0.0,AU-L08-W01;AU-L08-W02;AU-L08-W03;AU-L08-W04,2,False
computational.anti_uav410.load_8.end_to_end_runtime_ms,computational boundary,CA-HMCD vs Genetic-Algorithm,end_to_end_runtime_ms,CA-HMCD,Genetic-Algorithm,lower,anti_uav410,8,anti_uav410.load_8,Anti-UAV410 load 8,4,30,245.6884190278,145.4651291666,100.2232898611,88.9924813889,110.4468913889,"BCa paired cluster bootstrap, 10000 resamples",0,two-sided paired Wilcoxon signed-rank test,0.125,0.25,8.5537524174,1.0,0.0,AU-L08-W01;AU-L08-W02;AU-L08-W03;AU-L08-W04,2,False
computational.anti_uav410.load_8.solver_elapsed_ms,computational boundary,CA-HMCD vs HiGHS-MILP,solver_elapsed_ms,CA-HMCD,HiGHS-MILP,lower,anti_uav410,8,anti_uav410.load_8,Anti-UAV410 load 8,4,30,29.6012045139,19.3264641667,10.2747403473,7.4144866667,11.9780467362,"BCa paired cluster bootstrap, 10000 resamples",0,two-sided paired Wilcoxon signed-rank test,0.125,0.25,3.7820794462,1.0,0.0,AU-L08-W01;AU-L08-W02;AU-L08-W03;AU-L08-W04,2,False
computational.anti_uav410.load_8.solver_elapsed_ms,computational boundary,CA-HMCD vs Genetic-Algorithm,solver_elapsed_ms,CA-HMCD,Genetic-Algorithm,lower,anti_uav410,8,anti_uav410.load_8,Anti-UAV410 load 8,4,30,29.6012045139,106.7227945139,-77.12159,-79.8882697917,-75.151889236,"BCa paired cluster bootstrap, 10000 resamples",0,two-sided paired Wilcoxon signed-rank test,0.125,0.25,-29.3976031092,-1.0,1.0,AU-L08-W01;AU-L08-W02;AU-L08-W03;AU-L08-W04,2,False
computational.anti_uav410.load_8.fallback,computational boundary,CA-HMCD vs HiGHS-MILP,fallback,CA-HMCD,HiGHS-MILP,lower,anti_uav410,8,anti_uav410.load_8,Anti-UAV410 load 8,4,30,0.6583333333,0.0,0.6583333333,0.6027777778,0.6972222222,"BCa paired cluster bootstrap, 10000 resamples",0,two-sided paired Wilcoxon signed-rank test,0.125,0.25,12.0009614999,1.0,0.0,AU-L08-W01;AU-L08-W02;AU-L08-W03;AU-L08-W04,2,False
computational.anti_uav410.load_8.fallback,computational boundary,CA-HMCD vs Genetic-Algorithm,fallback,CA-HMCD,Genetic-Algorithm,lower,anti_uav410,8,anti_uav410.load_8,Anti-UAV410 load 8,4,30,0.6583333333,0.0,0.6583333333,0.6027777778,0.6972222222,"BCa paired cluster bootstrap, 10000 resamples",0,two-sided paired Wilcoxon signed-rank test,0.125,0.25,12.0009614999,1.0,0.0,AU-L08-W01;AU-L08-W02;AU-L08-W03;AU-L08-W04,2,False
computational.anti_uav410.load_8.node_limit_run_indicator,computational boundary,CA-HMCD vs HiGHS-MILP,node_limit_run_indicator,CA-HMCD,HiGHS-MILP,lower,anti_uav410,8,anti_uav410.load_8,Anti-UAV410 load 8,4,30,1.0,0.0,1.0,1.0,1.0,"BCa paired cluster bootstrap, 10000 resamples",0,two-sided paired Wilcoxon signed-rank test,0.125,0.25,0.0,1.0,0.0,AU-L08-W01;AU-L08-W02;AU-L08-W03;AU-L08-W04,2,False
computational.anti_uav410.load_8.node_limit_run_indicator,computational boundary,CA-HMCD vs Genetic-Algorithm,node_limit_run_indicator,CA-HMCD,Genetic-Algorithm,lower,anti_uav410,8,anti_uav410.load_8,Anti-UAV410 load 8,4,30,1.0,0.0,1.0,1.0,1.0,"BCa paired cluster bootstrap, 10000 resamples",0,two-sided paired Wilcoxon signed-rank test,0.125,0.25,0.0,1.0,0.0,AU-L08-W01;AU-L08-W02;AU-L08-W03;AU-L08-W04,2,False
mechanism.anti_uav410.load_8.candidate_feasible_before_dominance,candidate mechanism,CA-HMCD vs HiGHS-MILP,candidate_feasible_before_dominance,CA-HMCD,HiGHS-MILP,descriptive,anti_uav410,8,anti_uav410.load_8,Anti-UAV410 load 8,4,30,827.5361111111,827.5361111111,0.0,0.0,0.0,"BCa paired cluster bootstrap, 10000 resamples",0.0,two-sided paired Wilcoxon signed-rank test,1.0,1.0,0.0,0.0,1.5,AU-L08-W01;AU-L08-W02;AU-L08-W03;AU-L08-W04,2,False
mechanism.anti_uav410.load_8.candidate_feasible_before_dominance,candidate mechanism,CA-HMCD vs Genetic-Algorithm,candidate_feasible_before_dominance,CA-HMCD,Genetic-Algorithm,descriptive,anti_uav410,8,anti_uav410.load_8,Anti-UAV410 load 8,4,30,827.5361111111,827.5361111111,0.0,0.0,0.0,"BCa paired cluster bootstrap, 10000 resamples",0.0,two-sided paired Wilcoxon signed-rank test,1.0,1.0,0.0,0.0,1.5,AU-L08-W01;AU-L08-W02;AU-L08-W03;AU-L08-W04,2,False
mechanism.anti_uav410.load_8.candidate_after_diversity,candidate mechanism,CA-HMCD vs HiGHS-MILP,candidate_after_diversity,CA-HMCD,HiGHS-MILP,descriptive,anti_uav410,8,anti_uav410.load_8,Anti-UAV410 load 8,4,30,66.8951388889,827.5361111111,-760.6409722222,-793.4847222222,-716.325,"BCa paired cluster bootstrap, 10000 resamples",0,two-sided paired Wilcoxon signed-rank test,0.125,0.25,-17.4632907335,-1.0,0.0,AU-L08-W01;AU-L08-W02;AU-L08-W03;AU-L08-W04,2,False
mechanism.anti_uav410.load_8.candidate_after_diversity,candidate mechanism,CA-HMCD vs Genetic-Algorithm,candidate_after_diversity,CA-HMCD,Genetic-Algorithm,descriptive,anti_uav410,8,anti_uav410.load_8,Anti-UAV410 load 8,4,30,66.8951388889,827.5361111111,-760.6409722222,-793.4847222222,-716.325,"BCa paired cluster bootstrap, 10000 resamples",0,two-sided paired Wilcoxon signed-rank test,0.125,0.25,-17.4632907335,-1.0,0.0,AU-L08-W01;AU-L08-W02;AU-L08-W03;AU-L08-W04,2,False
mechanism.anti_uav410.load_8.nodes,candidate mechanism,CA-HMCD vs HiGHS-MILP,nodes,CA-HMCD,HiGHS-MILP,descriptive,anti_uav410,8,anti_uav410.load_8,Anti-UAV410 load 8,4,30,3288.6972222222,1.0,3287.6972222222,3191.9069444444,3386.5791666667,"BCa paired cluster bootstrap, 10000 resamples",0,two-sided paired Wilcoxon signed-rank test,0.125,0.25,29.7054309854,1.0,0.0,AU-L08-W01;AU-L08-W02;AU-L08-W03;AU-L08-W04,2,False
mechanism.anti_uav410.load_8.nodes,candidate mechanism,CA-HMCD vs Genetic-Algorithm,nodes,CA-HMCD,Genetic-Algorithm,descriptive,anti_uav410,8,anti_uav410.load_8,Anti-UAV410 load 8,4,30,3288.6972222222,4000.0,-711.3027777778,-807.0930555556,-612.4208333333,"BCa paired cluster bootstrap, 10000 resamples",0,two-sided paired Wilcoxon signed-rank test,0.125,0.25,-6.4268556825,-1.0,0.0,AU-L08-W01;AU-L08-W02;AU-L08-W03;AU-L08-W04,2,False
mechanism.anti_uav410.load_8.repair_applied,candidate mechanism,CA-HMCD vs HiGHS-MILP,repair_applied,CA-HMCD,HiGHS-MILP,lower,anti_uav410,8,anti_uav410.load_8,Anti-UAV410 load 8,4,30,0.0,0.0,0.0,0.0,0.0,"BCa paired cluster bootstrap, 10000 resamples",0.0,two-sided paired Wilcoxon signed-rank test,1.0,1.0,0.0,0.0,0.5,AU-L08-W01;AU-L08-W02;AU-L08-W03;AU-L08-W04,2,False
mechanism.anti_uav410.load_8.repair_applied,candidate mechanism,CA-HMCD vs Genetic-Algorithm,repair_applied,CA-HMCD,Genetic-Algorithm,lower,anti_uav410,8,anti_uav410.load_8,Anti-UAV410 load 8,4,30,0.0,0.0,0.0,0.0,0.0,"BCa paired cluster bootstrap, 10000 resamples",0.0,two-sided paired Wilcoxon signed-rank test,1.0,1.0,0.0,0.0,0.5,AU-L08-W01;AU-L08-W02;AU-L08-W03;AU-L08-W04,2,False
performance.uzh_fpv.load_1.external_objective,primary performance,CA-HMCD vs HiGHS-MILP,external_objective,CA-HMCD,HiGHS-MILP,higher,uzh_fpv,1,uzh_fpv.load_1,UZH-FPV single-target replay,16,30,-0.0018483716,-0.0018483716,0.0,0.0,0.0,"BCa paired cluster bootstrap, 10000 resamples",0.0,two-sided paired Wilcoxon signed-rank test,1.0,1.0,0.0,0.0,0.5,indoor_45_12;indoor_45_13;indoor_45_14;indoor_45_2;indoor_45_4;indoor_45_9;indoor_forward_10;indoor_forward_3;indoor_forward_5;indoor_forward_6;indoor_forward_7;indoor_forward_9;outdoor_45_1;outdoor_forward_1;outdoor_forward_3;outdoor_forward_5,2,False
performance.uzh_fpv.load_1.external_objective,primary performance,CA-HMCD vs Genetic-Algorithm,external_objective,CA-HMCD,Genetic-Algorithm,higher,uzh_fpv,1,uzh_fpv.load_1,UZH-FPV single-target replay,16,30,-0.0018483716,-0.0018483716,0.0,0.0,0.0,"BCa paired cluster bootstrap, 10000 resamples",0.0,two-sided paired Wilcoxon signed-rank test,1.0,1.0,0.0,0.0,0.5,indoor_45_12;indoor_45_13;indoor_45_14;indoor_45_2;indoor_45_4;indoor_45_9;indoor_forward_10;indoor_forward_3;indoor_forward_5;indoor_forward_6;indoor_forward_7;indoor_forward_9;outdoor_45_1;outdoor_forward_1;outdoor_forward_3;outdoor_forward_5,2,False
performance.uzh_fpv.load_1.independent_service_score,primary performance,CA-HMCD vs HiGHS-MILP,independent_service_score,CA-HMCD,HiGHS-MILP,higher,uzh_fpv,1,uzh_fpv.load_1,UZH-FPV single-target replay,16,30,0.5154212582,0.5154212582,0.0,0.0,0.0,"BCa paired cluster bootstrap, 10000 resamples",0.0,two-sided paired Wilcoxon signed-rank test,1.0,1.0,0.0,0.0,0.5,indoor_45_12;indoor_45_13;indoor_45_14;indoor_45_2;indoor_45_4;indoor_45_9;indoor_forward_10;indoor_forward_3;indoor_forward_5;indoor_forward_6;indoor_forward_7;indoor_forward_9;outdoor_45_1;outdoor_forward_1;outdoor_forward_3;outdoor_forward_5,2,False
performance.uzh_fpv.load_1.independent_service_score,primary performance,CA-HMCD vs Genetic-Algorithm,independent_service_score,CA-HMCD,Genetic-Algorithm,higher,uzh_fpv,1,uzh_fpv.load_1,UZH-FPV single-target replay,16,30,0.5154212582,0.5154212582,0.0,0.0,0.0,"BCa paired cluster bootstrap, 10000 resamples",0.0,two-sided paired Wilcoxon signed-rank test,1.0,1.0,0.0,0.0,0.5,indoor_45_12;indoor_45_13;indoor_45_14;indoor_45_2;indoor_45_4;indoor_45_9;indoor_forward_10;indoor_forward_3;indoor_forward_5;indoor_forward_6;indoor_forward_7;indoor_forward_9;outdoor_45_1;outdoor_forward_1;outdoor_forward_3;outdoor_forward_5,2,False
performance.uzh_fpv.load_1.independent_coverage,primary performance,CA-HMCD vs HiGHS-MILP,independent_coverage,CA-HMCD,HiGHS-MILP,higher,uzh_fpv,1,uzh_fpv.load_1,UZH-FPV single-target replay,16,30,0.8291666667,0.8291666667,0.0,0.0,0.0,"BCa paired cluster bootstrap, 10000 resamples",0.0,two-sided paired Wilcoxon signed-rank test,1.0,1.0,0.0,0.0,0.5,indoor_45_12;indoor_45_13;indoor_45_14;indoor_45_2;indoor_45_4;indoor_45_9;indoor_forward_10;indoor_forward_3;indoor_forward_5;indoor_forward_6;indoor_forward_7;indoor_forward_9;outdoor_45_1;outdoor_forward_1;outdoor_forward_3;outdoor_forward_5,2,False
performance.uzh_fpv.load_1.independent_coverage,primary performance,CA-HMCD vs Genetic-Algorithm,independent_coverage,CA-HMCD,Genetic-Algorithm,higher,uzh_fpv,1,uzh_fpv.load_1,UZH-FPV single-target replay,16,30,0.8291666667,0.8291666667,0.0,0.0,0.0,"BCa paired cluster bootstrap, 10000 resamples",0.0,two-sided paired Wilcoxon signed-rank test,1.0,1.0,0.0,0.0,0.5,indoor_45_12;indoor_45_13;indoor_45_14;indoor_45_2;indoor_45_4;indoor_45_9;indoor_forward_10;indoor_forward_3;indoor_forward_5;indoor_forward_6;indoor_forward_7;indoor_forward_9;outdoor_45_1;outdoor_forward_1;outdoor_forward_3;outdoor_forward_5,2,False
computational.uzh_fpv.load_1.end_to_end_runtime_ms,computational boundary,CA-HMCD vs HiGHS-MILP,end_to_end_runtime_ms,CA-HMCD,HiGHS-MILP,lower,uzh_fpv,1,uzh_fpv.load_1,UZH-FPV single-target replay,16,30,35.7153274653,9.3418590972,26.3734683681,24.6180261329,27.9231449423,"BCa paired cluster bootstrap, 10000 resamples",0,two-sided paired Wilcoxon signed-rank test,3.05176e-05,6.10352e-05,7.4932378134,1.0,0.0,indoor_45_12;indoor_45_13;indoor_45_14;indoor_45_2;indoor_45_4;indoor_45_9;indoor_forward_10;indoor_forward_3;indoor_forward_5;indoor_forward_6;indoor_forward_7;indoor_forward_9;outdoor_45_1;outdoor_forward_1;outdoor_forward_3;outdoor_forward_5,2,True
computational.uzh_fpv.load_1.end_to_end_runtime_ms,computational boundary,CA-HMCD vs Genetic-Algorithm,end_to_end_runtime_ms,CA-HMCD,Genetic-Algorithm,lower,uzh_fpv,1,uzh_fpv.load_1,UZH-FPV single-target replay,16,30,35.7153274653,53.4675213021,-17.7521938368,-19.7831388588,-15.9404434515,"BCa paired cluster bootstrap, 10000 resamples",0,two-sided paired Wilcoxon signed-rank test,3.05176e-05,6.10352e-05,-4.4049031299,-1.0,1.0,indoor_45_12;indoor_45_13;indoor_45_14;indoor_45_2;indoor_45_4;indoor_45_9;indoor_forward_10;indoor_forward_3;indoor_forward_5;indoor_forward_6;indoor_forward_7;indoor_forward_9;outdoor_45_1;outdoor_forward_1;outdoor_forward_3;outdoor_forward_5,2,True
computational.uzh_fpv.load_1.solver_elapsed_ms,computational boundary,CA-HMCD vs HiGHS-MILP,solver_elapsed_ms,CA-HMCD,HiGHS-MILP,lower,uzh_fpv,1,uzh_fpv.load_1,UZH-FPV single-target replay,16,30,0.1480012847,2.834063941,-2.6860626562,-2.7780019573,-2.5505706437,"BCa paired cluster bootstrap, 10000 resamples",0,two-sided paired Wilcoxon signed-rank test,3.05176e-05,6.10352e-05,-11.5914217351,-1.0,1.0,indoor_45_12;indoor_45_13;indoor_45_14;indoor_45_2;indoor_45_4;indoor_45_9;indoor_forward_10;indoor_forward_3;indoor_forward_5;indoor_forward_6;indoor_forward_7;indoor_forward_9;outdoor_45_1;outdoor_forward_1;outdoor_forward_3;outdoor_forward_5,2,True
computational.uzh_fpv.load_1.solver_elapsed_ms,computational boundary,CA-HMCD vs Genetic-Algorithm,solver_elapsed_ms,CA-HMCD,Genetic-Algorithm,lower,uzh_fpv,1,uzh_fpv.load_1,UZH-FPV single-target replay,16,30,0.1480012847,46.8800271875,-46.7320259028,-47.4016139738,-46.1612620202,"BCa paired cluster bootstrap, 10000 resamples",0,two-sided paired Wilcoxon signed-rank test,3.05176e-05,6.10352e-05,-36.1733432623,-1.0,1.0,indoor_45_12;indoor_45_13;indoor_45_14;indoor_45_2;indoor_45_4;indoor_45_9;indoor_forward_10;indoor_forward_3;indoor_forward_5;indoor_forward_6;indoor_forward_7;indoor_forward_9;outdoor_45_1;outdoor_forward_1;outdoor_forward_3;outdoor_forward_5,2,True
computational.uzh_fpv.load_1.fallback,computational boundary,CA-HMCD vs HiGHS-MILP,fallback,CA-HMCD,HiGHS-MILP,lower,uzh_fpv,1,uzh_fpv.load_1,UZH-FPV single-target replay,16,30,0.0,0.0,0.0,0.0,0.0,"BCa paired cluster bootstrap, 10000 resamples",0.0,two-sided paired Wilcoxon signed-rank test,1.0,1.0,0.0,0.0,0.5,indoor_45_12;indoor_45_13;indoor_45_14;indoor_45_2;indoor_45_4;indoor_45_9;indoor_forward_10;indoor_forward_3;indoor_forward_5;indoor_forward_6;indoor_forward_7;indoor_forward_9;outdoor_45_1;outdoor_forward_1;outdoor_forward_3;outdoor_forward_5,2,False
computational.uzh_fpv.load_1.fallback,computational boundary,CA-HMCD vs Genetic-Algorithm,fallback,CA-HMCD,Genetic-Algorithm,lower,uzh_fpv,1,uzh_fpv.load_1,UZH-FPV single-target replay,16,30,0.0,0.0,0.0,0.0,0.0,"BCa paired cluster bootstrap, 10000 resamples",0.0,two-sided paired Wilcoxon signed-rank test,1.0,1.0,0.0,0.0,0.5,indoor_45_12;indoor_45_13;indoor_45_14;indoor_45_2;indoor_45_4;indoor_45_9;indoor_forward_10;indoor_forward_3;indoor_forward_5;indoor_forward_6;indoor_forward_7;indoor_forward_9;outdoor_45_1;outdoor_forward_1;outdoor_forward_3;outdoor_forward_5,2,False
computational.uzh_fpv.load_1.node_limit_run_indicator,computational boundary,CA-HMCD vs HiGHS-MILP,node_limit_run_indicator,CA-HMCD,HiGHS-MILP,lower,uzh_fpv,1,uzh_fpv.load_1,UZH-FPV single-target replay,16,30,0.0,0.0,0.0,0.0,0.0,"BCa paired cluster bootstrap, 10000 resamples",0.0,two-sided paired Wilcoxon signed-rank test,1.0,1.0,0.0,0.0,0.5,indoor_45_12;indoor_45_13;indoor_45_14;indoor_45_2;indoor_45_4;indoor_45_9;indoor_forward_10;indoor_forward_3;indoor_forward_5;indoor_forward_6;indoor_forward_7;indoor_forward_9;outdoor_45_1;outdoor_forward_1;outdoor_forward_3;outdoor_forward_5,2,False
computational.uzh_fpv.load_1.node_limit_run_indicator,computational boundary,CA-HMCD vs Genetic-Algorithm,node_limit_run_indicator,CA-HMCD,Genetic-Algorithm,lower,uzh_fpv,1,uzh_fpv.load_1,UZH-FPV single-target replay,16,30,0.0,0.0,0.0,0.0,0.0,"BCa paired cluster bootstrap, 10000 resamples",0.0,two-sided paired Wilcoxon signed-rank test,1.0,1.0,0.0,0.0,0.5,indoor_45_12;indoor_45_13;indoor_45_14;indoor_45_2;indoor_45_4;indoor_45_9;indoor_forward_10;indoor_forward_3;indoor_forward_5;indoor_forward_6;indoor_forward_7;indoor_forward_9;outdoor_45_1;outdoor_forward_1;outdoor_forward_3;outdoor_forward_5,2,False
mechanism.uzh_fpv.load_1.candidate_feasible_before_dominance,candidate mechanism,CA-HMCD vs HiGHS-MILP,candidate_feasible_before_dominance,CA-HMCD,HiGHS-MILP,descriptive,uzh_fpv,1,uzh_fpv.load_1,UZH-FPV single-target replay,16,30,130.7572916667,130.7572916667,0.0,0.0,0.0,"BCa paired cluster bootstrap, 10000 resamples",0.0,two-sided paired Wilcoxon signed-rank test,1.0,1.0,0.0,0.0,1.5,indoor_45_12;indoor_45_13;indoor_45_14;indoor_45_2;indoor_45_4;indoor_45_9;indoor_forward_10;indoor_forward_3;indoor_forward_5;indoor_forward_6;indoor_forward_7;indoor_forward_9;outdoor_45_1;outdoor_forward_1;outdoor_forward_3;outdoor_forward_5,2,False
mechanism.uzh_fpv.load_1.candidate_feasible_before_dominance,candidate mechanism,CA-HMCD vs Genetic-Algorithm,candidate_feasible_before_dominance,CA-HMCD,Genetic-Algorithm,descriptive,uzh_fpv,1,uzh_fpv.load_1,UZH-FPV single-target replay,16,30,130.7572916667,130.7572916667,0.0,0.0,0.0,"BCa paired cluster bootstrap, 10000 resamples",0.0,two-sided paired Wilcoxon signed-rank test,1.0,1.0,0.0,0.0,1.5,indoor_45_12;indoor_45_13;indoor_45_14;indoor_45_2;indoor_45_4;indoor_45_9;indoor_forward_10;indoor_forward_3;indoor_forward_5;indoor_forward_6;indoor_forward_7;indoor_forward_9;outdoor_45_1;outdoor_forward_1;outdoor_forward_3;outdoor_forward_5,2,False
mechanism.uzh_fpv.load_1.candidate_after_diversity,candidate mechanism,CA-HMCD vs HiGHS-MILP,candidate_after_diversity,CA-HMCD,HiGHS-MILP,descriptive,uzh_fpv,1,uzh_fpv.load_1,UZH-FPV single-target replay,16,30,10.3555555556,130.7572916667,-120.4017361111,-126.3038818035,-112.9113595078,"BCa paired cluster bootstrap, 10000 resamples",0,two-sided paired Wilcoxon signed-rank test,3.05176e-05,6.10352e-05,-8.547725494,-1.0,0.0,indoor_45_12;indoor_45_13;indoor_45_14;indoor_45_2;indoor_45_4;indoor_45_9;indoor_forward_10;indoor_forward_3;indoor_forward_5;indoor_forward_6;indoor_forward_7;indoor_forward_9;outdoor_45_1;outdoor_forward_1;outdoor_forward_3;outdoor_forward_5,2,True
mechanism.uzh_fpv.load_1.candidate_after_diversity,candidate mechanism,CA-HMCD vs Genetic-Algorithm,candidate_after_diversity,CA-HMCD,Genetic-Algorithm,descriptive,uzh_fpv,1,uzh_fpv.load_1,UZH-FPV single-target replay,16,30,10.3555555556,130.7572916667,-120.4017361111,-126.2484982692,-112.7941187894,"BCa paired cluster bootstrap, 10000 resamples",0,two-sided paired Wilcoxon signed-rank test,3.05176e-05,6.10352e-05,-8.547725494,-1.0,0.0,indoor_45_12;indoor_45_13;indoor_45_14;indoor_45_2;indoor_45_4;indoor_45_9;indoor_forward_10;indoor_forward_3;indoor_forward_5;indoor_forward_6;indoor_forward_7;indoor_forward_9;outdoor_45_1;outdoor_forward_1;outdoor_forward_3;outdoor_forward_5,2,True
mechanism.uzh_fpv.load_1.nodes,candidate mechanism,CA-HMCD vs HiGHS-MILP,nodes,CA-HMCD,HiGHS-MILP,descriptive,uzh_fpv,1,uzh_fpv.load_1,UZH-FPV single-target replay,16,30,7.3614583333,0.0,7.3614583333,6.8840710837,7.8009372305,"BCa paired cluster bootstrap, 10000 resamples",0,two-sided paired Wilcoxon signed-rank test,3.05176e-05,6.10352e-05,7.519464993,1.0,0.0,indoor_45_12;indoor_45_13;indoor_45_14;indoor_45_2;indoor_45_4;indoor_45_9;indoor_forward_10;indoor_forward_3;indoor_forward_5;indoor_forward_6;indoor_forward_7;indoor_forward_9;outdoor_45_1;outdoor_forward_1;outdoor_forward_3;outdoor_forward_5,2,True
mechanism.uzh_fpv.load_1.nodes,candidate mechanism,CA-HMCD vs Genetic-Algorithm,nodes,CA-HMCD,Genetic-Algorithm,descriptive,uzh_fpv,1,uzh_fpv.load_1,UZH-FPV single-target replay,16,30,7.3614583333,4000.0,-3992.6385416667,-3993.1192567615,-3992.1963857413,"BCa paired cluster bootstrap, 10000 resamples",0,two-sided paired Wilcoxon signed-rank test,3.05176e-05,6.10352e-05,-4078.3367077879,-1.0,0.0,indoor_45_12;indoor_45_13;indoor_45_14;indoor_45_2;indoor_45_4;indoor_45_9;indoor_forward_10;indoor_forward_3;indoor_forward_5;indoor_forward_6;indoor_forward_7;indoor_forward_9;outdoor_45_1;outdoor_forward_1;outdoor_forward_3;outdoor_forward_5,2,True
mechanism.uzh_fpv.load_1.repair_applied,candidate mechanism,CA-HMCD vs HiGHS-MILP,repair_applied,CA-HMCD,HiGHS-MILP,lower,uzh_fpv,1,uzh_fpv.load_1,UZH-FPV single-target replay,16,30,0.0,0.0,0.0,0.0,0.0,"BCa paired cluster bootstrap, 10000 resamples",0.0,two-sided paired Wilcoxon signed-rank test,1.0,1.0,0.0,0.0,0.5,indoor_45_12;indoor_45_13;indoor_45_14;indoor_45_2;indoor_45_4;indoor_45_9;indoor_forward_10;indoor_forward_3;indoor_forward_5;indoor_forward_6;indoor_forward_7;indoor_forward_9;outdoor_45_1;outdoor_forward_1;outdoor_forward_3;outdoor_forward_5,2,False
mechanism.uzh_fpv.load_1.repair_applied,candidate mechanism,CA-HMCD vs Genetic-Algorithm,repair_applied,CA-HMCD,Genetic-Algorithm,lower,uzh_fpv,1,uzh_fpv.load_1,UZH-FPV single-target replay,16,30,0.0,0.0,0.0,0.0,0.0,"BCa paired cluster bootstrap, 10000 resamples",0.0,two-sided paired Wilcoxon signed-rank test,1.0,1.0,0.0,0.0,0.5,indoor_45_12;indoor_45_13;indoor_45_14;indoor_45_2;indoor_45_4;indoor_45_9;indoor_forward_10;indoor_forward_3;indoor_forward_5;indoor_forward_6;indoor_forward_7;indoor_forward_9;outdoor_45_1;outdoor_forward_1;outdoor_forward_3;outdoor_forward_5,2,False
performance.anti_uav410.load_2.common_task_response_time,primary performance,CA-HMCD vs HiGHS-MILP,common_task_response_time,CA-HMCD,HiGHS-MILP,lower,anti_uav410,2,anti_uav410.load_2,Anti-UAV410 load 2,10,30,0.4193186283,0.4193186283,0.0,0.0,0.0,"BCa paired cluster bootstrap, 10000 resamples",0.0,two-sided paired Wilcoxon signed-rank test,1.0,1.0,0.0,0.0,0.5,AU-L02-W01;AU-L02-W02;AU-L02-W03;AU-L02-W04;AU-L02-W05;AU-L02-W06;AU-L02-W07;AU-L02-W08;AU-L02-W09;AU-L02-W10,2,False
performance.anti_uav410.load_2.common_task_response_time,primary performance,CA-HMCD vs Genetic-Algorithm,common_task_response_time,CA-HMCD,Genetic-Algorithm,lower,anti_uav410,2,anti_uav410.load_2,Anti-UAV410 load 2,10,30,0.4193186283,0.4195442278,-0.0002255995,-0.0009503374,1.03741e-05,"BCa paired cluster bootstrap, 10000 resamples",8.0,two-sided paired Wilcoxon signed-rank test,0.6875,1.0,-0.3580208099,-0.2380952381,0.5,AU-L02-W01;AU-L02-W02;AU-L02-W03;AU-L02-W04;AU-L02-W05;AU-L02-W06;AU-L02-W07;AU-L02-W08;AU-L02-W09;AU-L02-W10,2,False
performance.anti_uav410.load_4.common_task_response_time,primary performance,CA-HMCD vs HiGHS-MILP,common_task_response_time,CA-HMCD,HiGHS-MILP,lower,anti_uav410,4,anti_uav410.load_4,Anti-UAV410 load 4,8,30,0.4306315353,0.4306578805,-2.63451e-05,-7.29407e-05,-1.038e-06,"BCa paired cluster bootstrap, 10000 resamples",0,two-sided paired Wilcoxon signed-rank test,0.25,0.25,-0.5053895919,-1.0,0.6875,AU-L04-W01;AU-L04-W02;AU-L04-W03;AU-L04-W04;AU-L04-W05;AU-L04-W06;AU-L04-W07;AU-L04-W08,2,False
performance.anti_uav410.load_4.common_task_response_time,primary performance,CA-HMCD vs Genetic-Algorithm,common_task_response_time,CA-HMCD,Genetic-Algorithm,lower,anti_uav410,4,anti_uav410.load_4,Anti-UAV410 load 4,8,30,0.4308356972,0.4320798753,-0.0012441781,-0.0019948141,-0.0006003435,"BCa paired cluster bootstrap, 10000 resamples",0,two-sided paired Wilcoxon signed-rank test,0.0078125,0.015625,-1.1501495762,-1.0,1.0,AU-L04-W01;AU-L04-W02;AU-L04-W03;AU-L04-W04;AU-L04-W05;AU-L04-W06;AU-L04-W07;AU-L04-W08,2,True
performance.anti_uav410.load_6.common_task_response_time,primary performance,CA-HMCD vs HiGHS-MILP,common_task_response_time,CA-HMCD,HiGHS-MILP,lower,anti_uav410,6,anti_uav410.load_6,Anti-UAV410 load 6,6,30,0.4442573678,0.4486773324,-0.0044199646,-0.0062850049,-0.0018763347,"BCa paired cluster bootstrap, 10000 resamples",0,two-sided paired Wilcoxon signed-rank test,0.03125,0.0625,-1.5073059353,-1.0,1.0,AU-L06-W01;AU-L06-W02;AU-L06-W03;AU-L06-W04;AU-L06-W05;AU-L06-W06,2,False
performance.anti_uav410.load_6.common_task_response_time,primary performance,CA-HMCD vs Genetic-Algorithm,common_task_response_time,CA-HMCD,Genetic-Algorithm,lower,anti_uav410,6,anti_uav410.load_6,Anti-UAV410 load 6,6,30,0.444748095,0.4524477232,-0.0076996282,-0.0100512715,-0.0028684016,"BCa paired cluster bootstrap, 10000 resamples",1.0,two-sided paired Wilcoxon signed-rank test,0.0625,0.0625,-1.7629527863,-0.9047619048,0.8333333333,AU-L06-W01;AU-L06-W02;AU-L06-W03;AU-L06-W04;AU-L06-W05;AU-L06-W06,2,False
performance.anti_uav410.load_8.common_task_response_time,primary performance,CA-HMCD vs HiGHS-MILP,common_task_response_time,CA-HMCD,HiGHS-MILP,lower,anti_uav410,8,anti_uav410.load_8,Anti-UAV410 load 8,4,30,0.4119032889,0.4175297167,-0.0056264278,-0.0077788469,-0.0042525766,"BCa paired cluster bootstrap, 10000 resamples",0,two-sided paired Wilcoxon signed-rank test,0.125,0.25,-2.669348934,-1.0,1.0,AU-L08-W01;AU-L08-W02;AU-L08-W03;AU-L08-W04,2,False
performance.anti_uav410.load_8.common_task_response_time,primary performance,CA-HMCD vs Genetic-Algorithm,common_task_response_time,CA-HMCD,Genetic-Algorithm,lower,anti_uav410,8,anti_uav410.load_8,Anti-UAV410 load 8,4,30,0.4119912855,0.4203094279,-0.0083181424,-0.0117133872,-0.0061599179,"BCa paired cluster bootstrap, 10000 resamples",0,two-sided paired Wilcoxon signed-rank test,0.125,0.25,-2.4090122673,-1.0,1.0,AU-L08-W01;AU-L08-W02;AU-L08-W03;AU-L08-W04,2,False
performance.uzh_fpv.load_1.common_task_response_time,primary performance,CA-HMCD vs HiGHS-MILP,common_task_response_time,CA-HMCD,HiGHS-MILP,lower,uzh_fpv,1,uzh_fpv.load_1,UZH-FPV single-target replay,16,30,0.400359474,0.400359474,0.0,0.0,0.0,"BCa paired cluster bootstrap, 10000 resamples",0.0,two-sided paired Wilcoxon signed-rank test,1.0,1.0,0.0,0.0,0.5,indoor_45_12;indoor_45_13;indoor_45_14;indoor_45_2;indoor_45_4;indoor_45_9;indoor_forward_10;indoor_forward_3;indoor_forward_5;indoor_forward_6;indoor_forward_7;indoor_forward_9;outdoor_45_1;outdoor_forward_1;outdoor_forward_3;outdoor_forward_5,2,False
performance.uzh_fpv.load_1.common_task_response_time,primary performance,CA-HMCD vs Genetic-Algorithm,common_task_response_time,CA-HMCD,Genetic-Algorithm,lower,uzh_fpv,1,uzh_fpv.load_1,UZH-FPV single-target replay,16,30,0.400359474,0.400359474,0.0,0.0,0.0,"BCa paired cluster bootstrap, 10000 resamples",0.0,two-sided paired Wilcoxon signed-rank test,1.0,1.0,0.0,0.0,0.5,indoor_45_12;indoor_45_13;indoor_45_14;indoor_45_2;indoor_45_4;indoor_45_9;indoor_forward_10;indoor_forward_3;indoor_forward_5;indoor_forward_6;indoor_forward_7;indoor_forward_9;outdoor_45_1;outdoor_forward_1;outdoor_forward_3;outdoor_forward_5,2,False
