experiment,model_version,parameter,level,algorithm,paired_seeds,decision_periods_per_seed,external_objective_mean,external_objective_std,external_objective_ci95_normal_half_width,independent_service_score_mean,independent_service_score_std,independent_service_score_ci95_normal_half_width,independent_coverage_mean,independent_coverage_std,independent_coverage_ci95_normal_half_width,independent_response_time_mean,independent_response_time_std,independent_response_time_ci95_normal_half_width,independent_physical_cost_mean,independent_physical_cost_std,independent_physical_cost_ci95_normal_half_width,switch_count_mean,switch_count_std,switch_count_ci95_normal_half_width,redundancy_penalty_mean,redundancy_penalty_std,redundancy_penalty_ci95_normal_half_width,complementarity_gain_mean,complementarity_gain_std,complementarity_gain_ci95_normal_half_width,end_to_end_runtime_ms_mean,end_to_end_runtime_ms_std,end_to_end_runtime_ms_ci95_normal_half_width,fallback_mean,fallback_std,fallback_ci95_normal_half_width,node_limit_hit_mean,node_limit_hit_std,node_limit_hit_ci95_normal_half_width,feasibility_rate_mean,feasibility_rate_std,feasibility_rate_ci95_normal_half_width
parameter_robustness,ca-hmcd-stage1-closure-v2.3,alpha_cost,0.06,CA-HMCD,30,12,-0.0977006784651581,0.19265869963030005,0.06894203024892333,0.36607259585531027,0.06292303623626028,0.02251671933776562,0.43048611111111107,0.11977390077633863,0.042860539940316314,0.5012100281696913,0.06206808558335379,0.022210779175773857,2.475262234434709,0.5963218204323021,0.21339102288776704,2.941666666666667,0.6952045648391414,0.2487757585320676,0.0032597501776307283,0.0014546640944821765,0.0005205448609186,0.033291406565627596,0.010866658945266772,0.0038885839629714328,46.78915194441389,12.495615113450596,4.471498441459053,0.3527777777777778,0.24436497314912206,0.08744488259784,0.3527777777777778,0.24436497314912206,0.08744488259784,1.0,0.0,0.0
parameter_robustness,ca-hmcd-stage1-closure-v2.3,alpha_cost,0.06,External-Auction,30,12,-0.21044829567523501,0.1701619155343341,0.06089165945007644,0.3385148437964282,0.06446000325731982,0.02306671592271516,0.35377314814814814,0.10890340235851001,0.03897058203973393,0.5063745149475574,0.06644319273910829,0.023776391164503745,2.2228907745968383,0.6353379188963636,0.22735275441437838,2.7472222222222222,0.6610696564484592,0.2365607384404209,0.006225668536861194,0.0021552303414454185,0.0007712392727577551,0.024603477431663263,0.013343198649994071,0.004774802314717832,36.351830555622655,10.009385139693512,3.5818124714745276,0.0,0.0,0.0,0.0,0.0,0.0,1.0,0.0,0.0
parameter_robustness,ca-hmcd-stage1-closure-v2.3,alpha_cost,0.06,Greedy,30,12,-0.19471137589936405,0.15707865705023574,0.056209875529100915,0.34265811574957517,0.06130585813358261,0.021938019585890173,0.36113425925925924,0.10389549726301747,0.037178526216458334,0.5062564850431843,0.06578880246106025,0.023542220610927072,2.304272316232838,0.5781976595059347,0.20690537519461996,2.875,0.6111002263050131,0.2186794075112615,0.0050212963745263255,0.001690677036541749,0.0006050010075750026,0.035081940899131234,0.012819457936644825,0.004587384107434148,40.384703333312345,10.348037087040208,3.702997514468355,0.0,0.0,0.0,0.0,0.0,0.0,1.0,0.0,0.0
parameter_robustness,ca-hmcd-stage1-closure-v2.3,alpha_cost,0.12,CA-HMCD,30,12,-0.2339405210529133,0.16861988192388083,0.06033984980939719,0.3483649924767968,0.060235343409866374,0.02155494081184059,0.4063756613756614,0.11454652802232194,0.04098994862405926,0.4822565194626147,0.06499763657996815,0.02325910553638938,1.95635557022959,0.5087442233624789,0.18205178226223662,2.4027777777777777,0.5744743279835339,0.2055729981208792,0.002072469267835143,0.0009598552484199539,0.0003434797893795647,0.02083664898694372,0.008374582555754698,0.002996805879977727,46.577907777812776,12.58774853556603,4.504467963139661,0.33055555555555555,0.2392150050607872,0.08560199018546366,0.33055555555555555,0.2392150050607872,0.08560199018546366,1.0,0.0,0.0
parameter_robustness,ca-hmcd-stage1-closure-v2.3,alpha_cost,0.12,External-Auction,30,12,-0.3072700797831582,0.14112536022376912,0.05050106157732576,0.3302183249366746,0.05817494218415757,0.020817635702337012,0.35095238095238096,0.09880570990368721,0.0353571692013799,0.48711461045655496,0.0690058193439117,0.02469341531780736,1.8433323145815779,0.5437542038005536,0.19457994286441868,2.413888888888889,0.6160696602731445,0.22045769661841508,0.003997883139425962,0.0014977138170309942,0.0005359500062863599,0.017197721403760618,0.011473161642926256,0.004105618165986045,36.48359527778666,9.961395163585934,3.5646394790750016,0.0,0.0,0.0,0.0,0.0,0.0,1.0,0.0,0.0
parameter_robustness,ca-hmcd-stage1-closure-v2.3,alpha_cost,0.12,Greedy,30,12,-0.29882836262928303,0.14347570852616723,0.05134212291569448,0.33183530613245954,0.0572723445610958,0.02049464529104938,0.35203703703703704,0.09570031333688271,0.03424591731161646,0.48740922958290894,0.06925729665713558,0.024783405318614324,1.8830058362315918,0.535492343458102,0.19162347411042685,2.488888888888889,0.6300023312815428,0.22544343890751245,0.003476662892050915,0.0014323548555166743,0.0005125616022827765,0.022391776552613093,0.011933028396450574,0.004270179370295978,40.09130499994171,10.228907530009803,3.6603675499762693,0.0,0.0,0.0,0.0,0.0,0.0,1.0,0.0,0.0
parameter_robustness,ca-hmcd-stage1-closure-v2.3,alpha_cost,0.24,CA-HMCD,30,12,-0.42125018471906345,0.12401607521790693,0.04437858256820195,0.31298623048296165,0.06520375912030926,0.023332865540160036,0.35160714285714284,0.11749630776377797,0.042045513748049844,0.4566114196488247,0.07648070024210717,0.02736826709444337,1.3331625397473394,0.5283512460836924,0.18906806523378758,1.6361111111111113,0.5564336929604085,0.19911723978834192,0.0007782330315042294,0.0007999429727301553,0.00028625591644293675,0.0068508123204173935,0.008167336201030096,0.0029226437243947178,43.96875527779937,12.198147436452208,4.36505100033621,0.275,0.24384177710256377,0.0872576592970643,0.275,0.24384177710256377,0.0872576592970643,1.0,0.0,0.0
parameter_robustness,ca-hmcd-stage1-closure-v2.3,alpha_cost,0.24,External-Auction,30,12,-0.4460705145974118,0.12319730465842736,0.044085589286367875,0.30471057381397326,0.05798960999979147,0.020751315431904453,0.326223544973545,0.09309428375503362,0.03331336160244685,0.4562273009246399,0.0757613705677851,0.02711085827635613,1.2955026971834622,0.4641538827173586,0.166095333789031,1.6833333333333333,0.5990893472404691,0.2143813696371715,0.0014297963696757157,0.001118218815458607,0.00040014946404287854,0.006300759271710932,0.008621668194039962,0.003085224340091003,35.800498888844835,10.020127846934953,3.5856566998899377,0.0,0.0,0.0,0.0,0.0,0.0,1.0,0.0,0.0
parameter_robustness,ca-hmcd-stage1-closure-v2.3,alpha_cost,0.24,Greedy,30,12,-0.45002597687086526,0.11485134574136038,0.04109902624394708,0.303597185761623,0.05715924375529721,0.02045417268747889,0.3236111111111111,0.09199926495618461,0.032921514157725935,0.456513756158829,0.07585715232067285,0.02714513333643675,1.298277828864023,0.478102084800482,0.17108663380184158,1.6972222222222222,0.6382159541149418,0.22838264609057798,0.0011468690497864794,0.0009929062959519795,0.00035530695484410906,0.008780057069290043,0.010597107297398526,0.003792126144577349,39.13494805557194,9.830652386718251,3.517853777235756,0.0,0.0,0.0,0.0,0.0,0.0,1.0,0.0,0.0
parameter_robustness,ca-hmcd-stage1-closure-v2.3,beta_time,0.04,CA-HMCD,30,12,-0.18027166109859097,0.17689052644135198,0.06329946194004978,0.35696869380639334,0.06276096962427433,0.02245872454548623,0.4331415343915344,0.12276258346286774,0.04393002630441257,0.48842358282186815,0.06141042397367228,0.021975437991206413,2.0568136362253133,0.5207113362219264,0.18633415860097188,2.5777777777777775,0.6084232075530521,0.21772144865381673,0.0019790976930431996,0.0009438894720441734,0.00033776650967842065,0.020774137238443294,0.008551708568408084,0.003060189609576515,46.81837638881411,12.515488301029935,4.478609970301853,0.3555555555555555,0.23664858816062342,0.08468360969238464,0.3555555555555555,0.23664858816062342,0.08468360969238464,1.0,0.0,0.0
parameter_robustness,ca-hmcd-stage1-closure-v2.3,beta_time,0.04,External-Auction,30,12,-0.2631171701103917,0.15353679543450305,0.05494243662746857,0.3366996453578969,0.05989566342165893,0.021433387889149377,0.36635582010582013,0.10619839030480845,0.03800260590791193,0.49708891477270056,0.06329763925131426,0.0226507693051159,1.9074690679356854,0.5359012898228724,0.1917698136876393,2.475,0.6159400814267942,0.22041132742376232,0.003921196330723613,0.0014312372139563025,0.0005121616593868135,0.017168676345974535,0.01140229092186967,0.004080257404161004,37.28725166665249,9.8882727054806,3.538472943495517,0.0,0.0,0.0,0.0,0.0,0.0,1.0,0.0,0.0
parameter_robustness,ca-hmcd-stage1-closure-v2.3,beta_time,0.04,Greedy,30,12,-0.24908863909307966,0.15313996176432618,0.05480043152234939,0.3382670735801225,0.05852599251993297,0.02094325745164999,0.36878306878306877,0.09934509773790799,0.035550186658957005,0.49392331334425604,0.06654909706809568,0.023814288541920654,1.987093324763302,0.534252231516798,0.19117970575149218,2.575,0.6584806324372944,0.23563426809656707,0.0034010270388113066,0.0014012929060119627,0.0005014462264058828,0.02456956350820073,0.011799580115751633,0.004222425516344571,39.75033527780296,10.429693991046634,3.732218062291252,0.0,0.0,0.0,0.0,0.0,0.0,1.0,0.0,0.0
parameter_robustness,ca-hmcd-stage1-closure-v2.3,beta_time,0.08,CA-HMCD,30,12,-0.2339405210529133,0.16861988192388083,0.06033984980939719,0.3483649924767968,0.060235343409866374,0.02155494081184059,0.4063756613756614,0.11454652802232194,0.04098994862405926,0.4822565194626147,0.06499763657996815,0.02325910553638938,1.95635557022959,0.5087442233624789,0.18205178226223662,2.4027777777777777,0.5744743279835339,0.2055729981208792,0.002072469267835143,0.0009598552484199539,0.0003434797893795647,0.02083664898694372,0.008374582555754698,0.002996805879977727,45.810842777781446,12.163619341772868,4.352695280338159,0.33055555555555555,0.2392150050607872,0.08560199018546366,0.33055555555555555,0.2392150050607872,0.08560199018546366,1.0,0.0,0.0
parameter_robustness,ca-hmcd-stage1-closure-v2.3,beta_time,0.08,External-Auction,30,12,-0.3072700797831582,0.14112536022376912,0.05050106157732576,0.3302183249366746,0.05817494218415757,0.020817635702337012,0.35095238095238096,0.09880570990368721,0.0353571692013799,0.48711461045655496,0.0690058193439117,0.02469341531780736,1.8433323145815779,0.5437542038005536,0.19457994286441868,2.413888888888889,0.6160696602731445,0.22045769661841508,0.003997883139425962,0.0014977138170309942,0.0005359500062863599,0.017197721403760618,0.011473161642926256,0.004105618165986045,36.26996250007627,10.069313686485676,3.6032576265266885,0.0,0.0,0.0,0.0,0.0,0.0,1.0,0.0,0.0
parameter_robustness,ca-hmcd-stage1-closure-v2.3,beta_time,0.08,Greedy,30,12,-0.29882836262928303,0.14347570852616723,0.05134212291569448,0.33183530613245954,0.0572723445610958,0.02049464529104938,0.35203703703703704,0.09570031333688271,0.03424591731161646,0.48740922958290894,0.06925729665713558,0.024783405318614324,1.8830058362315918,0.535492343458102,0.19162347411042685,2.488888888888889,0.6300023312815428,0.22544343890751245,0.003476662892050915,0.0014323548555166743,0.0005125616022827765,0.022391776552613093,0.011933028396450574,0.004270179370295978,39.82087388889239,10.261247919449957,3.671940409708654,0.0,0.0,0.0,0.0,0.0,0.0,1.0,0.0,0.0
parameter_robustness,ca-hmcd-stage1-closure-v2.3,beta_time,0.16,CA-HMCD,30,12,-0.32982156478826113,0.15142465722565426,0.05418661767631928,0.3335633956215212,0.056443292849903196,0.02019797294632453,0.3635383597883598,0.10356894062788304,0.03706166942535247,0.4709194898493537,0.06445201053038135,0.02306385576211291,1.7828586168413207,0.4894789741622993,0.1751578013744774,2.216666666666667,0.6490488177449304,0.23225913655529237,0.002253607522319441,0.0010970575547323649,0.00039257700414413807,0.02037412627855924,0.009205392189115348,0.003294107289071421,45.18492944457648,12.003052347411375,4.295237119333796,0.3222222222222222,0.24145683848905375,0.08640421997483308,0.3222222222222222,0.24145683848905375,0.08640421997483308,1.0,0.0,0.0
parameter_robustness,ca-hmcd-stage1-closure-v2.3,beta_time,0.16,External-Auction,30,12,-0.3904086467681425,0.13525985729028966,0.04840211830904321,0.31824593279360924,0.05806892570590078,0.02077969819281946,0.3206845238095238,0.10019071281794527,0.035852786129101595,0.4751660227685238,0.06981932469101718,0.024984524467591047,1.6911734697288663,0.5228065504072922,0.18708392136809657,2.2555555555555555,0.584331384836752,0.2091003006151032,0.004014398968353028,0.0014381943069993691,0.0005146512231591221,0.01562991435434396,0.010013270308911505,0.003583202761423869,36.13964694439144,9.844741030168976,3.5228953335465274,0.0,0.0,0.0,0.0,0.0,0.0,1.0,0.0,0.0
parameter_robustness,ca-hmcd-stage1-closure-v2.3,beta_time,0.16,Greedy,30,12,-0.3847381094150737,0.13489800034587757,0.048272629464494204,0.3175635795816616,0.05666503450007619,0.0202773221767668,0.3161937830687831,0.09617542514379675,0.034415933888219244,0.4748465416328632,0.07016304563335161,0.025107523427145336,1.7249487848540082,0.5618256048265783,0.20104671066970017,2.2944444444444443,0.6905677232046515,0.24711648606299194,0.0035831770776808838,0.0013641088033524175,0.00048814006615849857,0.020554842362315563,0.012911942000241712,0.004620479104557431,40.61905083337175,10.603220299382883,3.7943136542435414,0.0,0.0,0.0,0.0,0.0,0.0,1.0,0.0,0.0
parameter_robustness,ca-hmcd-stage1-closure-v2.3,gamma_unserved,0.1,CA-HMCD,30,12,-0.013804336262239807,0.13676094193734709,0.04893927455136299,0.3294921026345589,0.05897115596937495,0.02110255714616697,0.3548313492063492,0.10718552812306775,0.038355848639524265,0.4710366064303644,0.06718308786951388,0.0240411592365365,1.7817612760947672,0.5141831242727803,0.1839980679570868,2.1666666666666665,0.5997285465124331,0.21461010415903528,0.002304936229887367,0.0011663144476268725,0.00041736026497815165,0.021905041973381587,0.010022247190314295,0.0035864150971782354,45.719354166653325,12.37311127568901,4.427661006114709,0.3416666666666667,0.25176579459027093,0.09009323253813162,0.3416666666666667,0.25176579459027093,0.09009323253813162,1.0,0.0,0.0
parameter_robustness,ca-hmcd-stage1-closure-v2.3,gamma_unserved,0.1,External-Auction,30,12,-0.06662685236653638,0.12383686685557663,0.04431445367934127,0.3151372718304752,0.059701302239300244,0.021363836633280307,0.31577380952380957,0.10234753340087974,0.03662459446246784,0.4729861058548218,0.0719944961540837,0.025762899579076234,1.6787836710928767,0.5433865588972753,0.1944483828253895,2.188888888888889,0.6005000045194351,0.21488616686140255,0.003929454558576062,0.0012941892301121132,0.00046311966820826374,0.015803049815774062,0.009958839735937561,0.003563725031035172,36.20441750004425,9.781175026163528,3.500148531147486,0.0,0.0,0.0,0.0,0.0,0.0,1.0,0.0,0.0
parameter_robustness,ca-hmcd-stage1-closure-v2.3,gamma_unserved,0.1,Greedy,30,12,-0.05799839603574591,0.12041881856313687,0.043091320806432576,0.31477431894894836,0.05689614134669612,0.02036002269971738,0.312853835978836,0.0951973124233745,0.034065920746390685,0.47503731988995174,0.07398643998411167,0.026475707524149412,1.7269953940534868,0.5689275203605135,0.2035880985047962,2.261111111111111,0.6719379722635148,0.2404499153066317,0.003494789320798025,0.001449865346451377,0.0005188276509896884,0.021692216875853466,0.012386327608703028,0.004432390410144638,39.83052388893056,10.216774590746192,3.6560258334209035,0.0,0.0,0.0,0.0,0.0,0.0,1.0,0.0,0.0
parameter_robustness,ca-hmcd-stage1-closure-v2.3,gamma_unserved,0.2,CA-HMCD,30,12,-0.2339405210529133,0.16861988192388083,0.06033984980939719,0.3483649924767968,0.060235343409866374,0.02155494081184059,0.4063756613756614,0.11454652802232194,0.04098994862405926,0.4822565194626147,0.06499763657996815,0.02325910553638938,1.95635557022959,0.5087442233624789,0.18205178226223662,2.4027777777777777,0.5744743279835339,0.2055729981208792,0.002072469267835143,0.0009598552484199539,0.0003434797893795647,0.02083664898694372,0.008374582555754698,0.002996805879977727,45.93223250001554,12.09331125221316,4.327535853608554,0.33055555555555555,0.2392150050607872,0.08560199018546366,0.33055555555555555,0.2392150050607872,0.08560199018546366,1.0,0.0,0.0
parameter_robustness,ca-hmcd-stage1-closure-v2.3,gamma_unserved,0.2,External-Auction,30,12,-0.3072700797831582,0.14112536022376912,0.05050106157732576,0.3302183249366746,0.05817494218415757,0.020817635702337012,0.35095238095238096,0.09880570990368721,0.0353571692013799,0.48711461045655496,0.0690058193439117,0.02469341531780736,1.8433323145815779,0.5437542038005536,0.19457994286441868,2.413888888888889,0.6160696602731445,0.22045769661841508,0.003997883139425962,0.0014977138170309942,0.0005359500062863599,0.017197721403760618,0.011473161642926256,0.004105618165986045,36.555515833323525,10.224248479079856,3.658700330012883,0.0,0.0,0.0,0.0,0.0,0.0,1.0,0.0,0.0
parameter_robustness,ca-hmcd-stage1-closure-v2.3,gamma_unserved,0.2,Greedy,30,12,-0.29882836262928303,0.14347570852616723,0.05134212291569448,0.33183530613245954,0.0572723445610958,0.02049464529104938,0.35203703703703704,0.09570031333688271,0.03424591731161646,0.48740922958290894,0.06925729665713558,0.024783405318614324,1.8830058362315918,0.535492343458102,0.19162347411042685,2.488888888888889,0.6300023312815428,0.22544343890751245,0.003476662892050915,0.0014323548555166743,0.0005125616022827765,0.022391776552613093,0.011933028396450574,0.004270179370295978,41.66638916666064,10.74506783672659,3.8450731435842815,0.0,0.0,0.0,0.0,0.0,0.0,1.0,0.0,0.0
parameter_robustness,ca-hmcd-stage1-closure-v2.3,gamma_unserved,0.4,CA-HMCD,30,12,-0.6279388961034815,0.24473621163312834,0.08757772858321745,0.36868230784419614,0.06353069121443365,0.022734165879066515,0.46257275132275133,0.1254483988811717,0.044891133008480744,0.4985430010355726,0.058851165602103565,0.021059619144686226,2.1163109754771714,0.5251415256609343,0.1879194815316189,2.75,0.6301036830085952,0.22547970715724958,0.0018027086658413795,0.0008315093238925183,0.00029755179013491037,0.019601679848719425,0.00834773198721135,0.0029871975274233476,45.71770805564989,12.849503552414296,4.598135792954716,0.31666666666666665,0.2401308710870848,0.0859297286338708,0.31666666666666665,0.2401308710870848,0.0859297286338708,1.0,0.0,0.0
parameter_robustness,ca-hmcd-stage1-closure-v2.3,gamma_unserved,0.4,External-Auction,30,12,-0.7752404574700231,0.22326315052437115,0.0798936923505547,0.34577389440316153,0.06109335458505878,0.02186197616766693,0.3881712962962963,0.11060326719096628,0.03957887085785201,0.5028088911510851,0.06756672770888562,0.02417844298993779,1.9906535762977324,0.5772789864327228,0.20657663225737508,2.6972222222222224,0.6441913064733857,0.2305208984707421,0.003993704712492694,0.0014673142133371036,0.0005250716478138838,0.01729191025869759,0.01257804824042564,0.004500996757103934,36.54085861114961,10.21202299315199,3.6543254960590357,0.0,0.0,0.0,0.0,0.0,0.0,1.0,0.0,0.0
parameter_robustness,ca-hmcd-stage1-closure-v2.3,gamma_unserved,0.4,Greedy,30,12,-0.7627447411876996,0.22209208557650237,0.07947463214089714,0.3469470982551431,0.05972233079322199,0.02137136160465895,0.38744708994708993,0.10590845331629772,0.03789885328905513,0.5042302067153344,0.06569942401258,0.023510236943900604,2.0272373056692095,0.5785934835309036,0.20704701900284153,2.7666666666666666,0.7092708467853567,0.2538093128812185,0.003523323897551853,0.0014354520456508956,0.0005136699175383549,0.022406947122291177,0.012854046432156388,0.004599761441592424,40.42914111102821,10.385690328867963,3.7164715540110302,0.0,0.0,0.0,0.0,0.0,0.0,1.0,0.0,0.0
parameter_robustness,ca-hmcd-stage1-closure-v2.3,lambda_redundancy,0.06,CA-HMCD,30,12,-0.23263978915713954,0.16937436749545082,0.060609839003746425,0.34834863922183207,0.06042623002605629,0.021623248710174448,0.40577050264550263,0.11566177283337171,0.041389033854292254,0.48182318991530687,0.06427580502529903,0.023000801431917992,1.9527607510021583,0.5143063037965535,0.18404214718356512,2.408333333333333,0.5962647140284274,0.21337058762358802,0.001077748720876146,0.000504020978575468,0.00018036159082211977,0.020285464972345235,0.008594123156431197,0.003075367474973179,45.88578888888656,12.325846092680708,4.410747377594783,0.33055555555555555,0.2392150050607872,0.08560199018546366,0.33055555555555555,0.2392150050607872,0.08560199018546366,1.0,0.0,0.0
parameter_robustness,ca-hmcd-stage1-closure-v2.3,lambda_redundancy,0.06,External-Auction,30,12,-0.30527113821344526,0.1414256138181579,0.050608505946183345,0.3302183249366746,0.05817494218415757,0.020817635702337012,0.35095238095238096,0.09880570990368721,0.0353571692013799,0.48711461045655496,0.0690058193439117,0.02469341531780736,1.8433323145815779,0.5437542038005536,0.19457994286441868,2.413888888888889,0.6160696602731445,0.22045769661841508,0.001998941569712981,0.0007488569085154971,0.00026797500314317994,0.017197721403760618,0.011473161642926256,0.004105618165986045,36.427725277781065,10.085780338994539,3.609150142450148,0.0,0.0,0.0,0.0,0.0,0.0,1.0,0.0,0.0
parameter_robustness,ca-hmcd-stage1-closure-v2.3,lambda_redundancy,0.06,Greedy,30,12,-0.29814287512944626,0.14500802422778677,0.05189045504735878,0.33170428332848884,0.057235062280076826,0.02048130399812728,0.350787037037037,0.09491966761280388,0.03396656682691781,0.48734930767415896,0.06891786410404839,0.024661940939443742,1.8935659260486695,0.5330741465496803,0.19075813346020873,2.4916666666666667,0.6038470220624094,0.21608388170705553,0.0018016825140221731,0.0007152072176313774,0.0002559336159063118,0.02254680124095156,0.01167029252653513,0.004176160546718603,39.74184000002828,10.173957870927264,3.6407040670092092,0.0,0.0,0.0,0.0,0.0,0.0,1.0,0.0,0.0
parameter_robustness,ca-hmcd-stage1-closure-v2.3,lambda_redundancy,0.12,CA-HMCD,30,12,-0.2339405210529133,0.16861988192388083,0.06033984980939719,0.3483649924767968,0.060235343409866374,0.02155494081184059,0.4063756613756614,0.11454652802232194,0.04098994862405926,0.4822565194626147,0.06499763657996815,0.02325910553638938,1.95635557022959,0.5087442233624789,0.18205178226223662,2.4027777777777777,0.5744743279835339,0.2055729981208792,0.002072469267835143,0.0009598552484199539,0.0003434797893795647,0.02083664898694372,0.008374582555754698,0.002996805879977727,46.003147222174654,12.618041838472818,4.515308282364006,0.33055555555555555,0.2392150050607872,0.08560199018546366,0.33055555555555555,0.2392150050607872,0.08560199018546366,1.0,0.0,0.0
parameter_robustness,ca-hmcd-stage1-closure-v2.3,lambda_redundancy,0.12,External-Auction,30,12,-0.3072700797831582,0.14112536022376912,0.05050106157732576,0.3302183249366746,0.05817494218415757,0.020817635702337012,0.35095238095238096,0.09880570990368721,0.0353571692013799,0.48711461045655496,0.0690058193439117,0.02469341531780736,1.8433323145815779,0.5437542038005536,0.19457994286441868,2.413888888888889,0.6160696602731445,0.22045769661841508,0.003997883139425962,0.0014977138170309942,0.0005359500062863599,0.017197721403760618,0.011473161642926256,0.004105618165986045,36.41549499997786,9.985524921211477,3.573274201946648,0.0,0.0,0.0,0.0,0.0,0.0,1.0,0.0,0.0
parameter_robustness,ca-hmcd-stage1-closure-v2.3,lambda_redundancy,0.12,Greedy,30,12,-0.29882836262928303,0.14347570852616723,0.05134212291569448,0.33183530613245954,0.0572723445610958,0.02049464529104938,0.35203703703703704,0.09570031333688271,0.03424591731161646,0.48740922958290894,0.06925729665713558,0.024783405318614324,1.8830058362315918,0.535492343458102,0.19162347411042685,2.488888888888889,0.6300023312815428,0.22544343890751245,0.003476662892050915,0.0014323548555166743,0.0005125616022827765,0.022391776552613093,0.011933028396450574,0.004270179370295978,40.076137222356714,10.396340252996266,3.7202825804158137,0.0,0.0,0.0,0.0,0.0,0.0,1.0,0.0,0.0
parameter_robustness,ca-hmcd-stage1-closure-v2.3,lambda_redundancy,0.24,CA-HMCD,30,12,-0.2333076052393258,0.16840730771962267,0.060263781107344136,0.347978860837855,0.05983470593111611,0.021411574531304826,0.40741732804232805,0.11407829586351102,0.04082239389791294,0.48218957075308083,0.0648777962204607,0.02321622121449756,1.9474324359461384,0.5183129699657658,0.1854759142585284,2.3527777777777774,0.5560893029892825,0.19899400141990928,0.0037991619262304987,0.001797263066185646,0.0006431423284389087,0.02098757457825089,0.008908301351410386,0.003187794698157866,46.00103805555086,12.71994787728038,4.55177489001526,0.325,0.23504095999115393,0.08410832734021852,0.325,0.23504095999115393,0.08410832734021852,1.0,0.0,0.0
parameter_robustness,ca-hmcd-stage1-closure-v2.3,lambda_redundancy,0.24,External-Auction,30,12,-0.3112679629225842,0.14053490003268546,0.05028976811156175,0.3302183249366746,0.05817494218415757,0.020817635702337012,0.35095238095238096,0.09880570990368721,0.0353571692013799,0.48711461045655496,0.0690058193439117,0.02469341531780736,1.8433323145815779,0.5437542038005536,0.19457994286441868,2.413888888888889,0.6160696602731445,0.22045769661841508,0.007995766278851924,0.0029954276340619884,0.0010719000125727198,0.017197721403760618,0.011473161642926256,0.004105618165986045,36.15205749999101,10.025514050448542,3.58758412806356,0.0,0.0,0.0,0.0,0.0,0.0,1.0,0.0,0.0
parameter_robustness,ca-hmcd-stage1-closure-v2.3,lambda_redundancy,0.24,Greedy,30,12,-0.29806707197239135,0.14427211651451835,0.05162711385422333,0.33181422847863157,0.056535083611109004,0.020230819848373417,0.35398148148148145,0.09509252671862631,0.034028423663516834,0.48769702725861847,0.0695367152466629,0.024883393976734974,1.8769432022330208,0.5321183028335893,0.19041608917923705,2.430555555555556,0.6041377651958927,0.2161879228011859,0.006314564922870224,0.002903230597836972,0.0010389077268753522,0.023106741485959217,0.011340187728845774,0.0040580340619489775,39.63240194440105,10.247569840409632,3.667045771985287,0.0,0.0,0.0,0.0,0.0,0.0,1.0,0.0,0.0
parameter_robustness,ca-hmcd-stage1-closure-v2.3,lambda_switch,0.05,CA-HMCD,30,12,-0.08858482865035731,0.17632972622732507,0.06309878216076528,0.3745191313416407,0.06338791258158719,0.02268307320147921,0.4405125661375661,0.11952708729118552,0.04277221886895063,0.5051393871502882,0.06329695858469908,0.02265052573169584,2.547234745344977,0.541919798915724,0.19392350950687304,3.425,0.769183151340767,0.2752486557236021,0.0037524363740607594,0.0009419235696828422,0.0003370630205532402,0.03663473317531072,0.008576299666995182,0.0030689894211910393,52.19943361110685,23.77490464454338,8.507740363215825,0.25,0.21553639761608248,0.07712870933265098,0.25,0.21553639761608248,0.07712870933265098,1.0,0.0,0.0
parameter_robustness,ca-hmcd-stage1-closure-v2.3,lambda_switch,0.05,External-Auction,30,12,-0.20915609858922313,0.15404027150526226,0.055122603225532904,0.3392725214066756,0.06215987165229656,0.022243624398717982,0.3418452380952381,0.10371806470756004,0.03711503279192591,0.5068695025676935,0.06680006033101002,0.0239040945921868,2.2246237657138552,0.5905499057737623,0.2113255697535621,3.0416666666666665,0.7595969641149971,0.2718182826807077,0.007779834933746376,0.0018625984778815655,0.0006665223052482068,0.026746017757804143,0.011468722173291946,0.004104029522180158,39.80226444443563,11.328132383541947,4.053720112035516,0.0,0.0,0.0,0.0,0.0,0.0,1.0,0.0,0.0
parameter_robustness,ca-hmcd-stage1-closure-v2.3,lambda_switch,0.05,Greedy,30,12,-0.19028564881517102,0.1487905828089278,0.05324402625187622,0.34380391487959755,0.05783169778949043,0.020694807273175367,0.3498578042328042,0.09305560545898843,0.03329952075196337,0.5096412016947076,0.06811803060627432,0.024375724198110717,2.2892396198325793,0.5361888156185892,0.19187270347223603,3.183333333333333,0.7325230633326,0.2621300117109663,0.006533023131186466,0.0017808045723823006,0.0006372527320707232,0.03443593052450552,0.010639656867199207,0.003807352312582772,66.40746499998487,22.495908344062922,8.050057415053141,0.0,0.0,0.0,0.0,0.0,0.0,1.0,0.0,0.0
parameter_robustness,ca-hmcd-stage1-closure-v2.3,lambda_switch,0.1,CA-HMCD,30,12,-0.2339405210529133,0.16861988192388083,0.06033984980939719,0.3483649924767968,0.060235343409866374,0.02155494081184059,0.4063756613756614,0.11454652802232194,0.04098994862405926,0.4822565194626147,0.06499763657996815,0.02325910553638938,1.95635557022959,0.5087442233624789,0.18205178226223662,2.4027777777777777,0.5744743279835339,0.2055729981208792,0.002072469267835143,0.0009598552484199539,0.0003434797893795647,0.02083664898694372,0.008374582555754698,0.002996805879977727,64.71658638887068,20.962448400256147,7.501315821580804,0.33055555555555555,0.2392150050607872,0.08560199018546366,0.33055555555555555,0.2392150050607872,0.08560199018546366,1.0,0.0,0.0
parameter_robustness,ca-hmcd-stage1-closure-v2.3,lambda_switch,0.1,External-Auction,30,12,-0.3072700797831582,0.14112536022376912,0.05050106157732576,0.3302183249366746,0.05817494218415757,0.020817635702337012,0.35095238095238096,0.09880570990368721,0.0353571692013799,0.48711461045655496,0.0690058193439117,0.02469341531780736,1.8433323145815779,0.5437542038005536,0.19457994286441868,2.413888888888889,0.6160696602731445,0.22045769661841508,0.003997883139425962,0.0014977138170309942,0.0005359500062863599,0.017197721403760618,0.011473161642926256,0.004105618165986045,37.9873549999704,10.413857188409011,3.7265509352495756,0.0,0.0,0.0,0.0,0.0,0.0,1.0,0.0,0.0
parameter_robustness,ca-hmcd-stage1-closure-v2.3,lambda_switch,0.1,Greedy,30,12,-0.29882836262928303,0.14347570852616723,0.05134212291569448,0.33183530613245954,0.0572723445610958,0.02049464529104938,0.35203703703703704,0.09570031333688271,0.03424591731161646,0.48740922958290894,0.06925729665713558,0.024783405318614324,1.8830058362315918,0.535492343458102,0.19162347411042685,2.488888888888889,0.6300023312815428,0.22544343890751245,0.003476662892050915,0.0014323548555166743,0.0005125616022827765,0.022391776552613093,0.011933028396450574,0.004270179370295978,39.905004722236804,10.045027411280143,3.5945668945583606,0.0,0.0,0.0,0.0,0.0,0.0,1.0,0.0,0.0
parameter_robustness,ca-hmcd-stage1-closure-v2.3,lambda_switch,0.2,CA-HMCD,30,12,-0.4170790902469335,0.15315534903084513,0.05480593778495696,0.2939101060026423,0.06926472479172735,0.02478606344244004,0.32743055555555556,0.12254472481422023,0.04385206658822084,0.4420438374897862,0.0906751457670299,0.03244768419122528,1.162088273044002,0.519912948459811,0.18604845920950006,1.277777777777778,0.5217185963160772,0.1866946019965348,0.00026964645156797937,0.0005122728764732824,0.00018331449456108318,0.003788836972056664,0.006424687067726584,0.0022990447408449727,46.22668861111379,12.601580484276612,4.509417662417381,0.425,0.25647738953170157,0.09177925513454752,0.425,0.25647738953170157,0.09177925513454752,1.0,0.0,0.0
parameter_robustness,ca-hmcd-stage1-closure-v2.3,lambda_switch,0.2,External-Auction,30,12,-0.4324520410990161,0.14417163792551366,0.05159115805292381,0.2895767594561412,0.06426932028219633,0.02299848089640103,0.3177480158730159,0.10805148842322516,0.03866572855318704,0.4402231094146895,0.08671611782678908,0.03103096423756538,1.140940296822644,0.4906884421315073,0.17559060392883,1.3111111111111111,0.5655894652195222,0.20239359081350372,0.0003050941095548357,0.0005149689084637167,0.0001842792572185352,0.004143608306283394,0.006692110617582372,0.002394741029145533,35.4184322221853,9.649645118412998,3.4530811581392804,0.0,0.0,0.0,0.0,0.0,0.0,1.0,0.0,0.0
parameter_robustness,ca-hmcd-stage1-closure-v2.3,lambda_switch,0.2,Greedy,30,12,-0.43207954533325243,0.14958377412555263,0.05352786611921088,0.2890056961039441,0.06459167277079814,0.023113833252991458,0.31253968253968256,0.10410819376904114,0.037254638683636106,0.4400416219069093,0.08882359987495046,0.0317851170030113,1.1378447846176774,0.4854521191952978,0.17371680983100815,1.3111111111111111,0.5710669810163708,0.20435369466803993,0.00033287827938718287,0.0005431756165632644,0.00019437289808060476,0.005008681788815845,0.007794105133878398,0.0027890847022961204,39.22277555551672,10.060536553793,3.600116769930238,0.0,0.0,0.0,0.0,0.0,0.0,1.0,0.0,0.0
parameter_robustness,ca-hmcd-stage1-closure-v2.3,synergy_scale,0.5,CA-HMCD,30,12,-0.24101877038662214,0.16845524214599547,0.06028093422152637,0.3478243333365823,0.06061206945236285,0.021689750494804236,0.40924272486772484,0.11614702674314842,0.041562679735793744,0.48145554676713825,0.06352087707320044,0.02273065393372968,1.8988907854352368,0.5367379462759667,0.19206920735430405,2.311111111111111,0.566435607614348,0.20269637898082196,0.002210411558595915,0.0010524964438931995,0.0003766310154226602,0.008326881363405187,0.004306922874527662,0.0015412125570516775,45.787471111094014,12.269506745467934,4.390586601116995,0.33611111111111114,0.23517676295495674,0.08415692380669706,0.33611111111111114,0.23517676295495674,0.08415692380669706,1.0,0.0,0.0
parameter_robustness,ca-hmcd-stage1-closure-v2.3,synergy_scale,0.5,External-Auction,30,12,-0.3146350971336655,0.13844571298584862,0.04954216212826033,0.3302183249366746,0.05817494218415757,0.020817635702337012,0.35095238095238096,0.09880570990368721,0.0353571692013799,0.48711461045655496,0.0690058193439117,0.02469341531780736,1.8433323145815779,0.5437542038005536,0.19457994286441868,2.413888888888889,0.6160696602731445,0.22045769661841508,0.003997883139425962,0.0014977138170309942,0.0005359500062863599,0.008750677767581518,0.00586151334281833,0.002097515611599686,36.17043611102417,9.920416033991284,3.5499752858799356,0.0,0.0,0.0,0.0,0.0,0.0,1.0,0.0,0.0
parameter_robustness,ca-hmcd-stage1-closure-v2.3,synergy_scale,0.5,Greedy,30,12,-0.30870220429837025,0.1477754037415683,0.05288074908814432,0.33082072403884233,0.05918792744278009,0.021180127821694615,0.35290343915343914,0.10028725235802834,0.03588733235984745,0.4857910663895975,0.0689752476998896,0.024682475395494095,1.8166298066213151,0.5298841476598335,0.18961660701795688,2.430555555555556,0.5757234884224616,0.20602000444310373,0.00352938353014566,0.0012740960194760763,0.0004559294051257978,0.009191191709560101,0.005637868229416421,0.002017485235588815,39.98566944449319,10.242906251650778,3.6653769281806814,0.0,0.0,0.0,0.0,0.0,0.0,1.0,0.0,0.0
parameter_robustness,ca-hmcd-stage1-closure-v2.3,synergy_scale,1.0,CA-HMCD,30,12,-0.2339405210529133,0.16861988192388083,0.06033984980939719,0.3483649924767968,0.060235343409866374,0.02155494081184059,0.4063756613756614,0.11454652802232194,0.04098994862405926,0.4822565194626147,0.06499763657996815,0.02325910553638938,1.95635557022959,0.5087442233624789,0.18205178226223662,2.4027777777777777,0.5744743279835339,0.2055729981208792,0.002072469267835143,0.0009598552484199539,0.0003434797893795647,0.02083664898694372,0.008374582555754698,0.002996805879977727,45.803923333318785,12.311699091196111,4.40568493812979,0.33055555555555555,0.2392150050607872,0.08560199018546366,0.33055555555555555,0.2392150050607872,0.08560199018546366,1.0,0.0,0.0
parameter_robustness,ca-hmcd-stage1-closure-v2.3,synergy_scale,1.0,External-Auction,30,12,-0.3072700797831582,0.14112536022376912,0.05050106157732576,0.3302183249366746,0.05817494218415757,0.020817635702337012,0.35095238095238096,0.09880570990368721,0.0353571692013799,0.48711461045655496,0.0690058193439117,0.02469341531780736,1.8433323145815779,0.5437542038005536,0.19457994286441868,2.413888888888889,0.6160696602731445,0.22045769661841508,0.003997883139425962,0.0014977138170309942,0.0005359500062863599,0.017197721403760618,0.011473161642926256,0.004105618165986045,36.11852444444391,9.891184500265979,3.539514915877545,0.0,0.0,0.0,0.0,0.0,0.0,1.0,0.0,0.0
parameter_robustness,ca-hmcd-stage1-closure-v2.3,synergy_scale,1.0,Greedy,30,12,-0.29882836262928303,0.14347570852616723,0.05134212291569448,0.33183530613245954,0.0572723445610958,0.02049464529104938,0.35203703703703704,0.09570031333688271,0.03424591731161646,0.48740922958290894,0.06925729665713558,0.024783405318614324,1.8830058362315918,0.535492343458102,0.19162347411042685,2.488888888888889,0.6300023312815428,0.22544343890751245,0.003476662892050915,0.0014323548555166743,0.0005125616022827765,0.022391776552613093,0.011933028396450574,0.004270179370295978,39.836739444449954,10.199359603424098,3.6497939602428513,0.0,0.0,0.0,0.0,0.0,0.0,1.0,0.0,0.0
parameter_robustness,ca-hmcd-stage1-closure-v2.3,synergy_scale,1.5,CA-HMCD,30,12,-0.21916955516212713,0.16812721941198358,0.060163552793675044,0.3493590099503588,0.05987052786150392,0.02142439324446499,0.40308531746031745,0.1126873253677047,0.04032464149855979,0.48441202509272696,0.06555765237586463,0.02345950461525089,2.0276551014983424,0.5119379390703849,0.18319463875074934,2.486111111111111,0.6267058457631183,0.22426380671461135,0.0021763392235954423,0.0009289587412286064,0.0003324236162741746,0.037136718783211516,0.014781787693938347,0.005289594792678571,45.931482500014276,12.352003817494948,4.420107799204846,0.33055555555555555,0.23821186251563398,0.08524302023588627,0.33055555555555555,0.23821186251563398,0.08524302023588627,1.0,0.0,0.0
parameter_robustness,ca-hmcd-stage1-closure-v2.3,synergy_scale,1.5,External-Auction,30,12,-0.3001650667420759,0.14383067826814344,0.05146914720650376,0.3302183249366746,0.05817494218415757,0.020817635702337012,0.35095238095238096,0.09880570990368721,0.0353571692013799,0.48711461045655496,0.0690058193439117,0.02469341531780736,1.8433323145815779,0.5437542038005536,0.19457994286441868,2.413888888888889,0.6160696602731445,0.22045769661841508,0.003997883139425962,0.0014977138170309942,0.0005359500062863599,0.025353951031515227,0.016848081278363135,0.006029008455668778,36.37938277776508,9.97318561101291,3.56885863650064,0.0,0.0,0.0,0.0,0.0,0.0,1.0,0.0,0.0
parameter_robustness,ca-hmcd-stage1-closure-v2.3,synergy_scale,1.5,Greedy,30,12,-0.28896481286706505,0.14570081082937586,0.052138365548854204,0.33314534484005665,0.05879789238504067,0.021040555568791364,0.3527314814814815,0.09863560072028812,0.03529629641188208,0.4891032688280426,0.0703456538824085,0.025172868949846054,1.9516407676223466,0.5651954958838751,0.20225261069733222,2.536111111111111,0.5976019019427727,0.21384909417333736,0.0035529328551961526,0.0015405732628772217,0.0005512870620105645,0.038698019770336205,0.018784774547554728,0.0067220452414651554,40.26164944445757,10.612784868724964,3.7977362914261077,0.0,0.0,0.0,0.0,0.0,0.0,1.0,0.0,0.0
