resources_count,tasks_count,scale_cell,registered_budget_ms,n_seed_pairs,n_optimal_quality_pairs,exact_optimal_rate,exact_optimal_wilson_low,exact_optimal_wilson_high,exact_deadline_hit_rate,exact_deadline_hit_wilson_low,exact_deadline_hit_wilson_high,bounded_deadline_hit_rate,bounded_deadline_hit_wilson_low,bounded_deadline_hit_wilson_high,bounded_feasibility_rate,bounded_feasibility_wilson_low,bounded_feasibility_wilson_high,mean_service_score_loss_exact_minus_bounded,mean_coverage_loss_exact_minus_bounded,mean_objective_per_task_loss_exact_minus_bounded,mean_exact_runtime_ms,mean_bounded_runtime_ms,mean_exact_candidates,mean_bounded_candidates,criterion_exact_reference_optimal_rate_required,criterion_exact_deadline_hit_rate_below_threshold,criterion_bounded_deadline_hit_rate_required,criterion_bounded_feasibility_required,criterion_service_loss_within_limit,criterion_coverage_loss_within_limit,criterion_objective_loss_within_limit,gate_b_cell_pass
10,4,R10-T4,50,30,30,1.0,0.8864866068260314,1.0,0.9666666666666667,0.8332960900859084,0.9940914096183876,0.36666666666666664,0.21873920806100713,0.5448643634520512,1.0,0.8864866068260314,1.0,0.013485622950197972,0.025,0.005637463471519246,36.46978333345032,61.65868666673001,246.1,29.0,True,False,False,True,True,True,True,False
10,4,R10-T4,100,30,30,1.0,0.8864866068260314,1.0,0.9666666666666667,0.8332960900859084,0.9940914096183876,0.8333333333333334,0.6643564949358398,0.9266345762815145,1.0,0.8864866068260314,1.0,0.006007610495939001,0.008333333333333333,0.0035046274216619776,36.46978333345032,64.76960333341897,246.1,29.0,True,False,False,True,True,True,True,False
10,4,R10-T4,200,30,30,1.0,0.8864866068260314,1.0,1.0,0.8864866068260314,1.0,1.0,0.8864866068260314,1.0,1.0,0.8864866068260314,1.0,0.0009221152402563068,0.0,0.0002522299988607271,36.46978333345032,67.8272333332643,246.1,29.0,True,False,True,True,True,True,True,False
10,4,R10-T4,500,30,30,1.0,0.8864866068260314,1.0,1.0,0.8864866068260314,1.0,1.0,0.8864866068260314,1.0,1.0,0.8864866068260314,1.0,0.0009221152402563068,0.0,0.0002522299988607271,36.46978333345032,67.11742333348714,246.1,29.0,True,False,True,True,True,True,True,False
10,8,R10-T8,50,30,30,1.0,0.8864866068260314,1.0,0.06666666666666667,0.01847702379127039,0.21323458362616918,0.0,0.0,0.11351339317396873,1.0,0.8864866068260314,1.0,0.03885295673737656,0.10833333333333334,0.0118243290523977,57.15036000007482,124.64388666655093,484.93333333333334,58.46666666666667,True,True,False,True,False,False,True,False
10,8,R10-T8,100,30,30,1.0,0.8864866068260314,1.0,1.0,0.8864866068260314,1.0,0.16666666666666666,0.07336542371848548,0.3356435050641603,1.0,0.8864866068260314,1.0,0.030745590797001936,0.07916666666666666,0.009928572649809656,57.15036000007482,125.97173666654271,484.93333333333334,58.46666666666667,True,False,False,True,False,False,True,False
10,8,R10-T8,200,30,30,1.0,0.8864866068260314,1.0,1.0,0.8864866068260314,1.0,0.5666666666666667,0.3919730700081361,0.7262251442353347,1.0,0.8864866068260314,1.0,0.011395442083473623,0.016666666666666666,0.0019488803755411135,57.15036000007482,162.36489666656175,484.93333333333334,58.46666666666667,True,False,False,True,True,True,True,False
10,8,R10-T8,500,30,30,1.0,0.8864866068260314,1.0,1.0,0.8864866068260314,1.0,0.9,0.7437891742081593,0.9654001112526658,1.0,0.8864866068260314,1.0,0.01021292895613313,0.016666666666666666,0.0017585571623235756,57.15036000007482,238.89230666657872,484.93333333333334,58.46666666666667,True,False,False,True,True,True,True,False
10,12,R10-T12,50,30,30,1.0,0.8864866068260314,1.0,0.0,0.0,0.11351339317396873,0.0,0.0,0.11351339317396873,1.0,0.8864866068260314,1.0,0.046993418373485994,0.1416666666666667,0.016982583845403704,92.37472666676088,191.3685333332372,757.4666666666667,88.73333333333333,True,True,False,True,False,False,True,False
10,12,R10-T12,100,30,30,1.0,0.8864866068260314,1.0,0.9333333333333333,0.7867654163738309,0.9815229762087296,0.0,0.0,0.11351339317396873,1.0,0.8864866068260314,1.0,0.046993418373485994,0.1416666666666667,0.016982583845403704,92.37472666676088,194.6040433333716,757.4666666666667,88.73333333333333,True,True,False,True,False,False,True,False
10,12,R10-T12,200,30,30,1.0,0.8864866068260314,1.0,0.9666666666666667,0.8332960900859084,0.9940914096183876,0.06666666666666667,0.01847702379127039,0.21323458362616918,1.0,0.8864866068260314,1.0,0.029796441548425638,0.07500000000000001,0.010139641193279706,92.37472666676088,214.585946666557,757.4666666666667,88.73333333333333,True,False,False,True,True,False,True,False
10,12,R10-T12,500,30,30,1.0,0.8864866068260314,1.0,1.0,0.8864866068260314,1.0,0.26666666666666666,0.14182663319596325,0.44447961695188887,1.0,0.8864866068260314,1.0,0.016700508057152858,0.03333333333333333,0.00439226086203343,92.37472666676088,447.8236666668333,757.4666666666667,88.73333333333333,True,False,False,True,True,True,True,False
10,16,R10-T16,50,30,30,1.0,0.8864866068260314,1.0,0.0,0.0,0.11351339317396873,0.0,0.0,0.11351339317396873,1.0,0.8864866068260314,1.0,0.04870608726580374,0.15625,0.019689840954438622,124.65511666662981,266.4164766665029,1010.0666666666667,118.46666666666667,True,True,False,True,False,False,True,False
10,16,R10-T16,100,30,30,1.0,0.8864866068260314,1.0,0.03333333333333333,0.005908590381612455,0.1667039099140917,0.0,0.0,0.11351339317396873,1.0,0.8864866068260314,1.0,0.04870608726580374,0.15625,0.019689840954438622,124.65511666662981,266.4721666668508,1010.0666666666667,118.46666666666667,True,True,False,True,False,False,True,False
10,16,R10-T16,200,30,30,1.0,0.8864866068260314,1.0,1.0,0.8864866068260314,1.0,0.0,0.0,0.11351339317396873,1.0,0.8864866068260314,1.0,0.048222198027944155,0.15416666666666667,0.01925254763276912,124.65511666662981,265.8774366666573,1010.0666666666667,118.46666666666667,True,False,False,True,False,False,True,False
10,16,R10-T16,500,30,30,1.0,0.8864866068260314,1.0,1.0,0.8864866068260314,1.0,0.06666666666666667,0.01847702379127039,0.21323458362616918,1.0,0.8864866068260314,1.0,0.021304690239826684,0.058333333333333334,0.006556803507759197,124.65511666662981,486.6043166665501,1010.0666666666667,118.46666666666667,True,False,False,True,True,False,True,False
16,4,R16-T4,50,30,30,1.0,0.8864866068260314,1.0,0.0,0.0,0.11351339317396873,0.0,0.0,0.11351339317396873,1.0,0.8864866068260314,1.0,0.010187049473299572,0.016666666666666666,0.004384805989302107,108.18492333334386,668.6346099999355,997.3,33.733333333333334,True,True,False,True,True,True,True,False
16,4,R16-T4,100,30,30,1.0,0.8864866068260314,1.0,0.23333333333333334,0.11792388144489502,0.4092832615812217,0.03333333333333333,0.005908590381612455,0.1667039099140917,1.0,0.8864866068260314,1.0,0.010140131556559757,0.016666666666666666,0.004324373836671465,108.18492333334386,670.5086899998909,997.3,33.733333333333334,True,True,False,True,True,True,True,False
16,4,R16-T4,200,30,30,1.0,0.8864866068260314,1.0,1.0,0.8864866068260314,1.0,0.03333333333333333,0.005908590381612455,0.1667039099140917,1.0,0.8864866068260314,1.0,0.010140131556559757,0.016666666666666666,0.004324373836671465,108.18492333334386,681.1327966667401,997.3,33.733333333333334,True,False,False,True,True,True,True,False
16,4,R16-T4,500,30,30,1.0,0.8864866068260314,1.0,1.0,0.8864866068260314,1.0,0.3,0.16664748268243804,0.4787578745871496,1.0,0.8864866068260314,1.0,0.006855547878950635,0.008333333333333333,0.0027629435965305853,108.18492333334386,662.2777533334253,997.3,33.733333333333334,True,False,False,True,True,True,True,False
16,8,R16-T8,50,30,30,1.0,0.8864866068260314,1.0,0.0,0.0,0.11351339317396873,0.0,0.0,0.11351339317396873,1.0,0.8864866068260314,1.0,0.03967185681443313,0.09166666666666666,0.012662125565931269,192.47770333313383,1303.8659866667028,1919.7333333333333,63.43333333333333,True,True,False,True,False,False,True,False
16,8,R16-T8,100,30,30,1.0,0.8864866068260314,1.0,0.0,0.0,0.11351339317396873,0.0,0.0,0.11351339317396873,1.0,0.8864866068260314,1.0,0.03967185681443313,0.09166666666666666,0.012662125565931269,192.47770333313383,1293.0285866666356,1919.7333333333333,63.43333333333333,True,True,False,True,False,False,True,False
16,8,R16-T8,200,30,30,1.0,0.8864866068260314,1.0,0.7333333333333333,0.555520383048111,0.8581733668040368,0.0,0.0,0.11351339317396873,1.0,0.8864866068260314,1.0,0.03967185681443313,0.09166666666666666,0.012662125565931269,192.47770333313383,1305.0799200001468,1919.7333333333333,63.43333333333333,True,True,False,True,False,False,True,False
16,8,R16-T8,500,30,30,1.0,0.8864866068260314,1.0,1.0,0.8864866068260314,1.0,0.03333333333333333,0.005908590381612455,0.1667039099140917,1.0,0.8864866068260314,1.0,0.039646814820426916,0.09166666666666666,0.012631909489615949,192.47770333313383,1305.0719699999415,1919.7333333333333,63.43333333333333,True,False,False,True,False,False,True,False
16,12,R16-T12,50,30,30,1.0,0.8864866068260314,1.0,0.0,0.0,0.11351339317396873,0.0,0.0,0.11351339317396873,1.0,0.8864866068260314,1.0,0.05737002692842446,0.15,0.01847948740985889,312.92957000005117,2143.6936833331856,2905.8333333333335,92.33333333333333,True,True,False,True,False,False,True,False
16,12,R16-T12,100,30,30,1.0,0.8864866068260314,1.0,0.0,0.0,0.11351339317396873,0.0,0.0,0.11351339317396873,1.0,0.8864866068260314,1.0,0.05737002692842446,0.15,0.01847948740985889,312.92957000005117,2159.5743766666296,2905.8333333333335,92.33333333333333,True,True,False,True,False,False,True,False
16,12,R16-T12,200,30,30,1.0,0.8864866068260314,1.0,0.0,0.0,0.11351339317396873,0.0,0.0,0.11351339317396873,1.0,0.8864866068260314,1.0,0.05737002692842446,0.15,0.01847948740985889,312.92957000005117,2125.1200466665373,2905.8333333333335,92.33333333333333,True,True,False,True,False,False,True,False
16,12,R16-T12,500,30,30,1.0,0.8864866068260314,1.0,1.0,0.8864866068260314,1.0,0.0,0.0,0.11351339317396873,1.0,0.8864866068260314,1.0,0.05737002692842446,0.15,0.01847948740985889,312.92957000005117,2113.3691700001996,2905.8333333333335,92.33333333333333,True,False,False,True,False,False,True,False
16,16,R16-T16,50,30,30,1.0,0.8864866068260314,1.0,0.0,0.0,0.11351339317396873,0.0,0.0,0.11351339317396873,1.0,0.8864866068260314,1.0,0.06610489083597701,0.175,0.022393178459390095,393.08621333342063,2635.1997766664986,3851.9666666666667,123.66666666666667,True,True,False,True,False,False,False,False
16,16,R16-T16,100,30,30,1.0,0.8864866068260314,1.0,0.0,0.0,0.11351339317396873,0.0,0.0,0.11351339317396873,1.0,0.8864866068260314,1.0,0.06610489083597701,0.175,0.022393178459390095,393.08621333342063,2635.3619300000596,3851.9666666666667,123.66666666666667,True,True,False,True,False,False,False,False
16,16,R16-T16,200,30,30,1.0,0.8864866068260314,1.0,0.0,0.0,0.11351339317396873,0.0,0.0,0.11351339317396873,1.0,0.8864866068260314,1.0,0.06610489083597701,0.175,0.022393178459390095,393.08621333342063,2636.1085533331184,3851.9666666666667,123.66666666666667,True,True,False,True,False,False,False,False
16,16,R16-T16,500,30,30,1.0,0.8864866068260314,1.0,1.0,0.8864866068260314,1.0,0.0,0.0,0.11351339317396873,1.0,0.8864866068260314,1.0,0.06610489083597701,0.175,0.022393178459390095,393.08621333342063,2663.7526799999855,3851.9666666666667,123.66666666666667,True,False,False,True,False,False,False,False
24,4,R24-T4,50,30,30,1.0,0.8864866068260314,1.0,0.0,0.0,0.11351339317396873,0.03333333333333333,0.005908590381612455,0.1667039099140917,1.0,0.8864866068260314,1.0,0.07699001885854141,0.15,0.022620345541932017,334.2225600001863,272.96316666688654,3047.7,26.466666666666665,True,True,False,True,False,False,False,False
24,4,R24-T4,100,30,30,1.0,0.8864866068260314,1.0,0.0,0.0,0.11351339317396873,0.3,0.16664748268243804,0.4787578745871496,1.0,0.8864866068260314,1.0,0.07699001885854141,0.15,0.022620345541932017,334.2225600001863,271.96148999973957,3047.7,26.466666666666665,True,True,False,True,False,False,False,False
24,4,R24-T4,200,30,30,1.0,0.8864866068260314,1.0,0.0,0.0,0.11351339317396873,0.4,0.24590628116801863,0.5767963974667752,1.0,0.8864866068260314,1.0,0.07690217909856006,0.15,0.022540865221649328,334.2225600001863,272.6074299998193,3047.7,26.466666666666665,True,True,False,True,False,False,False,False
24,4,R24-T4,500,30,30,1.0,0.8864866068260314,1.0,1.0,0.8864866068260314,1.0,0.8666666666666667,0.7031867331796372,0.9469034451594526,1.0,0.8864866068260314,1.0,0.07678934909786345,0.15,0.022441582287098756,334.2225600001863,274.38763333351136,3047.7,26.466666666666665,True,False,False,True,False,False,False,False
24,8,R24-T8,50,30,30,1.0,0.8864866068260314,1.0,0.0,0.0,0.11351339317396873,0.0,0.0,0.11351339317396873,1.0,0.8864866068260314,1.0,0.06581654570145423,0.1375,0.023286557800506712,645.7806766666787,538.4514633332705,5875.833333333333,51.266666666666666,True,True,False,True,False,False,False,False
24,8,R24-T8,100,30,30,1.0,0.8864866068260314,1.0,0.0,0.0,0.11351339317396873,0.0,0.0,0.11351339317396873,1.0,0.8864866068260314,1.0,0.06581654570145423,0.1375,0.023286557800506712,645.7806766666787,530.1244099997348,5875.833333333333,51.266666666666666,True,True,False,True,False,False,False,False
24,8,R24-T8,200,30,30,1.0,0.8864866068260314,1.0,0.0,0.0,0.11351339317396873,0.06666666666666667,0.01847702379127039,0.21323458362616918,1.0,0.8864866068260314,1.0,0.06581654570145423,0.1375,0.023286557800506712,645.7806766666787,533.3978600002714,5875.833333333333,51.266666666666666,True,True,False,True,False,False,False,False
24,8,R24-T8,500,30,30,1.0,0.8864866068260314,1.0,0.0,0.0,0.11351339317396873,0.36666666666666664,0.21873920806100713,0.5448643634520512,1.0,0.8864866068260314,1.0,0.06302463341242956,0.12916666666666668,0.02213713880074493,645.7806766666787,559.6153366666234,5875.833333333333,51.266666666666666,True,True,False,True,False,False,False,False
24,12,R24-T12,50,30,30,1.0,0.8864866068260314,1.0,0.0,0.0,0.11351339317396873,0.0,0.0,0.11351339317396873,1.0,0.8864866068260314,1.0,0.06783354401809273,0.1527777777777778,0.025293866179993442,1049.0451466665643,994.329136666723,9630.966666666667,80.63333333333334,True,True,False,True,False,False,False,False
24,12,R24-T12,100,30,30,1.0,0.8864866068260314,1.0,0.0,0.0,0.11351339317396873,0.0,0.0,0.11351339317396873,1.0,0.8864866068260314,1.0,0.06783354401809273,0.1527777777777778,0.025293866179993442,1049.0451466665643,969.7372833332338,9630.966666666667,80.63333333333334,True,True,False,True,False,False,False,False
24,12,R24-T12,200,30,30,1.0,0.8864866068260314,1.0,0.0,0.0,0.11351339317396873,0.0,0.0,0.11351339317396873,1.0,0.8864866068260314,1.0,0.06783354401809273,0.1527777777777778,0.025293866179993442,1049.0451466665643,970.113546666956,9630.966666666667,80.63333333333334,True,True,False,True,False,False,False,False
24,12,R24-T12,500,30,30,1.0,0.8864866068260314,1.0,0.0,0.0,0.11351339317396873,0.03333333333333333,0.005908590381612455,0.1667039099140917,1.0,0.8864866068260314,1.0,0.06809197174538364,0.1527777777777778,0.025212764308365634,1049.0451466665643,973.2003933333544,9630.966666666667,80.63333333333334,True,True,False,True,False,False,False,False
24,16,R24-T16,50,30,30,1.0,0.8864866068260314,1.0,0.0,0.0,0.11351339317396873,0.0,0.0,0.11351339317396873,1.0,0.8864866068260314,1.0,0.0730880202594787,0.17708333333333334,0.027975155159105924,1382.7739933333457,1226.4378166666575,12428.066666666668,108.36666666666666,True,True,False,True,False,False,False,False
24,16,R24-T16,100,30,30,1.0,0.8864866068260314,1.0,0.0,0.0,0.11351339317396873,0.0,0.0,0.11351339317396873,1.0,0.8864866068260314,1.0,0.0730880202594787,0.17708333333333334,0.027975155159105924,1382.7739933333457,1240.726456666683,12428.066666666668,108.36666666666666,True,True,False,True,False,False,False,False
24,16,R24-T16,200,30,30,1.0,0.8864866068260314,1.0,0.0,0.0,0.11351339317396873,0.0,0.0,0.11351339317396873,1.0,0.8864866068260314,1.0,0.0730880202594787,0.17708333333333334,0.027975155159105924,1382.7739933333457,1239.9196533332845,12428.066666666668,108.36666666666666,True,True,False,True,False,False,False,False
24,16,R24-T16,500,30,30,1.0,0.8864866068260314,1.0,0.0,0.0,0.11351339317396873,0.0,0.0,0.11351339317396873,1.0,0.8864866068260314,1.0,0.0730880202594787,0.17708333333333334,0.027975155159105924,1382.7739933333457,1231.06204666686,12428.066666666668,108.36666666666666,True,True,False,True,False,False,False,False
32,4,R32-T4,50,30,30,1.0,0.8864866068260314,1.0,0.0,0.0,0.11351339317396873,0.2,0.09505107177289876,0.3730569641314826,1.0,0.8864866068260314,1.0,0.16543910802596257,0.2833333333333333,0.05566404604965404,850.9910899999037,301.6243066664174,7619.7,21.733333333333334,True,True,False,True,False,False,False,False
32,4,R32-T4,100,30,30,1.0,0.8864866068260314,1.0,0.0,0.0,0.11351339317396873,0.3,0.16664748268243804,0.4787578745871496,1.0,0.8864866068260314,1.0,0.16543910802596257,0.2833333333333333,0.05566404604965404,850.9910899999037,297.87242333319836,7619.7,21.733333333333334,True,True,False,True,False,False,False,False
32,4,R32-T4,200,30,30,1.0,0.8864866068260314,1.0,0.0,0.0,0.11351339317396873,0.4,0.24590628116801863,0.5767963974667752,1.0,0.8864866068260314,1.0,0.16543910802596257,0.2833333333333333,0.05566404604965404,850.9910899999037,297.3676400002053,7619.7,21.733333333333334,True,True,False,True,False,False,False,False
32,4,R32-T4,500,30,30,1.0,0.8864866068260314,1.0,0.0,0.0,0.11351339317396873,0.8,0.6269430358685175,0.9049489282271013,1.0,0.8864866068260314,1.0,0.16037248056275336,0.275,0.05359941450077736,850.9910899999037,300.1671733333448,7619.7,21.733333333333334,True,True,False,True,False,False,False,False
32,8,R32-T8,50,30,30,1.0,0.8864866068260314,1.0,0.0,0.0,0.11351339317396873,0.0,0.0,0.11351339317396873,1.0,0.8864866068260314,1.0,0.1171099424454251,0.21666666666666667,0.04507705639412831,1662.461993333333,617.0624766666757,14820.966666666667,42.63333333333333,True,True,False,True,False,False,False,False
32,8,R32-T8,100,30,30,1.0,0.8864866068260314,1.0,0.0,0.0,0.11351339317396873,0.0,0.0,0.11351339317396873,1.0,0.8864866068260314,1.0,0.1171099424454251,0.21666666666666667,0.04507705639412831,1662.461993333333,616.463206666837,14820.966666666667,42.63333333333333,True,True,False,True,False,False,False,False
32,8,R32-T8,200,30,30,1.0,0.8864866068260314,1.0,0.0,0.0,0.11351339317396873,0.03333333333333333,0.005908590381612455,0.1667039099140917,1.0,0.8864866068260314,1.0,0.1171099424454251,0.21666666666666667,0.04507705639412831,1662.461993333333,618.2529899999887,14820.966666666667,42.63333333333333,True,True,False,True,False,False,False,False
32,8,R32-T8,500,30,30,1.0,0.8864866068260314,1.0,0.0,0.0,0.11351339317396873,0.23333333333333334,0.11792388144489502,0.4092832615812217,1.0,0.8864866068260314,1.0,0.11655386096881631,0.21666666666666667,0.04486516974353536,1662.461993333333,630.8050533333395,14820.966666666667,42.63333333333333,True,True,False,True,False,False,False,False
32,12,R32-T12,50,30,30,1.0,0.8864866068260314,1.0,0.0,0.0,0.11351339317396873,0.0,0.0,0.11351339317396873,1.0,0.8864866068260314,1.0,0.10434575581305167,0.20555555555555557,0.03971127744675659,2643.799056666709,1112.4012400000236,23865.2,70.2,True,True,False,True,False,False,False,False
32,12,R32-T12,100,30,30,1.0,0.8864866068260314,1.0,0.0,0.0,0.11351339317396873,0.0,0.0,0.11351339317396873,1.0,0.8864866068260314,1.0,0.10434575581305167,0.20555555555555557,0.03971127744675659,2643.799056666709,1087.3094466665254,23865.2,70.2,True,True,False,True,False,False,False,False
32,12,R32-T12,200,30,30,1.0,0.8864866068260314,1.0,0.0,0.0,0.11351339317396873,0.0,0.0,0.11351339317396873,1.0,0.8864866068260314,1.0,0.10434575581305167,0.20555555555555557,0.03971127744675659,2643.799056666709,1106.8823266667096,23865.2,70.2,True,True,False,True,False,False,False,False
32,12,R32-T12,500,30,30,1.0,0.8864866068260314,1.0,0.0,0.0,0.11351339317396873,0.03333333333333333,0.005908590381612455,0.1667039099140917,1.0,0.8864866068260314,1.0,0.10434575581305167,0.20555555555555557,0.03971127744675659,2643.799056666709,1104.7773066666803,23865.2,70.2,True,True,False,True,False,False,False,False
32,16,R32-T16,50,30,30,1.0,0.8864866068260314,1.0,0.0,0.0,0.11351339317396873,0.0,0.0,0.11351339317396873,1.0,0.8864866068260314,1.0,0.09985190581716122,0.21875,0.03866012254028082,3336.3241133328606,1336.2111033335168,31457.633333333335,93.0,True,True,False,True,False,False,False,False
32,16,R32-T16,100,30,30,1.0,0.8864866068260314,1.0,0.0,0.0,0.11351339317396873,0.0,0.0,0.11351339317396873,1.0,0.8864866068260314,1.0,0.09985190581716122,0.21875,0.03866012254028082,3336.3241133328606,1346.5162900000603,31457.633333333335,93.0,True,True,False,True,False,False,False,False
32,16,R32-T16,200,30,30,1.0,0.8864866068260314,1.0,0.0,0.0,0.11351339317396873,0.0,0.0,0.11351339317396873,1.0,0.8864866068260314,1.0,0.09985190581716122,0.21875,0.03866012254028082,3336.3241133328606,1334.8787633334116,31457.633333333335,93.0,True,True,False,True,False,False,False,False
32,16,R32-T16,500,30,30,1.0,0.8864866068260314,1.0,0.0,0.0,0.11351339317396873,0.03333333333333333,0.005908590381612455,0.1667039099140917,1.0,0.8864866068260314,1.0,0.09985190581716122,0.21875,0.03866012254028082,3336.3241133328606,1348.3414000001478,31457.633333333335,93.0,True,True,False,True,False,False,False,False
