family_id,endpoint,registered_budget_ms,independent_unit,family_definition,number_of_comparisons,multiplicity_control
stage3.external_objective_per_active_task.budget_50,external_objective_per_active_task,50,one seeded static decision snapshot,bounded K12 versus exact over the 16 registered resource-task scale cells,16,"Holm step-down, two-sided family-wise alpha=0.05"
stage3.independent_service_score.budget_50,independent_service_score,50,one seeded static decision snapshot,bounded K12 versus exact over the 16 registered resource-task scale cells,16,"Holm step-down, two-sided family-wise alpha=0.05"
stage3.independent_coverage.budget_50,independent_coverage,50,one seeded static decision snapshot,bounded K12 versus exact over the 16 registered resource-task scale cells,16,"Holm step-down, two-sided family-wise alpha=0.05"
stage3.decision_runtime_ms.budget_50,decision_runtime_ms,50,one seeded static decision snapshot,bounded K12 versus exact over the 16 registered resource-task scale cells,16,"Holm step-down, two-sided family-wise alpha=0.05"
stage3.candidate_after_diversity.budget_50,candidate_after_diversity,50,one seeded static decision snapshot,bounded K12 versus exact over the 16 registered resource-task scale cells,16,"Holm step-down, two-sided family-wise alpha=0.05"
stage3.nodes.budget_50,nodes,50,one seeded static decision snapshot,bounded K12 versus exact over the 16 registered resource-task scale cells,16,"Holm step-down, two-sided family-wise alpha=0.05"
stage3.fallback.budget_50,fallback,50,one seeded static decision snapshot,bounded K12 versus exact over the 16 registered resource-task scale cells,16,"Holm step-down, two-sided family-wise alpha=0.05"
stage3.deadline_hit.budget_50,deadline_hit,50,one seeded static decision snapshot,bounded K12 versus exact over the 16 registered resource-task scale cells,16,"Holm step-down, two-sided family-wise alpha=0.05"
stage3.common_served_task_response_time.budget_50,common_served_task_response_time,50,one seeded static decision snapshot,bounded K12 versus exact over the 16 registered resource-task scale cells,16,"Holm step-down, two-sided family-wise alpha=0.05"
stage3.external_objective_per_active_task.budget_100,external_objective_per_active_task,100,one seeded static decision snapshot,bounded K12 versus exact over the 16 registered resource-task scale cells,16,"Holm step-down, two-sided family-wise alpha=0.05"
stage3.independent_service_score.budget_100,independent_service_score,100,one seeded static decision snapshot,bounded K12 versus exact over the 16 registered resource-task scale cells,16,"Holm step-down, two-sided family-wise alpha=0.05"
stage3.independent_coverage.budget_100,independent_coverage,100,one seeded static decision snapshot,bounded K12 versus exact over the 16 registered resource-task scale cells,16,"Holm step-down, two-sided family-wise alpha=0.05"
stage3.decision_runtime_ms.budget_100,decision_runtime_ms,100,one seeded static decision snapshot,bounded K12 versus exact over the 16 registered resource-task scale cells,16,"Holm step-down, two-sided family-wise alpha=0.05"
stage3.candidate_after_diversity.budget_100,candidate_after_diversity,100,one seeded static decision snapshot,bounded K12 versus exact over the 16 registered resource-task scale cells,16,"Holm step-down, two-sided family-wise alpha=0.05"
stage3.nodes.budget_100,nodes,100,one seeded static decision snapshot,bounded K12 versus exact over the 16 registered resource-task scale cells,16,"Holm step-down, two-sided family-wise alpha=0.05"
stage3.fallback.budget_100,fallback,100,one seeded static decision snapshot,bounded K12 versus exact over the 16 registered resource-task scale cells,16,"Holm step-down, two-sided family-wise alpha=0.05"
stage3.deadline_hit.budget_100,deadline_hit,100,one seeded static decision snapshot,bounded K12 versus exact over the 16 registered resource-task scale cells,16,"Holm step-down, two-sided family-wise alpha=0.05"
stage3.common_served_task_response_time.budget_100,common_served_task_response_time,100,one seeded static decision snapshot,bounded K12 versus exact over the 16 registered resource-task scale cells,16,"Holm step-down, two-sided family-wise alpha=0.05"
stage3.external_objective_per_active_task.budget_200,external_objective_per_active_task,200,one seeded static decision snapshot,bounded K12 versus exact over the 16 registered resource-task scale cells,16,"Holm step-down, two-sided family-wise alpha=0.05"
stage3.independent_service_score.budget_200,independent_service_score,200,one seeded static decision snapshot,bounded K12 versus exact over the 16 registered resource-task scale cells,16,"Holm step-down, two-sided family-wise alpha=0.05"
stage3.independent_coverage.budget_200,independent_coverage,200,one seeded static decision snapshot,bounded K12 versus exact over the 16 registered resource-task scale cells,16,"Holm step-down, two-sided family-wise alpha=0.05"
stage3.decision_runtime_ms.budget_200,decision_runtime_ms,200,one seeded static decision snapshot,bounded K12 versus exact over the 16 registered resource-task scale cells,16,"Holm step-down, two-sided family-wise alpha=0.05"
stage3.candidate_after_diversity.budget_200,candidate_after_diversity,200,one seeded static decision snapshot,bounded K12 versus exact over the 16 registered resource-task scale cells,16,"Holm step-down, two-sided family-wise alpha=0.05"
stage3.nodes.budget_200,nodes,200,one seeded static decision snapshot,bounded K12 versus exact over the 16 registered resource-task scale cells,16,"Holm step-down, two-sided family-wise alpha=0.05"
stage3.fallback.budget_200,fallback,200,one seeded static decision snapshot,bounded K12 versus exact over the 16 registered resource-task scale cells,16,"Holm step-down, two-sided family-wise alpha=0.05"
stage3.deadline_hit.budget_200,deadline_hit,200,one seeded static decision snapshot,bounded K12 versus exact over the 16 registered resource-task scale cells,16,"Holm step-down, two-sided family-wise alpha=0.05"
stage3.common_served_task_response_time.budget_200,common_served_task_response_time,200,one seeded static decision snapshot,bounded K12 versus exact over the 16 registered resource-task scale cells,16,"Holm step-down, two-sided family-wise alpha=0.05"
stage3.external_objective_per_active_task.budget_500,external_objective_per_active_task,500,one seeded static decision snapshot,bounded K12 versus exact over the 16 registered resource-task scale cells,16,"Holm step-down, two-sided family-wise alpha=0.05"
stage3.independent_service_score.budget_500,independent_service_score,500,one seeded static decision snapshot,bounded K12 versus exact over the 16 registered resource-task scale cells,16,"Holm step-down, two-sided family-wise alpha=0.05"
stage3.independent_coverage.budget_500,independent_coverage,500,one seeded static decision snapshot,bounded K12 versus exact over the 16 registered resource-task scale cells,16,"Holm step-down, two-sided family-wise alpha=0.05"
stage3.decision_runtime_ms.budget_500,decision_runtime_ms,500,one seeded static decision snapshot,bounded K12 versus exact over the 16 registered resource-task scale cells,16,"Holm step-down, two-sided family-wise alpha=0.05"
stage3.candidate_after_diversity.budget_500,candidate_after_diversity,500,one seeded static decision snapshot,bounded K12 versus exact over the 16 registered resource-task scale cells,16,"Holm step-down, two-sided family-wise alpha=0.05"
stage3.nodes.budget_500,nodes,500,one seeded static decision snapshot,bounded K12 versus exact over the 16 registered resource-task scale cells,16,"Holm step-down, two-sided family-wise alpha=0.05"
stage3.fallback.budget_500,fallback,500,one seeded static decision snapshot,bounded K12 versus exact over the 16 registered resource-task scale cells,16,"Holm step-down, two-sided family-wise alpha=0.05"
stage3.deadline_hit.budget_500,deadline_hit,500,one seeded static decision snapshot,bounded K12 versus exact over the 16 registered resource-task scale cells,16,"Holm step-down, two-sided family-wise alpha=0.05"
stage3.common_served_task_response_time.budget_500,common_served_task_response_time,500,one seeded static decision snapshot,bounded K12 versus exact over the 16 registered resource-task scale cells,16,"Holm step-down, two-sided family-wise alpha=0.05"
