family_id,section,comparison,metric,method_a,method_b,favorable_direction_for_method_a,n_independent_seed_pairs,method_a_mean,method_b_mean,mean_difference_a_minus_b,mean_difference_ci95_low,mean_difference_ci95_high,ci_estimand,ci_method,wilcoxon_w,p_value_test,p_unadjusted,p_holm_adjusted,cohen_dz,rank_biserial,win_rate,model_version,parameter,level,nested_decision_periods,holm_family_size,significant_after_holm_0_05
parameter_robustness.alpha_cost.independent_service_score,parameter robustness,alpha_cost=0.06: CA-HMCD vs External-Auction,independent_service_score,CA-HMCD,External-Auction,higher,30,0.36607259585531027,0.3385148437964282,0.027557752058882074,0.02203802269222635,0.03418582845622455,mean paired difference at the seed level,"BCa paired bootstrap, 10000 resamples",0,two-sided paired Wilcoxon signed-rank test,1.825371456361214e-06,1.0952228738167284e-05,1.5741977615250862,1.0,1.0,ca-hmcd-stage1-closure-v2.3,alpha_cost,0.06,12,6,True
parameter_robustness.alpha_cost.independent_service_score,parameter robustness,alpha_cost=0.06: CA-HMCD vs Greedy,independent_service_score,CA-HMCD,Greedy,higher,30,0.36607259585531027,0.34265811574957517,0.023414480105735123,0.018226702775449598,0.029934480260389244,mean paired difference at the seed level,"BCa paired bootstrap, 10000 resamples",0,two-sided paired Wilcoxon signed-rank test,1.825371456361214e-06,1.0952228738167284e-05,1.4047140120889314,1.0,1.0,ca-hmcd-stage1-closure-v2.3,alpha_cost,0.06,12,6,True
parameter_robustness.alpha_cost.independent_service_score,parameter robustness,alpha_cost=0.12: CA-HMCD vs External-Auction,independent_service_score,CA-HMCD,External-Auction,higher,30,0.3483649924767968,0.3302183249366746,0.01814666754012218,0.014160451720481138,0.02275927496145123,mean paired difference at the seed level,"BCa paired bootstrap, 10000 resamples",3.0,two-sided paired Wilcoxon signed-rank test,2.4753489333888993e-06,1.0952228738167284e-05,1.4775109389757775,0.9870967741935484,0.9333333333333333,ca-hmcd-stage1-closure-v2.3,alpha_cost,0.12,12,6,True
parameter_robustness.alpha_cost.independent_service_score,parameter robustness,alpha_cost=0.12: CA-HMCD vs Greedy,independent_service_score,CA-HMCD,Greedy,higher,30,0.3483649924767968,0.33183530613245954,0.01652968634433726,0.012018488817804367,0.022128023459664737,mean paired difference at the seed level,"BCa paired bootstrap, 10000 resamples",7.0,two-sided paired Wilcoxon signed-rank test,5.602197222870854e-06,1.6806591668612563e-05,1.1658273351876485,0.967816091954023,0.8833333333333333,ca-hmcd-stage1-closure-v2.3,alpha_cost,0.12,12,6,True
parameter_robustness.alpha_cost.independent_service_score,parameter robustness,alpha_cost=0.24: CA-HMCD vs External-Auction,independent_service_score,CA-HMCD,External-Auction,higher,30,0.31298623048296165,0.30471057381397326,0.00827565666898836,0.004349754733663417,0.013562259497928175,mean paired difference at the seed level,"BCa paired bootstrap, 10000 resamples",63.0,two-sided paired Wilcoxon signed-rank test,0.0014900543773592853,0.0014900543773592853,0.6301728871273418,0.6896551724137931,0.7666666666666667,ca-hmcd-stage1-closure-v2.3,alpha_cost,0.24,12,6,True
parameter_robustness.alpha_cost.independent_service_score,parameter robustness,alpha_cost=0.24: CA-HMCD vs Greedy,independent_service_score,CA-HMCD,Greedy,higher,30,0.31298623048296165,0.303597185761623,0.009389044721338639,0.005233238922160548,0.01510196248672056,mean paired difference at the seed level,"BCa paired bootstrap, 10000 resamples",16.0,two-sided paired Wilcoxon signed-rank test,0.00035532020258597827,0.0007106404051719565,0.6726333007386017,0.8735177865612648,0.8,ca-hmcd-stage1-closure-v2.3,alpha_cost,0.24,12,6,True
parameter_robustness.beta_time.independent_service_score,parameter robustness,beta_time=0.04: CA-HMCD vs External-Auction,independent_service_score,CA-HMCD,External-Auction,higher,30,0.35696869380639334,0.3366996453578969,0.020269048448496436,0.015517245080611475,0.024954057616338118,mean paired difference at the seed level,"BCa paired bootstrap, 10000 resamples",7.0,two-sided paired Wilcoxon signed-rank test,3.6943446109527344e-06,1.50152246969759e-05,1.484856044333211,0.9698924731182795,0.9666666666666667,ca-hmcd-stage1-closure-v2.3,beta_time,0.04,12,6,True
parameter_robustness.beta_time.independent_service_score,parameter robustness,beta_time=0.04: CA-HMCD vs Greedy,independent_service_score,CA-HMCD,Greedy,higher,30,0.35696869380639334,0.3382670735801225,0.01870162022627084,0.013840043835526165,0.02449491928032519,mean paired difference at the seed level,"BCa paired bootstrap, 10000 resamples",1.0,two-sided paired Wilcoxon signed-rank test,3.0030449393951798e-06,1.50152246969759e-05,1.2353184613034474,0.9954022988505747,0.95,ca-hmcd-stage1-closure-v2.3,beta_time,0.04,12,6,True
parameter_robustness.beta_time.independent_service_score,parameter robustness,beta_time=0.08: CA-HMCD vs External-Auction,independent_service_score,CA-HMCD,External-Auction,higher,30,0.3483649924767968,0.3302183249366746,0.01814666754012218,0.013999347924080183,0.022723302233798516,mean paired difference at the seed level,"BCa paired bootstrap, 10000 resamples",3.0,two-sided paired Wilcoxon signed-rank test,2.4753489333888993e-06,1.4852093600333396e-05,1.4775109389757775,0.9870967741935484,0.9333333333333333,ca-hmcd-stage1-closure-v2.3,beta_time,0.08,12,6,True
parameter_robustness.beta_time.independent_service_score,parameter robustness,beta_time=0.08: CA-HMCD vs Greedy,independent_service_score,CA-HMCD,Greedy,higher,30,0.3483649924767968,0.33183530613245954,0.01652968634433726,0.012066988088224227,0.02189079028464053,mean paired difference at the seed level,"BCa paired bootstrap, 10000 resamples",7.0,two-sided paired Wilcoxon signed-rank test,5.602197222870854e-06,1.50152246969759e-05,1.1658273351876485,0.967816091954023,0.8833333333333333,ca-hmcd-stage1-closure-v2.3,beta_time,0.08,12,6,True
parameter_robustness.beta_time.independent_service_score,parameter robustness,beta_time=0.16: CA-HMCD vs External-Auction,independent_service_score,CA-HMCD,External-Auction,higher,30,0.3335633956215212,0.31824593279360924,0.015317462827911969,0.011352638559288307,0.020350743060871507,mean paired difference at the seed level,"BCa paired bootstrap, 10000 resamples",10.0,two-sided paired Wilcoxon signed-rank test,4.96712828365053e-06,1.50152246969759e-05,1.2074516651389162,0.956989247311828,0.9,ca-hmcd-stage1-closure-v2.3,beta_time,0.16,12,6,True
parameter_robustness.beta_time.independent_service_score,parameter robustness,beta_time=0.16: CA-HMCD vs Greedy,independent_service_score,CA-HMCD,Greedy,higher,30,0.3335633956215212,0.3175635795816616,0.015999816039859636,0.012107392809153376,0.02079258561007309,mean paired difference at the seed level,"BCa paired bootstrap, 10000 resamples",3.0,two-sided paired Wilcoxon signed-rank test,3.7034739520019437e-06,1.50152246969759e-05,1.3215615884518477,0.9862068965517241,0.9166666666666666,ca-hmcd-stage1-closure-v2.3,beta_time,0.16,12,6,True
parameter_robustness.gamma_unserved.independent_service_score,parameter robustness,gamma_unserved=0.1: CA-HMCD vs External-Auction,independent_service_score,CA-HMCD,External-Auction,higher,30,0.3294921026345589,0.3151372718304752,0.014354830804083745,0.010713951243821624,0.01803979912279506,mean paired difference at the seed level,"BCa paired bootstrap, 10000 resamples",11.0,two-sided paired Wilcoxon signed-rank test,5.477820172329893e-06,1.0955640344659787e-05,1.3707043648586004,0.9526881720430107,0.9,ca-hmcd-stage1-closure-v2.3,gamma_unserved,0.1,12,6,True
parameter_robustness.gamma_unserved.independent_service_score,parameter robustness,gamma_unserved=0.1: CA-HMCD vs Greedy,independent_service_score,CA-HMCD,Greedy,higher,30,0.3294921026345589,0.31477431894894836,0.014717783685610537,0.010930519727931827,0.018775368657671546,mean paired difference at the seed level,"BCa paired bootstrap, 10000 resamples",0,two-sided paired Wilcoxon signed-rank test,2.702369140477986e-06,1.0952228738167284e-05,1.3430929645636,1.0,0.9833333333333333,ca-hmcd-stage1-closure-v2.3,gamma_unserved,0.1,12,6,True
parameter_robustness.gamma_unserved.independent_service_score,parameter robustness,gamma_unserved=0.2: CA-HMCD vs External-Auction,independent_service_score,CA-HMCD,External-Auction,higher,30,0.3483649924767968,0.3302183249366746,0.01814666754012218,0.01404415154150276,0.022735716344858138,mean paired difference at the seed level,"BCa paired bootstrap, 10000 resamples",3.0,two-sided paired Wilcoxon signed-rank test,2.4753489333888993e-06,1.0952228738167284e-05,1.4775109389757775,0.9870967741935484,0.9333333333333333,ca-hmcd-stage1-closure-v2.3,gamma_unserved,0.2,12,6,True
parameter_robustness.gamma_unserved.independent_service_score,parameter robustness,gamma_unserved=0.2: CA-HMCD vs Greedy,independent_service_score,CA-HMCD,Greedy,higher,30,0.3483649924767968,0.33183530613245954,0.01652968634433726,0.011895823730590581,0.02203611616752593,mean paired difference at the seed level,"BCa paired bootstrap, 10000 resamples",7.0,two-sided paired Wilcoxon signed-rank test,5.602197222870854e-06,1.0955640344659787e-05,1.1658273351876485,0.967816091954023,0.8833333333333333,ca-hmcd-stage1-closure-v2.3,gamma_unserved,0.2,12,6,True
parameter_robustness.gamma_unserved.independent_service_score,parameter robustness,gamma_unserved=0.4: CA-HMCD vs External-Auction,independent_service_score,CA-HMCD,External-Auction,higher,30,0.36868230784419614,0.34577389440316153,0.02290841344103463,0.018264473513337237,0.02769391195203122,mean paired difference at the seed level,"BCa paired bootstrap, 10000 resamples",0,two-sided paired Wilcoxon signed-rank test,1.825371456361214e-06,1.0952228738167284e-05,1.7169925520205478,1.0,1.0,ca-hmcd-stage1-closure-v2.3,gamma_unserved,0.4,12,6,True
parameter_robustness.gamma_unserved.independent_service_score,parameter robustness,gamma_unserved=0.4: CA-HMCD vs Greedy,independent_service_score,CA-HMCD,Greedy,higher,30,0.36868230784419614,0.3469470982551431,0.02173520958905301,0.01740104268359071,0.026597693940323384,mean paired difference at the seed level,"BCa paired bootstrap, 10000 resamples",0,two-sided paired Wilcoxon signed-rank test,1.825371456361214e-06,1.0952228738167284e-05,1.6614069351747909,1.0,1.0,ca-hmcd-stage1-closure-v2.3,gamma_unserved,0.4,12,6,True
parameter_robustness.lambda_redundancy.independent_service_score,parameter robustness,lambda_redundancy=0.06: CA-HMCD vs External-Auction,independent_service_score,CA-HMCD,External-Auction,higher,30,0.34834863922183207,0.3302183249366746,0.018130314285157455,0.014026639973131846,0.022815559277192768,mean paired difference at the seed level,"BCa paired bootstrap, 10000 resamples",3.0,two-sided paired Wilcoxon signed-rank test,2.4753489333888993e-06,1.4852093600333396e-05,1.4338713130994554,0.9870967741935484,0.9333333333333333,ca-hmcd-stage1-closure-v2.3,lambda_redundancy,0.06,12,6,True
parameter_robustness.lambda_redundancy.independent_service_score,parameter robustness,lambda_redundancy=0.06: CA-HMCD vs Greedy,independent_service_score,CA-HMCD,Greedy,higher,30,0.34834863922183207,0.33170428332848884,0.01664435589334324,0.01202047404800273,0.022392835199160015,mean paired difference at the seed level,"BCa paired bootstrap, 10000 resamples",5.0,two-sided paired Wilcoxon signed-rank test,4.559053220747418e-06,1.4852093600333396e-05,1.1533881826436714,0.9770114942528736,0.9166666666666666,ca-hmcd-stage1-closure-v2.3,lambda_redundancy,0.06,12,6,True
parameter_robustness.lambda_redundancy.independent_service_score,parameter robustness,lambda_redundancy=0.12: CA-HMCD vs External-Auction,independent_service_score,CA-HMCD,External-Auction,higher,30,0.3483649924767968,0.3302183249366746,0.01814666754012218,0.013934822052723901,0.022711114441281134,mean paired difference at the seed level,"BCa paired bootstrap, 10000 resamples",3.0,two-sided paired Wilcoxon signed-rank test,2.4753489333888993e-06,1.4852093600333396e-05,1.4775109389757775,0.9870967741935484,0.9333333333333333,ca-hmcd-stage1-closure-v2.3,lambda_redundancy,0.12,12,6,True
parameter_robustness.lambda_redundancy.independent_service_score,parameter robustness,lambda_redundancy=0.12: CA-HMCD vs Greedy,independent_service_score,CA-HMCD,Greedy,higher,30,0.3483649924767968,0.33183530613245954,0.01652968634433726,0.012132713634504053,0.022013466501795587,mean paired difference at the seed level,"BCa paired bootstrap, 10000 resamples",7.0,two-sided paired Wilcoxon signed-rank test,5.602197222870854e-06,1.4852093600333396e-05,1.1658273351876485,0.967816091954023,0.8833333333333333,ca-hmcd-stage1-closure-v2.3,lambda_redundancy,0.12,12,6,True
parameter_robustness.lambda_redundancy.independent_service_score,parameter robustness,lambda_redundancy=0.24: CA-HMCD vs External-Auction,independent_service_score,CA-HMCD,External-Auction,higher,30,0.347978860837855,0.3302183249366746,0.017760535901180416,0.013520813671854634,0.022363611329192176,mean paired difference at the seed level,"BCa paired bootstrap, 10000 resamples",3.0,two-sided paired Wilcoxon signed-rank test,2.4753489333888993e-06,1.4852093600333396e-05,1.3997101213864416,0.9870967741935484,0.9333333333333333,ca-hmcd-stage1-closure-v2.3,lambda_redundancy,0.24,12,6,True
parameter_robustness.lambda_redundancy.independent_service_score,parameter robustness,lambda_redundancy=0.24: CA-HMCD vs Greedy,independent_service_score,CA-HMCD,Greedy,higher,30,0.347978860837855,0.33181422847863157,0.01616463235922339,0.011317608923208457,0.02244353739462553,mean paired difference at the seed level,"BCa paired bootstrap, 10000 resamples",6.0,two-sided paired Wilcoxon signed-rank test,7.655997423266193e-06,1.4852093600333396e-05,1.0157734238467686,0.9704433497536946,0.8666666666666667,ca-hmcd-stage1-closure-v2.3,lambda_redundancy,0.24,12,6,True
parameter_robustness.lambda_switch.independent_service_score,parameter robustness,lambda_switch=0.05: CA-HMCD vs External-Auction,independent_service_score,CA-HMCD,External-Auction,higher,30,0.3745191313416407,0.3392725214066756,0.03524660993496514,0.030874021780268206,0.03966100178198184,mean paired difference at the seed level,"BCa paired bootstrap, 10000 resamples",0,two-sided paired Wilcoxon signed-rank test,1.825371456361214e-06,1.0952228738167284e-05,2.7966203176592006,1.0,1.0,ca-hmcd-stage1-closure-v2.3,lambda_switch,0.05,12,6,True
parameter_robustness.lambda_switch.independent_service_score,parameter robustness,lambda_switch=0.05: CA-HMCD vs Greedy,independent_service_score,CA-HMCD,Greedy,higher,30,0.3745191313416407,0.34380391487959755,0.030715216462043164,0.0259627875763798,0.03539159552258808,mean paired difference at the seed level,"BCa paired bootstrap, 10000 resamples",0,two-sided paired Wilcoxon signed-rank test,1.825371456361214e-06,1.0952228738167284e-05,2.2890104895705963,1.0,1.0,ca-hmcd-stage1-closure-v2.3,lambda_switch,0.05,12,6,True
parameter_robustness.lambda_switch.independent_service_score,parameter robustness,lambda_switch=0.1: CA-HMCD vs External-Auction,independent_service_score,CA-HMCD,External-Auction,higher,30,0.3483649924767968,0.3302183249366746,0.01814666754012218,0.014093602188409275,0.022765469524736227,mean paired difference at the seed level,"BCa paired bootstrap, 10000 resamples",3.0,two-sided paired Wilcoxon signed-rank test,2.4753489333888993e-06,1.0952228738167284e-05,1.4775109389757775,0.9870967741935484,0.9333333333333333,ca-hmcd-stage1-closure-v2.3,lambda_switch,0.1,12,6,True
parameter_robustness.lambda_switch.independent_service_score,parameter robustness,lambda_switch=0.1: CA-HMCD vs Greedy,independent_service_score,CA-HMCD,Greedy,higher,30,0.3483649924767968,0.33183530613245954,0.01652968634433726,0.012036083746582835,0.022035471063709327,mean paired difference at the seed level,"BCa paired bootstrap, 10000 resamples",7.0,two-sided paired Wilcoxon signed-rank test,5.602197222870854e-06,1.6806591668612563e-05,1.1658273351876485,0.967816091954023,0.8833333333333333,ca-hmcd-stage1-closure-v2.3,lambda_switch,0.1,12,6,True
parameter_robustness.lambda_switch.independent_service_score,parameter robustness,lambda_switch=0.2: CA-HMCD vs External-Auction,independent_service_score,CA-HMCD,External-Auction,higher,30,0.2939101060026423,0.2895767594561412,0.004333346546501065,0.0013380305602261762,0.011232429544133837,mean paired difference at the seed level,"BCa paired bootstrap, 10000 resamples",31.0,two-sided paired Wilcoxon signed-rank test,0.030517578125,0.030517578125,0.35309222755888725,0.5947712418300654,0.65,ca-hmcd-stage1-closure-v2.3,lambda_switch,0.2,12,6,True
parameter_robustness.lambda_switch.independent_service_score,parameter robustness,lambda_switch=0.2: CA-HMCD vs Greedy,independent_service_score,CA-HMCD,Greedy,higher,30,0.2939101060026423,0.2890056961039441,0.0049044098986981526,0.002069308216914007,0.011862435856550977,mean paired difference at the seed level,"BCa paired bootstrap, 10000 resamples",6.0,two-sided paired Wilcoxon signed-rank test,0.001708984375,0.00341796875,0.4237635240140296,0.8857142857142857,0.6666666666666666,ca-hmcd-stage1-closure-v2.3,lambda_switch,0.2,12,6,True
parameter_robustness.synergy_scale.independent_service_score,parameter robustness,synergy_scale=0.5: CA-HMCD vs External-Auction,independent_service_score,CA-HMCD,External-Auction,higher,30,0.3478243333365823,0.3302183249366746,0.0176060083999077,0.012995198161808955,0.022623455871774632,mean paired difference at the seed level,"BCa paired bootstrap, 10000 resamples",5.0,two-sided paired Wilcoxon signed-rank test,3.026501801603416e-06,1.2376744666944496e-05,1.2942189300018478,0.978494623655914,0.9333333333333333,ca-hmcd-stage1-closure-v2.3,synergy_scale,0.5,12,6,True
parameter_robustness.synergy_scale.independent_service_score,parameter robustness,synergy_scale=0.5: CA-HMCD vs Greedy,independent_service_score,CA-HMCD,Greedy,higher,30,0.3478243333365823,0.33082072403884233,0.01700360929773995,0.012272097374267925,0.02263787003666915,mean paired difference at the seed level,"BCa paired bootstrap, 10000 resamples",3.0,two-sided paired Wilcoxon signed-rank test,2.4753489333888993e-06,1.2376744666944496e-05,1.1590500867442575,0.9870967741935484,0.9333333333333333,ca-hmcd-stage1-closure-v2.3,synergy_scale,0.5,12,6,True
parameter_robustness.synergy_scale.independent_service_score,parameter robustness,synergy_scale=1: CA-HMCD vs External-Auction,independent_service_score,CA-HMCD,External-Auction,higher,30,0.3483649924767968,0.3302183249366746,0.01814666754012218,0.014139436198435143,0.022636340330712837,mean paired difference at the seed level,"BCa paired bootstrap, 10000 resamples",3.0,two-sided paired Wilcoxon signed-rank test,2.4753489333888993e-06,1.2376744666944496e-05,1.4775109389757775,0.9870967741935484,0.9333333333333333,ca-hmcd-stage1-closure-v2.3,synergy_scale,1.0,12,6,True
parameter_robustness.synergy_scale.independent_service_score,parameter robustness,synergy_scale=1: CA-HMCD vs Greedy,independent_service_score,CA-HMCD,Greedy,higher,30,0.3483649924767968,0.33183530613245954,0.01652968634433726,0.01201784862662477,0.022168258966734387,mean paired difference at the seed level,"BCa paired bootstrap, 10000 resamples",7.0,two-sided paired Wilcoxon signed-rank test,5.602197222870854e-06,1.2376744666944496e-05,1.1658273351876485,0.967816091954023,0.8833333333333333,ca-hmcd-stage1-closure-v2.3,synergy_scale,1.0,12,6,True
parameter_robustness.synergy_scale.independent_service_score,parameter robustness,synergy_scale=1.5: CA-HMCD vs External-Auction,independent_service_score,CA-HMCD,External-Auction,higher,30,0.3493590099503588,0.3302183249366746,0.019140685013684218,0.015357704404360191,0.023276361706805346,mean paired difference at the seed level,"BCa paired bootstrap, 10000 resamples",1.0,two-sided paired Wilcoxon signed-rank test,2.0212661161444017e-06,1.2127596696866411e-05,1.7063039247227032,0.9956989247311828,0.9666666666666667,ca-hmcd-stage1-closure-v2.3,synergy_scale,1.5,12,6,True
parameter_robustness.synergy_scale.independent_service_score,parameter robustness,synergy_scale=1.5: CA-HMCD vs Greedy,independent_service_score,CA-HMCD,Greedy,higher,30,0.3493590099503588,0.33314534484005665,0.01621366511030216,0.011518373418650371,0.021770971432568238,mean paired difference at the seed level,"BCa paired bootstrap, 10000 resamples",6.0,two-sided paired Wilcoxon signed-rank test,5.054919028594818e-06,1.2376744666944496e-05,1.1311906069828088,0.9724137931034482,0.8833333333333333,ca-hmcd-stage1-closure-v2.3,synergy_scale,1.5,12,6,True
