dataset,task_load,stratum_id,stratum_label,independent_cluster,algorithm,nested_seed_runs,adaptive_k_mean,candidate_after_diversity,candidate_generation_ms,end_to_end_runtime_ms,external_objective,fallback,fallback_optimality_gap_bound,feasibility_rate,independent_coverage,independent_service_score,node_limit_run_indicator,nodes,solver_elapsed_ms,candidate_retention_ratio,node_ratio_to_full
anti_uav410,2,anti_uav410.load_2,Anti-UAV410 load 2,AU-L02-W01,AdaptiveK,30,22.3,25.6277777778,98.027945,100.5383833333,-0.042230468,0.0,0.0,1.0,0.75,0.4726413358,0.0,66.65,1.6226844444,0.1826568996,0.0819114725
anti_uav410,2,anti_uav410.load_2,Anti-UAV410 load 2,AU-L02-W01,FixedK-12,30,8.25,11.0,38.5003080556,39.1304977778,-0.042230468,0.0,0.0,1.0,0.75,0.4726413358,0.0,24.0972222222,0.2526186111,0.0784003168,0.0296149881
anti_uav410,2,anti_uav410.load_2,Anti-UAV410 load 2,AU-L02-W01,FixedK-24,30,18.0,22.0,96.3336833334,99.0042411111,-0.042230468,0.0,0.0,1.0,0.75,0.4726413358,0.0,71.9527777778,1.8094299999,0.1568006335,0.0884284768
anti_uav410,2,anti_uav410.load_2,Anti-UAV410 load 2,AU-L02-W01,FixedK-48,30,35.9361111111,43.9361111111,97.0843025,105.6064783333,-0.042230468,0.0,0.0,1.0,0.75,0.4726413358,0.0,228.2611111111,7.7582072222,0.3131459117,0.280528188
anti_uav410,2,anti_uav410.load_2,Anti-UAV410 load 2,AU-L02-W01,FixedK-6,30,4.5,5.5,92.9125477777,93.9408066667,-0.042230468,0.0,0.0,1.0,0.75,0.4726413358,0.0,10.2,0.2632322222,0.0392001584,0.0125355892
anti_uav410,2,anti_uav410.load_2,Anti-UAV410 load 2,AU-L02-W01,Full,30,105.2291666667,140.3055555556,6.5312069444,26.3261169444,-0.042230468,0.1638888889,0.0353732375,1.0,0.75,0.4726413358,1.0,813.6833333333,19.4657255556,1.0,1.0
anti_uav410,2,anti_uav410.load_2,Anti-UAV410 load 2,AU-L02-W02,AdaptiveK,30,23.9972222222,40.1166666667,178.5695813889,184.1141869445,0.1392247359,0.0,0.0,1.0,0.9583333333,0.6323831411,0.0,128.7555555556,4.4182186111,0.1612136231,0.0643414963
anti_uav410,2,anti_uav410.load_2,Anti-UAV410 load 2,AU-L02-W02,FixedK-12,30,11.4285714286,20.0,65.8899944444,66.8590661111,0.1392247359,0.0,0.0,1.0,0.9583333333,0.6323831411,0.0,41.5222222222,0.5030225,0.0803723921,0.0207494107
anti_uav410,2,anti_uav410.load_2,Anti-UAV410 load 2,AU-L02-W02,FixedK-24,30,22.9861111111,39.9722222222,177.9708808333,184.0792375,0.1392247359,0.0,0.0,1.0,0.9583333333,0.6323831411,0.0,141.1861111111,4.9557627778,0.1606331558,0.0705532713
anti_uav410,2,anti_uav410.load_2,Anti-UAV410 load 2,AU-L02-W02,FixedK-48,30,45.625,79.25,183.2223255556,206.3727502778,0.1392247359,0.0,0.0,1.0,0.9583333333,0.6323831411,0.0,510.8916666667,22.0455436111,0.3184756036,0.2553018714
anti_uav410,2,anti_uav410.load_2,Anti-UAV410 load 2,AU-L02-W02,FixedK-6,30,5.75,10.0,173.4161802778,174.9801141667,0.1392247359,0.0,0.0,1.0,0.9583333333,0.6323831411,0.0,12.3166666667,0.4218069446,0.040186196,0.0061548627
anti_uav410,2,anti_uav410.load_2,Anti-UAV410 load 2,AU-L02-W02,Full,30,142.1952380952,248.8416666667,8.8654586111,67.3816158333,0.1392247359,0.3222222222,0.0642121898,1.0,0.9583333333,0.6323831411,1.0,2001.1277777778,58.0800777778,1.0,1.0
anti_uav410,2,anti_uav410.load_2,Anti-UAV410 load 2,AU-L02-W03,AdaptiveK,30,25.4805555556,44.95,186.4165391666,193.76172,0.1772849154,0.0,0.0,1.0,0.9583333333,0.6121964141,0.0,178.5222222222,6.1725105555,0.1686661594,0.0618287923
anti_uav410,2,anti_uav410.load_2,Anti-UAV410 load 2,AU-L02-W03,FixedK-12,30,11.4545454545,21.0,69.0119611111,70.0412652778,0.1772849154,0.0,0.0,1.0,0.9583333333,0.6121964141,0.0,44.5277777778,0.5411333334,0.0787984282,0.0154216024
anti_uav410,2,anti_uav410.load_2,Anti-UAV410 load 2,AU-L02-W03,FixedK-24,30,23.0,42.0,184.5929608333,191.8529611112,0.1772849154,0.0,0.0,1.0,0.9583333333,0.6121964141,0.0,178.4527777778,6.0724044444,0.1575968564,0.0618047412
anti_uav410,2,anti_uav410.load_2,Anti-UAV410 load 2,AU-L02-W03,FixedK-48,30,45.9902777778,83.9805555556,190.1828808333,218.5556524999,0.1772849154,0.0,0.0,1.0,0.9583333333,0.6121964141,0.0,649.5416666667,27.2240211112,0.3151207513,0.2249600991
anti_uav410,2,anti_uav410.load_2,Anti-UAV410 load 2,AU-L02-W03,FixedK-6,30,5.75,10.5,180.0771480556,181.6721494445,0.1770418299,0.0,0.0,1.0,0.9583333333,0.6117705403,0.0,12.7777777778,0.4424105555,0.0393992141,0.004425413
anti_uav410,2,anti_uav410.load_2,Anti-UAV410 load 2,AU-L02-W03,Full,30,145.3651515152,266.5027777778,9.3118294445,89.5592847222,0.1772849154,0.6388888889,0.1549734516,1.0,0.9583333333,0.6121964141,1.0,2887.3638888889,79.7965966667,1.0,1.0
anti_uav410,2,anti_uav410.load_2,Anti-UAV410 load 2,AU-L02-W04,AdaptiveK,30,25.8944444444,45.4388888889,143.1744305556,150.7880436111,0.1228575579,0.0,0.0,1.0,0.875,0.5766654465,0.0,219.7722222222,6.6707788889,0.1874369786,0.0937749274
anti_uav410,2,anti_uav410.load_2,Anti-UAV410 load 2,AU-L02-W04,FixedK-12,30,10.3636363636,19.0,64.2937102778,65.2687683333,0.1228575579,0.0,0.0,1.0,0.875,0.5766654465,0.0,42.2666666667,0.5024880555,0.0783756531,0.0180348251
anti_uav410,2,anti_uav410.load_2,Anti-UAV410 load 2,AU-L02-W04,FixedK-24,30,21.0,38.0,141.1847369444,146.4727808334,0.1228575579,0.0,0.0,1.0,0.875,0.5766654465,0.0,159.2,4.3461913889,0.1567513063,0.0679292783
anti_uav410,2,anti_uav410.load_2,Anti-UAV410 load 2,AU-L02-W04,FixedK-48,30,41.9805555556,75.9611111111,146.0469372222,166.5391758333,0.1228575579,0.0,0.0,1.0,0.875,0.5766654465,0.0,587.7055555556,19.5587511111,0.3133421945,0.2507689335
anti_uav410,2,anti_uav410.load_2,Anti-UAV410 load 2,AU-L02-W04,FixedK-6,30,5.25,9.5,137.1058544445,138.3817972222,0.1050510303,0.0,0.0,1.0,0.8291666667,0.5560310202,0.0,12.75,0.3587869445,0.0391878266,0.0054403159
anti_uav410,2,anti_uav410.load_2,Anti-UAV410 load 2,AU-L02-W04,Full,30,132.2303030303,242.4222222222,9.2239025,76.4802769444,0.126432413,0.4833333333,0.1174737392,1.0,0.875,0.5804371269,1.0,2343.6138888889,66.82218,1.0,1.0
anti_uav410,2,anti_uav410.load_2,Anti-UAV410 load 2,AU-L02-W05,AdaptiveK,30,21.0027777778,36.0611111111,124.5657363889,128.4172619444,0.0375860178,0.0,0.0,1.0,0.8319444444,0.5306181784,0.0,113.3944444444,2.972705,0.1680082826,0.064649568
anti_uav410,2,anti_uav410.load_2,Anti-UAV410 load 2,AU-L02-W05,FixedK-12,30,9.4424242424,17.3111111111,57.1566116667,58.0393572222,0.0375860178,0.0,0.0,1.0,0.8319444444,0.5306181784,0.0,35.3388888889,0.4331897222,0.0806522583,0.0201477587
anti_uav410,2,anti_uav410.load_2,Anti-UAV410 load 2,AU-L02-W05,FixedK-24,30,19.1638888889,34.3277777778,123.3377516667,127.544775,0.0375860178,0.0,0.0,1.0,0.8319444444,0.5306181784,0.0,121.1555555556,3.3387183334,0.1599327035,0.0690744099
anti_uav410,2,anti_uav410.load_2,Anti-UAV410 load 2,AU-L02-W05,FixedK-48,30,38.1638888889,68.3277777778,127.5913213889,142.6340927778,0.0375860178,0.0,0.0,1.0,0.8319444444,0.5306181784,0.0,423.1805555556,14.1520036111,0.3183382943,0.2412679056
anti_uav410,2,anti_uav410.load_2,Anti-UAV410 load 2,AU-L02-W05,FixedK-6,30,4.8736111111,8.7472222222,121.5092747223,122.7277902778,0.0375860178,0.0,0.0,1.0,0.8319444444,0.5306181784,0.0,11.7166666667,0.3358750001,0.0407532031,0.0066800225
anti_uav410,2,anti_uav410.load_2,Anti-UAV410 load 2,AU-L02-W05,Full,30,117.0757575758,214.6388888889,8.9687469445,58.6075388889,0.0375860178,0.3222222222,0.0721707939,1.0,0.8319444444,0.5306181784,1.0,1753.9861111111,49.2252141667,1.0,1.0
anti_uav410,2,anti_uav410.load_2,Anti-UAV410 load 2,AU-L02-W06,AdaptiveK,30,17.2972222222,21.4222222222,83.5493194444,85.0727594445,-0.0374787427,0.0,0.0,1.0,0.75,0.4875912486,0.0,35.425,0.7580361112,0.1587419209,0.0921672641
anti_uav410,2,anti_uav410.load_2,Anti-UAV410 load 2,AU-L02-W06,FixedK-12,30,8.2039215686,11.6222222222,37.0368294444,37.6289002778,-0.0374787427,0.0,0.0,1.0,0.75,0.4875912486,0.0,19.2611111111,0.2112272222,0.0861224322,0.0501127428
anti_uav410,2,anti_uav410.load_2,Anti-UAV410 load 2,AU-L02-W06,FixedK-24,30,17.4222222222,22.8444444444,83.4237447222,85.2999075,-0.0374787427,0.0,0.0,1.0,0.75,0.4875912486,0.0,45.4777777778,1.1110983334,0.1692808036,0.1183221554
anti_uav410,2,anti_uav410.load_2,Anti-UAV410 load 2,AU-L02-W06,FixedK-48,30,34.3111111111,44.6416666667,85.1373752778,89.5975022222,-0.0374787427,0.0,0.0,1.0,0.75,0.4875912486,0.0,128.575,3.6819797222,0.3308015314,0.3345209875
anti_uav410,2,anti_uav410.load_2,Anti-UAV410 load 2,AU-L02-W06,FixedK-6,30,4.4625,5.925,81.5621158333,82.6061875,-0.0374787427,0.0,0.0,1.0,0.75,0.4875912486,0.0,9.8861111111,0.2615775,0.0439051501,0.025721265
anti_uav410,2,anti_uav410.load_2,Anti-UAV410 load 2,AU-L02-W06,Full,30,95.2588235294,134.95,6.9823166667,15.0680127778,-0.0374787427,0.0444444444,0.0094123018,1.0,0.75,0.4875912486,0.5333333333,384.3555555556,7.7242019444,1.0,1.0
anti_uav410,2,anti_uav410.load_2,Anti-UAV410 load 2,AU-L02-W07,AdaptiveK,30,23.6555555556,35.9444444444,133.6526030556,137.4628422222,0.0893918514,0.0,0.0,1.0,0.9583333333,0.6105316761,0.0,104.1,2.9257227778,0.1580998693,0.0717797651
anti_uav410,2,anti_uav410.load_2,Anti-UAV410 load 2,AU-L02-W07,FixedK-12,30,11.3684210526,18.0,59.4670597222,60.3241533334,0.0893918514,0.0,0.0,1.0,0.9583333333,0.6105316761,0.0,36.4638888889,0.4147477778,0.0791721138,0.0251428374
anti_uav410,2,anti_uav410.load_2,Anti-UAV410 load 2,AU-L02-W07,FixedK-24,30,23.0,36.0,132.4287183333,136.4848177777,0.0893918514,0.0,0.0,1.0,0.9583333333,0.6105316761,0.0,112.4666666667,3.1377716667,0.1583442276,0.077548808
anti_uav410,2,anti_uav410.load_2,Anti-UAV410 load 2,AU-L02-W07,FixedK-48,30,45.6527777778,71.6527777778,136.690365,150.491475,0.0893918514,0.0,0.0,1.0,0.9583333333,0.6105316761,0.0,383.8777777778,12.8885775,0.3151612154,0.2646941086
anti_uav410,2,anti_uav410.load_2,Anti-UAV410 load 2,AU-L02-W07,FixedK-6,30,5.75,9.0,128.4844269444,129.7207994445,0.0893918514,0.0,0.0,1.0,0.9583333333,0.6105316761,0.0,12.65,0.3405311111,0.0395860569,0.0087225171
anti_uav410,2,anti_uav410.load_2,Anti-UAV410 load 2,AU-L02-W07,Full,30,143.5912280702,227.3527777778,8.0810047222,51.7135883334,0.0893918514,0.2388888889,0.0464714432,1.0,0.9583333333,0.6105316761,1.0,1450.2694444444,43.2374272222,1.0,1.0
anti_uav410,2,anti_uav410.load_2,Anti-UAV410 load 2,AU-L02-W08,AdaptiveK,30,20.7555555556,33.0166666667,123.9318650001,128.0725427778,0.0946706206,0.0,0.0,1.0,0.8833333333,0.559744323,0.0,111.65,3.2300586111,0.1602426694,0.0587922962
anti_uav410,2,anti_uav410.load_2,Anti-UAV410 load 2,AU-L02-W08,FixedK-12,30,10.7789473684,17.0666666667,53.7893252778,54.6733327778,0.0946706206,0.0,0.0,1.0,0.8833333333,0.559744323,0.0,37.7833333333,0.4485988889,0.0828311426,0.0198958256
anti_uav410,2,anti_uav410.load_2,Anti-UAV410 load 2,AU-L02-W08,FixedK-24,30,20.0111111111,33.9555555556,124.0135586111,128.8285763889,0.0946706206,0.0,0.0,1.0,0.8833333333,0.559744323,0.0,135.0388888889,3.9071816666,0.1647994607,0.0711083417
anti_uav410,2,anti_uav410.load_2,Anti-UAV410 load 2,AU-L02-W08,FixedK-48,30,39.5597222222,67.0527777778,127.1292033333,144.5900241667,0.0946706206,0.0,0.0,1.0,0.8833333333,0.559744323,0.0,477.5083333333,16.5467127778,0.3254330974,0.251444795
anti_uav410,2,anti_uav410.load_2,Anti-UAV410 load 2,AU-L02-W08,FixedK-6,30,5.0666666667,8.5666666667,120.8229166666,122.0474244444,0.0946706206,0.0,0.0,1.0,0.8833333333,0.559744323,0.0,11.3333333333,0.3283283333,0.0415773509,0.00596787
anti_uav410,2,anti_uav410.load_2,Anti-UAV410 load 2,AU-L02-W08,Full,30,130.1315789474,206.0416666667,7.7662441666,60.1416108333,0.0946706206,0.3527777778,0.072694188,1.0,0.8833333333,0.559744323,1.0,1899.0583333333,51.9732683333,1.0,1.0
anti_uav410,2,anti_uav410.load_2,Anti-UAV410 load 2,AU-L02-W09,AdaptiveK,30,21.2972222222,31.4055555556,121.7618675,125.0355358333,0.0128808422,0.0,0.0,1.0,0.8763888889,0.5615239345,0.0,95.275,2.4111011111,0.1465361934,0.0732693614
anti_uav410,2,anti_uav410.load_2,Anti-UAV410 load 2,AU-L02-W09,FixedK-12,30,10.7368421053,17.0,55.5529061111,56.37994,0.0128808422,0.0,0.0,1.0,0.8763888889,0.5615239345,0.0,35.7666666667,0.3989997222,0.0793208476,0.0275056502
anti_uav410,2,anti_uav410.load_2,Anti-UAV410 load 2,AU-L02-W09,FixedK-24,30,22.0,34.0,121.6008944444,125.500198611,0.0128808422,0.0,0.0,1.0,0.8763888889,0.5615239345,0.0,115.9944444444,3.0716141667,0.1586416953,0.0892032419
anti_uav410,2,anti_uav410.load_2,Anti-UAV410 load 2,AU-L02-W09,FixedK-48,30,43.9902777778,67.9805555556,125.8504811111,139.3687872221,0.0128808422,0.0,0.0,1.0,0.8763888889,0.5615239345,0.0,384.9444444444,12.6820119443,0.3171926641,0.2960339399
anti_uav410,2,anti_uav410.load_2,Anti-UAV410 load 2,AU-L02-W09,FixedK-6,30,5.5,8.5,119.1987008333,120.3881044444,0.0128808422,0.0,0.0,1.0,0.8763888889,0.5615239345,0.0,13.2916666667,0.3491577778,0.0396604238,0.0102216943
anti_uav410,2,anti_uav410.load_2,Anti-UAV410 load 2,AU-L02-W09,Full,30,135.3596491228,214.3194444444,7.8266405556,43.3587880555,0.0128808422,0.2611111111,0.0500565516,1.0,0.8763888889,0.5615239345,1.0,1300.3388888889,35.1528222222,1.0,1.0
anti_uav410,2,anti_uav410.load_2,Anti-UAV410 load 2,AU-L02-W10,AdaptiveK,30,20.1388888889,27.3111111111,96.7435652778,101.0410991667,-0.0660806194,0.0,0.0,1.0,0.75,0.4760689091,0.0,122.8222222222,3.5339477778,0.1757880245,0.1603417452
anti_uav410,2,anti_uav410.load_2,Anti-UAV410 load 2,AU-L02-W10,FixedK-12,30,8.0,12.0,43.3741416667,44.0296969444,-0.0660806194,0.0,0.0,1.0,0.75,0.4760689091,0.0,24.3444444444,0.2657180556,0.0772380254,0.0317811438
anti_uav410,2,anti_uav410.load_2,Anti-UAV410 load 2,AU-L02-W10,FixedK-24,30,18.0,24.0,95.2824366666,97.7515788889,-0.0660806194,0.0,0.0,1.0,0.75,0.4760689091,0.0,71.3222222222,1.7203716667,0.1544760508,0.093109613
anti_uav410,2,anti_uav410.load_2,Anti-UAV410 load 2,AU-L02-W10,FixedK-48,30,35.9805555556,47.9805555556,97.4344436111,104.9493555556,-0.0660806194,0.0,0.0,1.0,0.75,0.4760689091,0.0,222.0722222222,6.7212713889,0.3088269475,0.2899104659
anti_uav410,2,anti_uav410.load_2,Anti-UAV410 load 2,AU-L02-W10,FixedK-6,30,4.5,6.0,93.7768255557,94.8026166667,-0.0660806194,0.0,0.0,1.0,0.75,0.4760689091,0.0,10.9194444444,0.2711511111,0.0386190127,0.0142550977
anti_uav410,2,anti_uav410.load_2,Anti-UAV410 load 2,AU-L02-W10,Full,30,103.5759259259,155.3638888889,7.4548655556,27.3491686111,-0.0651795609,0.1666666667,0.0537646334,1.0,0.75,0.4754362567,1.0,766.0027777778,19.5455977778,1.0,1.0
anti_uav410,4,anti_uav410.load_4,Anti-UAV410 load 4,AU-L04-W01,AdaptiveK,30,20.8895833333,60.3916666667,229.8310163888,278.2000688889,0.0486006557,0.1972222222,0.1118904442,1.0,0.8145833333,0.529379505,1.0,1694.925,47.137945,0.163355624,0.497655565
anti_uav410,4,anti_uav410.load_4,Anti-UAV410 load 4,AU-L04-W01,FixedK-12,30,9.4131578947,29.8083333333,100.9596113889,104.3761452778,0.0492813674,0.0,0.0,1.0,0.8111111111,0.528173635,0.0,276.075,2.800025,0.0806296491,0.0810597874
anti_uav410,4,anti_uav410.load_4,Anti-UAV410 load 4,AU-L04-W01,FixedK-24,30,19.0354166667,58.8083333333,227.4340719444,288.1197441666,0.0486006557,0.2777777778,0.1574618621,1.0,0.8145833333,0.529379505,1.0,2096.6194444444,59.4109966667,0.1590728079,0.6155991175
anti_uav410,4,anti_uav410.load_4,Anti-UAV410 load 4,AU-L04-W01,FixedK-48,30,37.7826388889,116.4638888889,233.8458513889,332.4596236111,0.0477993211,0.5027777778,0.2764340501,1.0,0.8145833333,0.5302504513,1.0,2885.9333333333,97.3243161111,0.3150274251,0.8473535901
anti_uav410,4,anti_uav410.load_4,Anti-UAV410 load 4,AU-L04-W01,FixedK-6,30,4.8736111111,15.1611111111,220.0010308334,222.0068433333,0.0131673913,0.0,0.0,1.0,0.6997685185,0.4814545895,0.0,44.45,0.8491974999,0.041009843,0.013051191
anti_uav410,4,anti_uav410.load_4,Anti-UAV410 load 4,AU-L04-W01,Full,30,116.7456140351,369.6944444444,16.4543825,108.3446019444,0.0460805955,0.8222222222,0.4154186014,1.0,0.8138888889,0.5295403414,1.0,3405.8194444444,91.3300366667,1.0,1.0
anti_uav410,4,anti_uav410.load_4,Anti-UAV410 load 4,AU-L04-W02,AdaptiveK,30,20.2289351852,54.5277777778,221.3382808333,270.5590361111,0.0888114569,0.2194444444,0.129292292,1.0,0.8444444444,0.5512866032,1.0,1632.7055555556,47.9435158333,0.1548852366,0.5282844198
anti_uav410,4,anti_uav410.load_4,Anti-UAV410 load 4,AU-L04-W02,FixedK-12,30,9.9857142857,29.125,96.0635794444,99.5086580555,0.0906842368,0.0,0.0,1.0,0.84375,0.5506681806,0.0,282.2055555556,2.8387213889,0.0827290731,0.091311503
anti_uav410,4,anti_uav410.load_4,Anti-UAV410 load 4,AU-L04-W02,FixedK-24,30,19.9291666667,57.6527777778,220.0820572222,280.2996058333,0.0911752887,0.3388888889,0.1907942765,1.0,0.8444444444,0.5512080635,1.0,2003.2166666667,58.9477825,0.1637617466,0.6481684042
anti_uav410,4,anti_uav410.load_4,Anti-UAV410 load 4,AU-L04-W02,FixedK-48,30,39.2236111111,112.8305555556,226.8707136111,321.6529013889,0.0849204887,0.4916666667,0.2659358423,1.0,0.8418981481,0.5499044026,1.0,2748.2083333333,93.4867783333,0.3204932972,0.8892207415
anti_uav410,4,anti_uav410.load_4,Anti-UAV410 load 4,AU-L04-W02,FixedK-6,30,5.0615740741,14.6861111111,215.3779080556,217.3380252777,0.007888506,0.0,0.0,1.0,0.7092592593,0.4902339865,0.0,43.4777777778,0.8229394444,0.0417156519,0.0140678352
anti_uav410,4,anti_uav410.load_4,Anti-UAV410 load 4,AU-L04-W02,Full,30,120.7038095238,352.0527777778,14.5593705556,92.7931125,0.0773017651,0.7361111111,0.3629831739,1.0,0.8418981481,0.5530096673,1.0,3090.5805555556,77.6780491667,1.0,1.0
anti_uav410,4,anti_uav410.load_4,Anti-UAV410 load 4,AU-L04-W03,AdaptiveK,30,21.9564814815,64.1694444444,257.2167652778,323.6138494444,0.154775604,0.3138888889,0.1686310408,1.0,0.9490740741,0.5784522438,1.0,2185.2388888889,65.1031547222,0.1422922223,0.5866421874
anti_uav410,4,anti_uav410.load_4,Anti-UAV410 load 4,AU-L04-W03,FixedK-12,30,11.1184210526,35.2083333333,118.7298880556,122.7012966666,0.1543178841,0.0,0.0,1.0,0.944212963,0.5767020634,0.0,318.8611111111,3.3304066667,0.0780725474,0.085600426
anti_uav410,4,anti_uav410.load_4,Anti-UAV410 load 4,AU-L04-W03,FixedK-24,30,22.4027777778,70.2083333333,257.1974841667,338.5902111111,0.1551312277,0.4944444444,0.2617944675,1.0,0.9490740741,0.578649427,1.0,2692.2611111111,80.0945438889,0.1556831271,0.7227557386
anti_uav410,4,anti_uav410.load_4,Anti-UAV410 load 4,AU-L04-W03,FixedK-48,30,44.7361111111,140.2083333333,261.6264663889,388.9978127778,0.1538739078,0.6972222222,0.3389711952,1.0,0.9481481481,0.5781414147,1.0,3526.2861111111,126.0904597222,0.3109042864,0.9466554014
anti_uav410,4,anti_uav410.load_4,Anti-UAV410 load 4,AU-L04-W03,FixedK-6,30,5.6481481481,17.6944444444,252.0605497222,254.0611697222,0.0496115386,0.0,0.0,1.0,0.7474537037,0.493271591,0.0,55.0472222222,0.9288813889,0.0392364597,0.0147777998
anti_uav410,4,anti_uav410.load_4,Anti-UAV410 load 4,AU-L04-W03,Full,30,142.4114035088,450.9694444444,16.3277191667,134.0784686111,0.153449467,0.9166666667,0.4343710556,1.0,0.9490740741,0.5788339228,1.0,3724.9944444444,117.1582755556,1.0,1.0
anti_uav410,4,anti_uav410.load_4,Anti-UAV410 load 4,AU-L04-W04,AdaptiveK,30,23.0986111111,58.1444444444,219.108821111,254.7878163889,0.186465724,0.125,0.0668740291,1.0,0.9564814815,0.5974192809,0.9333333333,1513.7166666667,34.4453402778,0.1518219798,0.4083872041
anti_uav410,4,anti_uav410.load_4,Anti-UAV410 load 4,AU-L04-W04,FixedK-12,30,11.2727272727,31.0,100.538175,103.3513538889,0.1862594825,0.0,0.0,1.0,0.9546296296,0.5967061585,0.0,255.45,2.1912119445,0.0809446443,0.0689181229
anti_uav410,4,anti_uav410.load_4,Anti-UAV410 load 4,AU-L04-W04,FixedK-24,30,23.0,62.0,218.5930241666,267.0195833333,0.186465724,0.3194444444,0.162222829,1.0,0.9564814815,0.5974192809,1.0,2079.15,47.1800413889,0.1618892886,0.560936055
anti_uav410,4,anti_uav410.load_4,Anti-UAV410 load 4,AU-L04-W04,FixedK-48,30,45.7685185185,123.3055555556,224.7820319444,320.2940302778,0.1854374512,0.5472222222,0.2392175361,1.0,0.9564814815,0.5970481255,1.0,3315.5694444444,94.2478619444,0.3219653011,0.8945109513
anti_uav410,4,anti_uav410.load_4,Anti-UAV410 load 4,AU-L04-W04,FixedK-6,30,5.75,15.5,212.0790908334,213.8906208333,0.1310095112,0.0,0.0,1.0,0.8277777778,0.5423635661,0.0,41.4166666667,0.6984036111,0.0404723222,0.0111738459
anti_uav410,4,anti_uav410.load_4,Anti-UAV410 load 4,AU-L04-W04,Full,30,139.2646464646,382.9777777778,13.5901108333,100.7519730556,0.1722089983,0.9083333333,0.3611520499,1.0,0.9555555556,0.6082999628,1.0,3706.5722222222,86.5582658333,1.0,1.0
anti_uav410,4,anti_uav410.load_4,Anti-UAV410 load 4,AU-L04-W05,AdaptiveK,30,22.8194444444,68.7333333333,256.2787502777,325.3215638889,0.1369826044,0.3555555556,0.166561772,1.0,0.8923611111,0.5663008799,1.0,2290.5111111111,67.79636,0.1548503376,0.6150867001
anti_uav410,4,anti_uav410.load_4,Anti-UAV410 load 4,AU-L04-W05,FixedK-12,30,10.7692307692,35.0,117.0536663889,121.1132736111,0.1369826044,0.0,0.0,1.0,0.8923611111,0.5663008799,0.0,325.0055555556,3.42958,0.0788520148,0.0872759768
anti_uav410,4,anti_uav410.load_4,Anti-UAV410 load 4,AU-L04-W05,FixedK-24,30,21.6666666667,70.0,255.1467625,339.4410055556,0.1369826044,0.4638888889,0.22104803,1.0,0.8923611111,0.5663008799,1.0,2681.9444444444,83.0285780556,0.1577040296,0.7202009849
anti_uav410,4,anti_uav410.load_4,Anti-UAV410 load 4,AU-L04-W05,FixedK-48,30,43.3333333333,140.0,262.0084072223,391.5526619444,0.1369826044,0.6666666667,0.3011774664,1.0,0.8923611111,0.5663008799,1.0,3345.5861111111,128.2763022223,0.3154080592,0.8984132454
anti_uav410,4,anti_uav410.load_4,Anti-UAV410 load 4,AU-L04-W05,FixedK-6,30,5.4166666667,17.5,247.8610327779,249.8226108333,0.0504668296,0.0,0.0,1.0,0.6946759259,0.4862976163,0.0,46.0333333333,0.8396719444,0.0394260074,0.0123616476
anti_uav410,4,anti_uav410.load_4,Anti-UAV410 load 4,AU-L04-W05,Full,30,136.5752136752,443.8694444444,16.20286,130.6068788889,0.1261468132,0.9166666667,0.4062316889,1.0,0.8902777778,0.5661200897,1.0,3723.8833333333,113.8311016667,1.0,1.0
anti_uav410,4,anti_uav410.load_4,Anti-UAV410 load 4,AU-L04-W06,AdaptiveK,30,21.5962962963,69.1166666667,320.0166816667,410.8917872222,0.1359297695,0.2916666667,0.1499301412,1.0,0.8777777778,0.5539335597,1.0,2232.65,89.23936,0.1554629462,0.5994290257
anti_uav410,4,anti_uav410.load_4,Anti-UAV410 load 4,AU-L04-W06,FixedK-12,30,10.3015873016,36.0555555556,117.8385683332,121.721035,0.1345714716,0.0,0.0,1.0,0.8729166667,0.5522413763,0.0,295.0583333333,3.242265,0.0810991496,0.0792182067
anti_uav410,4,anti_uav410.load_4,Anti-UAV410 load 4,AU-L04-W06,FixedK-24,30,20.9361111111,71.7444444444,318.6484602778,431.6516352778,0.1366379196,0.3694444444,0.1995864198,1.0,0.8777777778,0.5542023524,1.0,2798.3194444444,111.3645983333,0.1613735622,0.7513017706
anti_uav410,4,anti_uav410.load_4,Anti-UAV410 load 4,AU-L04-W06,FixedK-48,30,41.2979166667,141.1916666667,327.9866947222,516.2945788889,0.1300452139,0.8305555556,0.3968125792,1.0,0.8784722222,0.5519537684,1.0,3608.3694444444,186.816145,0.3175800214,0.9687865902
anti_uav410,4,anti_uav410.load_4,Anti-UAV410 load 4,AU-L04-W06,FixedK-6,30,5.2666666667,18.0666666667,309.0466702778,311.3986630556,0.0210591638,0.0,0.0,1.0,0.6773148148,0.4697462105,0.0,47.0,1.0552677778,0.0406370469,0.0126187106
anti_uav410,4,anti_uav410.load_4,Anti-UAV410 load 4,AU-L04-W06,Full,30,127.0246031746,444.5861111111,17.5026030556,151.5215658333,0.1114782062,0.9166666667,0.450163162,1.0,0.8625,0.5517822782,1.0,3724.6277777778,133.4271305556,1.0,1.0
anti_uav410,4,anti_uav410.load_4,Anti-UAV410 load 4,AU-L04-W07,AdaptiveK,30,21.7587962963,61.7111111111,270.5916986111,331.9008597223,0.1216865465,0.2638888889,0.1321622317,1.0,0.9152777778,0.5694006912,1.0,2031.5555555556,59.9218952778,0.1457637572,0.5455280514
anti_uav410,4,anti_uav410.load_4,Anti-UAV410 load 4,AU-L04-W07,FixedK-12,30,11.0,33.0,110.4777972222,114.2948888888,0.1216865465,0.0,0.0,1.0,0.9152777778,0.5694006912,0.0,337.4527777778,3.1775413889,0.0779471298,0.0906152705
anti_uav410,4,anti_uav410.load_4,Anti-UAV410 load 4,AU-L04-W07,FixedK-24,30,22.0,66.0,269.4570541667,342.1387411111,0.121399609,0.475,0.2233707932,1.0,0.9152777778,0.5692976451,1.0,2442.7388888889,71.1947302777,0.1558942596,0.6559419862
anti_uav410,4,anti_uav410.load_4,Anti-UAV410 load 4,AU-L04-W07,FixedK-48,30,44.0,132.0,274.8782061112,390.8909297222,0.1183638481,0.5833333333,0.2586476443,1.0,0.9152777778,0.5682922485,1.0,3258.6555555556,114.6275866667,0.3117885192,0.8750378549
anti_uav410,4,anti_uav410.load_4,Anti-UAV410 load 4,AU-L04-W07,FixedK-6,30,5.5,16.5,262.5311975,264.8331491667,0.0376504995,0.0,0.0,1.0,0.7747685185,0.5064159698,0.0,53.7972222222,1.0569005556,0.0389735649,0.0144460208
anti_uav410,4,anti_uav410.load_4,Anti-UAV410 load 4,AU-L04-W07,Full,30,141.1212962963,423.3638888889,15.3054052778,112.3799947222,0.1149315742,0.9166666667,0.3795321535,1.0,0.9145833333,0.5708893691,1.0,3724.0166666667,96.4909288889,1.0,1.0
anti_uav410,4,anti_uav410.load_4,Anti-UAV410 load 4,AU-L04-W08,AdaptiveK,30,22.2194444444,63.9555555556,248.2111855556,307.1852266666,0.0841440985,0.3416666667,0.1476257716,1.0,0.9354166667,0.5664102825,1.0,2296.8138888889,57.7221058333,0.1472169826,0.616624681
anti_uav410,4,anti_uav410.load_4,Anti-UAV410 load 4,AU-L04-W08,FixedK-12,30,11.190990991,34.5055555556,113.6467091667,117.3781969444,0.0844063776,0.0,0.0,1.0,0.9347222222,0.5661585015,0.0,334.325,3.1153091667,0.0794270917,0.0897560954
anti_uav410,4,anti_uav410.load_4,Anti-UAV410 load 4,AU-L04-W08,FixedK-24,30,22.3444444444,68.5333333333,247.5451213889,320.5629825,0.0841440985,0.5194444444,0.2271220328,1.0,0.9354166667,0.5664102825,1.0,2754.9444444444,71.7547863889,0.1577544039,0.739618803
anti_uav410,4,anti_uav410.load_4,Anti-UAV410 load 4,AU-L04-W08,FixedK-48,30,44.4916666667,136.4555555556,254.5994780555,366.6697797222,0.0841008239,0.7194444444,0.3005772154,1.0,0.9354166667,0.5670015666,1.0,3473.0111111111,110.8007475,0.3141021132,0.932397866
anti_uav410,4,anti_uav410.load_4,Anti-UAV410 load 4,AU-L04-W08,FixedK-6,30,5.6685185185,17.3805555556,241.9938497222,243.9466819444,0.0576705673,0.0,0.0,1.0,0.7881944444,0.5091335561,0.0,46.5694444444,0.8116083334,0.0400076729,0.0125024796
anti_uav410,4,anti_uav410.load_4,Anti-UAV410 load 4,AU-L04-W08,Full,30,140.8963963964,434.4305555556,15.5153541667,117.2609494444,0.0859147294,0.9166666667,0.3700156983,1.0,0.9344907407,0.5687251231,1.0,3724.8166666667,101.1836880555,1.0,1.0
anti_uav410,6,anti_uav410.load_6,Anti-UAV410 load 6,AU-L06-W01,AdaptiveK,30,23.6540277778,103.4833333333,377.5361699999,475.2387619444,0.1937511778,0.9388888889,0.6032934974,1.0,0.9071759259,0.551648957,1.0,3936.6055555556,96.1567344445,0.1560141717,0.9841513889
anti_uav410,6,anti_uav410.load_6,Anti-UAV410 load 6,AU-L06-W01,FixedK-12,30,11.3648484848,52.0888888889,173.9468247222,191.9820758333,0.1776852228,0.1361111111,0.0919744436,1.0,0.8726388889,0.538566247,0.7666666667,1748.9555555556,17.2717822223,0.0785305671,0.4372388889
anti_uav410,6,anti_uav410.load_6,Anti-UAV410 load 6,AU-L06-W01,FixedK-24,30,22.7329166667,103.8055555556,373.1650275,471.9442347223,0.1939644708,0.9166666667,0.6056739564,1.0,0.9081018519,0.5519680644,1.0,3788.6333333333,97.2165405556,0.1564999623,0.9471583333
anti_uav410,6,anti_uav410.load_6,Anti-UAV410 load 6,AU-L06-W01,FixedK-48,30,45.16625,206.1583333333,381.8524922222,518.485155,0.1950997764,1.0,0.6481106848,1.0,0.9081018519,0.5523372725,1.0,4000.0,135.0659269445,0.310809679,1.0
anti_uav410,6,anti_uav410.load_6,Anti-UAV410 load 6,AU-L06-W01,FixedK-6,30,5.7173611111,26.1027777778,362.753265,366.2384027778,0.0240394141,0.0,0.0,1.0,0.6367592593,0.4447277361,0.0,151.6638888889,2.1757952778,0.0393532284,0.0379159722
anti_uav410,6,anti_uav410.load_6,Anti-UAV410 load 6,AU-L06-W01,Full,30,144.7187878788,663.2944444444,23.0149313889,147.8142872222,0.1979145415,1.0,0.6507837037,1.0,0.907962963,0.5552994653,1.0,4000.0,124.0792272222,1.0,1.0
anti_uav410,6,anti_uav410.load_6,Anti-UAV410 load 6,AU-L06-W02,AdaptiveK,30,18.8127314815,81.5138888889,291.31615,367.9689202778,0.0040664535,0.6833333333,0.4258739591,1.0,0.7828703704,0.493632519,1.0,3110.1083333333,75.1873730556,0.1618909436,0.7775270833
anti_uav410,6,anti_uav410.load_6,Anti-UAV410 load 6,AU-L06-W02,FixedK-12,30,9.2078787879,42.2027777778,137.3519111111,148.0509105555,-0.0020285344,0.0583333333,0.0542834551,1.0,0.7643518519,0.4877160732,0.6333333333,1048.3444444444,9.9667469445,0.0838169741,0.2620861111
anti_uav410,6,anti_uav410.load_6,Anti-UAV410 load 6,AU-L06-W02,FixedK-24,30,18.3034722222,83.3694444444,291.5055758333,371.4591905556,-0.0105555694,0.6611111111,0.4307049476,1.0,0.7761574074,0.489149914,1.0,3147.7416666667,78.5183377778,0.1655761762,0.7869354167
anti_uav410,6,anti_uav410.load_6,Anti-UAV410 load 6,AU-L06-W02,FixedK-48,30,36.1657407407,164.5555555556,296.8084283333,409.9449105556,-0.0144693663,0.9,0.5319115269,1.0,0.7756944444,0.489052623,1.0,3939.6638888889,111.6918613889,0.3268161356,0.9849159722
anti_uav410,6,anti_uav410.load_6,Anti-UAV410 load 6,AU-L06-W02,FixedK-6,30,4.6729166667,21.3138888889,282.3138033333,284.9878175,-0.1507226233,0.0,0.0,1.0,0.5519444444,0.3997647831,0.0,106.1583333333,1.5059305556,0.0423305234,0.0265395833
anti_uav410,6,anti_uav410.load_6,Anti-UAV410 load 6,AU-L06-W02,Full,30,109.856969697,503.5111111111,22.6143866667,118.7707155556,-0.0238602271,1.0,0.5888301003,1.0,0.769212963,0.4908830405,1.0,4000.0,95.4970963889,1.0,1.0
anti_uav410,6,anti_uav410.load_6,Anti-UAV410 load 6,AU-L06-W03,AdaptiveK,30,25.4914814815,121.3722222222,393.3743019445,511.8347588889,0.3199245815,0.9722222222,0.8332245968,1.0,0.9348148148,0.5708916964,1.0,3970.7444444444,116.7708647222,0.1736528136,0.9926861111
anti_uav410,6,anti_uav410.load_6,Anti-UAV410 load 6,AU-L06-W03,FixedK-12,30,11.2711111111,56.3555555556,183.6619280556,207.2901563889,0.2869981851,0.2166666667,0.1866688363,1.0,0.8631944444,0.5436373779,0.9333333333,2110.9444444444,22.8148316666,0.080630482,0.5277361111
anti_uav410,6,anti_uav410.load_6,Anti-UAV410 load 6,AU-L06-W03,FixedK-24,30,22.5089814815,111.7555555556,390.5151933333,508.5590813888,0.3189187088,0.9166666667,0.8100459216,1.0,0.9381481481,0.5716132748,1.0,3783.8138888889,116.3524583333,0.1598938069,0.9459534722
anti_uav410,6,anti_uav410.load_6,Anti-UAV410 load 6,AU-L06-W03,FixedK-48,30,44.6798148148,221.5805555556,402.3165119445,568.0904547222,0.3048902715,1.0,0.8671613752,1.0,0.9385185185,0.5719799454,1.0,4000.0,164.0098549999,0.3170254792,1.0
anti_uav410,6,anti_uav410.load_6,Anti-UAV410 load 6,AU-L06-W03,FixedK-6,30,5.7062962963,28.3694444444,379.7445227778,383.771585,0.0035976393,0.0,0.0,1.0,0.5481481481,0.4141353763,0.0,185.1138888889,2.7520347223,0.0405894673,0.0462784722
anti_uav410,6,anti_uav410.load_6,Anti-UAV410 load 6,AU-L06-W03,Full,30,139.7872222222,698.9361111111,24.7376908333,168.9154266667,0.3055359333,1.0,0.8804920701,1.0,0.935,0.5749565008,1.0,4000.0,143.4011569444,1.0,1.0
anti_uav410,6,anti_uav410.load_6,Anti-UAV410 load 6,AU-L06-W04,AdaptiveK,30,22.5620833333,104.2805555556,361.629815,465.5856005556,0.1058506122,0.9222222222,0.6803828521,1.0,0.9213425926,0.540510753,1.0,3898.3222222222,102.2915283333,0.1586887602,0.9745805556
anti_uav410,6,anti_uav410.load_6,Anti-UAV410 load 6,AU-L06-W04,FixedK-12,30,11.1408045977,53.8472222222,168.7476597221,193.8198252778,0.1085017798,0.2527777778,0.1909671271,1.0,0.8970833333,0.5336994526,0.9333333333,2398.3388888889,24.2608472222,0.0819419199,0.5995847222
anti_uav410,6,anti_uav410.load_6,Anti-UAV410 load 6,AU-L06-W04,FixedK-24,30,22.2993055556,107.0638888889,360.6430897222,467.1341133334,0.102392754,0.9166666667,0.6912788451,1.0,0.9227314815,0.5408988899,1.0,3794.5,104.8910513888,0.162924293,0.948625
anti_uav410,6,anti_uav410.load_6,Anti-UAV410 load 6,AU-L06-W04,FixedK-48,30,44.27125,212.7638888889,372.6496538889,521.794098611,0.1046260725,1.0,0.721606819,1.0,0.9194907407,0.5408460376,1.0,4000.0,147.5117136111,0.3237730904,1.0
anti_uav410,6,anti_uav410.load_6,Anti-UAV410 load 6,AU-L06-W04,FixedK-6,30,5.6333333333,27.0,346.9595505555,350.3125613889,-0.1157681896,0.0,0.0,1.0,0.559537037,0.4034191294,0.0,162.9222222222,2.1485408333,0.0410872046,0.0407305556
anti_uav410,6,anti_uav410.load_6,Anti-UAV410 load 6,AU-L06-W04,Full,30,135.9597701149,657.1388888889,23.9403672222,162.8701641667,0.1006206045,1.0,0.7376643932,1.0,0.9191666667,0.5442619652,1.0,4000.0,138.1819363889,1.0,1.0
anti_uav410,6,anti_uav410.load_6,Anti-UAV410 load 6,AU-L06-W05,AdaptiveK,30,23.8610185185,105.8722222222,366.6475194445,470.6580427777,0.2088349911,0.9277777778,0.6228153229,1.0,0.9328703704,0.5616596134,1.0,3908.1722222222,102.3713519445,0.1637874725,0.9770430556
anti_uav410,6,anti_uav410.load_6,Anti-UAV410 load 6,AU-L06-W05,FixedK-12,30,11.1428571429,52.0,168.4008483333,187.4616127778,0.1902189482,0.1472222222,0.110198537,1.0,0.8747685185,0.5423446034,0.8333333333,1798.0555555556,18.2512880556,0.0804455446,0.4495138889
anti_uav410,6,anti_uav410.load_6,Anti-UAV410 load 6,AU-L06-W05,FixedK-24,30,22.5,104.0,362.68533,466.5197869444,0.2087581998,0.9166666667,0.6200325996,1.0,0.9333333333,0.5614762848,1.0,3789.8333333333,102.20524,0.1608910891,0.9474583333
anti_uav410,6,anti_uav410.load_6,Anti-UAV410 load 6,AU-L06-W05,FixedK-48,30,44.8680555556,207.4527777778,374.4423130555,520.1570786111,0.2038404005,1.0,0.6749619159,1.0,0.9337962963,0.5644554327,1.0,4000.0,144.0317997222,0.3209356092,1.0
anti_uav410,6,anti_uav410.load_6,Anti-UAV410 load 6,AU-L06-W05,FixedK-6,30,5.625,26.0,349.8092483333,353.1211775001,-0.0149680452,0.0,0.0,1.0,0.6114814815,0.4353891371,0.0,142.4,2.0343780556,0.0402227723,0.0356
anti_uav410,6,anti_uav410.load_6,Anti-UAV410 load 6,AU-L06-W05,Full,30,138.5142857143,646.4,23.5719147222,153.4153502778,0.1985146753,1.0,0.6907917612,1.0,0.9324074074,0.5706018793,1.0,4000.0,129.0530766667,1.0,1.0
anti_uav410,6,anti_uav410.load_6,Anti-UAV410 load 6,AU-L06-W06,AdaptiveK,30,21.4603240741,94.3472222222,315.6654475,409.2714763889,0.1164840835,0.8083333333,0.5676667343,1.0,0.8668981481,0.5439904483,1.0,3659.4833333333,92.005678611,0.1659776383,0.9148708333
anti_uav410,6,anti_uav410.load_6,Anti-UAV410 load 6,AU-L06-W06,FixedK-12,30,10.1958333333,47.5805555556,148.4442641667,163.7351436111,0.0955413287,0.0805555556,0.0649238441,1.0,0.818287037,0.5260435341,0.5,1412.5583333333,14.4963677778,0.0837047245,0.3531395833
anti_uav410,6,anti_uav410.load_6,Anti-UAV410 load 6,AU-L06-W06,FixedK-24,30,20.4025462963,94.1583333333,313.9363702778,409.161045,0.1157402419,0.8472222222,0.5951163026,1.0,0.8659722222,0.5439926642,1.0,3701.8472222222,93.6410505556,0.165645341,0.9254618056
anti_uav410,6,anti_uav410.load_6,Anti-UAV410 load 6,AU-L06-W06,FixedK-48,30,40.0219907407,184.7305555556,322.1860786111,454.7328855555,0.1142286522,1.0,0.6997995645,1.0,0.8659722222,0.5439933554,1.0,4000.0,130.9289672222,0.3249819191,1.0
anti_uav410,6,anti_uav410.load_6,Anti-UAV410 load 6,AU-L06-W06,FixedK-6,30,5.2006944444,23.9694444444,302.2245777778,305.4694633334,-0.0716470225,0.0,0.0,1.0,0.5696296296,0.4235767677,0.0,138.5777777778,2.0062022222,0.0421675561,0.0346444444
anti_uav410,6,anti_uav410.load_6,Anti-UAV410 load 6,AU-L06-W06,Full,30,121.8071428571,568.4333333333,22.7305941667,143.3121680556,0.1111886155,1.0,0.7133022908,1.0,0.8530092593,0.5444003765,1.0,4000.0,119.8277083333,1.0,1.0
anti_uav410,8,anti_uav410.load_8,Anti-UAV410 load 8,AU-L08-W01,AdaptiveK,30,25.6007109788,152.9694444444,492.0990169445,606.4406322222,0.2211612361,0.9972222222,0.9681762295,1.0,0.9155257937,0.5407897488,1.0,3996.7611111111,112.2808872222,0.1803955868,0.9991902778
anti_uav410,8,anti_uav410.load_8,Anti-UAV410 load 8,AU-L08-W01,FixedK-12,30,10.8981981982,67.2055555556,219.6984733333,248.4639366666,0.1757220692,0.5861111111,0.7247320786,1.0,0.8120667989,0.5090922397,1.0,3157.1083333333,27.8743258333,0.0792549497,0.7892770833
anti_uav410,8,anti_uav410.load_8,Anti-UAV410 load 8,AU-L08-W01,FixedK-24,30,21.9399801587,134.2055555556,485.7605988889,592.0959361111,0.2198870473,0.9166666667,0.9330916791,1.0,0.9158730159,0.5403142517,1.0,3844.65,104.3019755555,0.1582674896,0.9611625
anti_uav410,8,anti_uav410.load_8,Anti-UAV410 load 8,AU-L08-W01,FixedK-48,30,43.8108630952,267.8694444444,501.2981605555,651.0858652778,0.2197816372,1.0,0.984350609,1.0,0.9148313492,0.5405318747,1.0,4000.0,147.7430677777,0.3158961961,1.0
anti_uav410,8,anti_uav410.load_8,Anti-UAV410 load 8,AU-L08-W01,FixedK-6,30,5.5028769841,33.6944444444,472.2396819445,478.2721191667,-0.1755863164,0.0,0.0,1.0,0.4816137566,0.3779489656,0.0,363.6916666667,4.6568788889,0.0397355766,0.0909229167
anti_uav410,8,anti_uav410.load_8,Anti-UAV410 load 8,AU-L08-W01,Full,30,137.5081081081,847.9666666667,30.3925888889,146.5511613889,0.204671715,1.0,1.0192487596,1.0,0.886359127,0.5368808455,1.0,4000.0,115.2704936111,1.0,1.0
anti_uav410,8,anti_uav410.load_8,Anti-UAV410 load 8,AU-L08-W02,AdaptiveK,30,23.2629464286,140.5027777778,463.2090483333,569.9973633333,0.0252882112,0.9888888889,0.8220242594,1.0,0.8482969577,0.5067263446,1.0,3991.6805555556,104.9239988889,0.1724030976,0.9979201389
anti_uav410,8,anti_uav410.load_8,Anti-UAV410 load 8,AU-L08-W02,FixedK-12,30,10.1407894737,64.225,213.2993166666,243.8667233333,-0.011272138,0.6777777778,0.6527808833,1.0,0.778207672,0.4843063269,1.0,3300.3027777778,29.6997144445,0.0788069042,0.8250756944
anti_uav410,8,anti_uav410.load_8,Anti-UAV410 load 8,AU-L08-W02,FixedK-24,30,20.4335813492,128.2305555556,458.971075,561.5394530556,0.0252882112,0.9166666667,0.8001567809,1.0,0.8482969577,0.5067263446,1.0,3847.1777777778,100.7053566667,0.1573445403,0.9617944444
anti_uav410,8,anti_uav410.load_8,Anti-UAV410 load 8,AU-L08-W02,FixedK-48,30,40.8237599206,256.1138888889,474.7306227777,619.2633911111,0.0272262552,1.0,0.8509906134,1.0,0.8479497354,0.5066414652,1.0,4000.0,142.6756172222,0.3142630237,1.0
anti_uav410,8,anti_uav410.load_8,Anti-UAV410 load 8,AU-L08-W02,FixedK-6,30,5.1265376984,32.2027777778,443.5962125,448.294925,-0.2472532684,0.0,0.0,1.0,0.4374503968,0.3578028437,0.0,271.4666666667,3.4387419444,0.0395142269,0.0678666667
anti_uav410,8,anti_uav410.load_8,Anti-UAV410 load 8,AU-L08-W02,Full,30,128.6789473684,814.9666666667,31.2256916667,160.1054597222,0.0199896747,1.0,0.8692684032,1.0,0.8454034392,0.505969828,1.0,4000.0,128.0514488889,1.0,1.0
anti_uav410,8,anti_uav410.load_8,Anti-UAV410 load 8,AU-L08-W03,AdaptiveK,30,25.7427414021,157.5583333333,530.2343494444,660.1854619444,0.2166170295,1.0,1.021629805,1.0,0.9253472222,0.5389572432,1.0,4000.0,127.7866444445,0.1795195594,1.0
anti_uav410,8,anti_uav410.load_8,Anti-UAV410 load 8,AU-L08-W03,FixedK-12,30,11.1363636364,71.4583333333,227.8440452778,262.0715563889,0.1771662524,0.7166666667,0.8235176197,1.0,0.8339451058,0.5092214206,1.0,3426.4694444444,33.3247519445,0.081418534,0.8566173611
anti_uav410,8,anti_uav410.load_8,Anti-UAV410 load 8,AU-L08-W03,FixedK-24,30,22.3496527778,141.4638888889,523.7067211111,647.6150266666,0.2140318117,0.9166666667,0.9859591117,1.0,0.9222222222,0.5370664425,1.0,3849.4333333333,121.8373572223,0.1611817952,0.9623583333
anti_uav410,8,anti_uav410.load_8,Anti-UAV410 load 8,AU-L08-W03,FixedK-48,30,44.199537037,278.9361111111,540.1243102778,713.3662197222,0.2043913354,1.0,1.0560891428,1.0,0.9180555556,0.5365481509,1.0,4000.0,171.0598463889,0.3178155463,1.0
anti_uav410,8,anti_uav410.load_8,Anti-UAV410 load 8,AU-L08-W03,FixedK-6,30,5.6697916667,36.025,506.2732102778,513.0702586112,-0.1615059079,0.0,0.0,1.0,0.4880952381,0.3767335266,0.0,389.3194444444,5.3479077778,0.041046335,0.0973298611
anti_uav410,8,anti_uav410.load_8,Anti-UAV410 load 8,AU-L08-W03,Full,30,136.7792207792,877.6666666667,32.1100030555,164.8720547222,0.1861887201,1.0,1.0930905231,1.0,0.9166666667,0.5375343247,1.0,4000.0,131.8504844445,1.0,1.0
anti_uav410,8,anti_uav410.load_8,Anti-UAV410 load 8,AU-L08-W04,AdaptiveK,30,23.5600529101,137.6416666667,434.2139658333,532.8422866667,0.0553692847,0.9972222222,0.8486318598,1.0,0.8608134921,0.52218878,1.0,3998.475,96.7612844444,0.178861231,0.99961875
anti_uav410,8,anti_uav410.load_8,Anti-UAV410 load 8,AU-L08-W04,FixedK-12,30,10.3506666667,64.6916666667,199.9814222223,228.3514597222,0.0358751429,0.6527777778,0.5903108888,1.0,0.7914021164,0.4989943212,1.0,3270.9083333333,27.5060258334,0.0840648869,0.8177270833
anti_uav410,8,anti_uav410.load_8,Anti-UAV410 load 8,AU-L08-W04,FixedK-24,30,21.0213624339,128.4305555556,429.3988713889,525.0169572222,0.0594091568,0.9166666667,0.814479194,1.0,0.861276455,0.52239553,1.0,3835.125,93.7542463889,0.1668916675,0.95878125
anti_uav410,8,anti_uav410.load_8,Anti-UAV410 load 8,AU-L08-W04,FixedK-48,30,41.4165343915,252.6777777778,441.9487186111,573.8359386111,0.0592315315,1.0,0.8610383083,1.0,0.8620701058,0.5230190972,1.0,4000.0,129.9906341667,0.3283472184,1.0
anti_uav410,8,anti_uav410.load_8,Anti-UAV410 load 8,AU-L08-W04,FixedK-6,30,5.3045634921,32.4444444444,417.0415766667,421.7260827778,-0.1745825087,0.0,0.0,1.0,0.4644675926,0.3740855586,0.0,272.1333333333,3.3715838889,0.0421605856,0.0680333333
anti_uav410,8,anti_uav410.load_8,Anti-UAV410 load 8,AU-L08-W04,Full,30,123.1271111111,769.5444444444,30.6835133333,147.2796005555,0.0634142065,1.0,0.8667893442,1.0,0.8600198413,0.5234210891,1.0,4000.0,115.7577533333,1.0,1.0
uzh_fpv,1,uzh_fpv.load_1,UZH-FPV single-target replay,indoor_45_12,AdaptiveK,30,20.7666666667,20.7666666667,76.428526111,77.6061158334,0.0257777345,0.0,0.0,1.0,0.9055555556,0.5640650307,0.0,14.2222222222,0.4693066667,0.1552035542,0.274737068
uzh_fpv,1,uzh_fpv.load_1,UZH-FPV single-target replay,indoor_45_12,FixedK-12,30,11.0,11.0,35.0468525,35.577916389,0.0257777345,0.0,0.0,1.0,0.9055555556,0.5640650307,0.0,8.0222222222,0.1558172222,0.0822105504,0.1549688774
uzh_fpv,1,uzh_fpv.load_1,UZH-FPV single-target replay,indoor_45_12,FixedK-24,30,22.0,22.0,75.2804461111,76.4299219444,0.0257777345,0.0,0.0,1.0,0.9055555556,0.5640650307,0.0,12.375,0.4476533333,0.1644211007,0.2390534449
uzh_fpv,1,uzh_fpv.load_1,UZH-FPV single-target replay,indoor_45_12,FixedK-48,30,43.775,43.775,77.2838069445,78.8453397223,0.0257777345,0.0,0.0,1.0,0.9055555556,0.5640650307,0.0,22.9083333333,0.8414436111,0.327160622,0.442530586
uzh_fpv,1,uzh_fpv.load_1,UZH-FPV single-target replay,indoor_45_12,FixedK-6,30,5.5,5.5,73.6844627778,74.6081436112,0.0257777345,0.0,0.0,1.0,0.9055555556,0.5640650307,0.0,5.4361111111,0.2200544445,0.0411052752,0.1050118051
uzh_fpv,1,uzh_fpv.load_1,UZH-FPV single-target replay,indoor_45_12,Full,30,133.8027777778,133.8027777778,5.1264986111,6.6853802778,0.0257777345,0.0,0.0,1.0,0.9055555556,0.5640650307,0.0,51.7666666667,1.2145447222,1.0,1.0
uzh_fpv,1,uzh_fpv.load_1,UZH-FPV single-target replay,indoor_45_13,AdaptiveK,30,19.9138888889,19.9138888889,76.3806652777,77.5479383333,0.0294166437,0.0,0.0,1.0,0.9083333333,0.5645554098,0.0,12.6638888889,0.4476080556,0.14977541,0.2565559932
uzh_fpv,1,uzh_fpv.load_1,UZH-FPV single-target replay,indoor_45_13,FixedK-12,30,10.9861111111,10.9861111111,35.1926552778,35.7140375,0.0294166437,0.0,0.0,1.0,0.9083333333,0.5645554098,0.0,7.3138888889,0.1504658333,0.0826282252,0.1481710748
uzh_fpv,1,uzh_fpv.load_1,UZH-FPV single-target replay,indoor_45_13,FixedK-24,30,21.9527777778,21.9527777778,76.1768761111,77.3501627778,0.0294166437,0.0,0.0,1.0,0.9083333333,0.5645554098,0.0,11.4305555556,0.449255,0.1651102058,0.2315700619
uzh_fpv,1,uzh_fpv.load_1,UZH-FPV single-target replay,indoor_45_13,FixedK-48,30,43.1027777778,43.1027777778,77.8499638889,79.2977205556,0.0294166437,0.0,0.0,1.0,0.9083333333,0.5645554098,0.0,20.6333333333,0.7514308333,0.3241825969,0.4180078784
uzh_fpv,1,uzh_fpv.load_1,UZH-FPV single-target replay,indoor_45_13,FixedK-6,30,5.5,5.5,74.4238472222,75.3659561111,0.0294166437,0.0,0.0,1.0,0.9083333333,0.5645554098,0.0,5.1388888889,0.2207719444,0.0413663428,0.1041080473
uzh_fpv,1,uzh_fpv.load_1,UZH-FPV single-target replay,indoor_45_13,Full,30,132.9583333333,132.9583333333,5.2417808333,6.8215275,0.0294166437,0.0,0.0,1.0,0.9083333333,0.5645554098,0.0,49.3611111111,1.2329766666,1.0,1.0
uzh_fpv,1,uzh_fpv.load_1,UZH-FPV single-target replay,indoor_45_14,AdaptiveK,30,17.8555555556,17.8555555556,68.1727108333,69.2408091667,-0.0041943009,0.0,0.0,1.0,0.7527777778,0.4644022695,0.0,12.8611111111,0.4177236111,0.15383879,0.2420535341
uzh_fpv,1,uzh_fpv.load_1,UZH-FPV single-target replay,indoor_45_14,FixedK-12,30,9.2111111111,9.2111111111,31.6679444444,32.1632036111,-0.0041943009,0.0,0.0,1.0,0.7527777778,0.4644022695,0.0,6.9805555556,0.1403197222,0.0793605208,0.1313780845
uzh_fpv,1,uzh_fpv.load_1,UZH-FPV single-target replay,indoor_45_14,FixedK-24,30,18.2111111111,18.2111111111,68.4611763889,69.5231116667,-0.0041943009,0.0,0.0,1.0,0.7527777778,0.4644022695,0.0,11.0916666667,0.4003819444,0.1569021635,0.2087515684
uzh_fpv,1,uzh_fpv.load_1,UZH-FPV single-target replay,indoor_45_14,FixedK-48,30,36.1916666667,36.1916666667,70.7870411112,72.1844475,-0.0041943009,0.0,0.0,1.0,0.7527777778,0.4644022695,0.0,20.9638888889,0.7353008333,0.3118179207,0.3945524885
uzh_fpv,1,uzh_fpv.load_1,UZH-FPV single-target replay,indoor_45_14,FixedK-6,30,4.6944444444,4.6944444444,66.9595925,67.8283008333,-0.0041943009,0.0,0.0,1.0,0.7527777778,0.4644022695,0.0,4.8527777778,0.2058483333,0.0404461038,0.0913320786
uzh_fpv,1,uzh_fpv.load_1,UZH-FPV single-target replay,indoor_45_14,Full,30,116.0666666667,116.0666666667,5.0688933333,6.6119913889,-0.0041943009,0.0,0.0,1.0,0.7527777778,0.4644022695,0.0,53.1333333333,1.2107133333,1.0,1.0
uzh_fpv,1,uzh_fpv.load_1,UZH-FPV single-target replay,indoor_45_2,AdaptiveK,30,18.4361111111,18.4361111111,68.3396436111,69.5455841667,-0.0146338225,0.0,0.0,1.0,0.7861111111,0.4870289391,0.0,13.8027777778,0.4496241666,0.1587495216,0.2756573838
uzh_fpv,1,uzh_fpv.load_1,UZH-FPV single-target replay,indoor_45_2,FixedK-12,30,9.9305555556,9.9305555556,31.3811694444,31.8830247222,-0.0146338225,0.0,0.0,1.0,0.7861111111,0.4870289391,0.0,7.9722222222,0.1490941667,0.0855099502,0.159214468
uzh_fpv,1,uzh_fpv.load_1,UZH-FPV single-target replay,indoor_45_2,FixedK-24,30,19.4861111111,19.4861111111,68.0488122222,69.1523297223,-0.0146338225,0.0,0.0,1.0,0.7861111111,0.4870289391,0.0,12.4388888889,0.4331947221,0.1677908534,0.2484189504
uzh_fpv,1,uzh_fpv.load_1,UZH-FPV single-target replay,indoor_45_2,FixedK-48,30,37.6666666667,37.6666666667,69.8646619444,71.3093802778,-0.0146338225,0.0,0.0,1.0,0.7861111111,0.4870289391,0.0,21.6833333333,0.7642447222,0.3243398393,0.4330411628
uzh_fpv,1,uzh_fpv.load_1,UZH-FPV single-target replay,indoor_45_2,FixedK-6,30,5.0,5.0,66.1217538888,67.02088,-0.0146338225,0.0,0.0,1.0,0.7861111111,0.4870289391,0.0,5.2166666667,0.215525,0.043053961,0.104182847
uzh_fpv,1,uzh_fpv.load_1,UZH-FPV single-target replay,indoor_45_2,Full,30,116.1333333333,116.1333333333,5.0688166667,6.5601552778,-0.0146338225,0.0,0.0,1.0,0.7861111111,0.4870289391,0.0,50.0722222222,1.1741572222,1.0,1.0
uzh_fpv,1,uzh_fpv.load_1,UZH-FPV single-target replay,indoor_45_4,AdaptiveK,30,19.45,19.45,68.8406316667,69.9496769445,-0.0275213167,0.0,0.0,1.0,0.6472222222,0.4030686995,0.0,17.15,0.4961444444,0.1671161603,0.2375803286
uzh_fpv,1,uzh_fpv.load_1,UZH-FPV single-target replay,indoor_45_4,FixedK-12,30,9.0,9.0,31.8822502777,32.3735461111,-0.0275213167,0.0,0.0,1.0,0.6472222222,0.4030686995,0.0,8.7416666667,0.1525297222,0.0773288145,0.121099011
uzh_fpv,1,uzh_fpv.load_1,UZH-FPV single-target replay,indoor_45_4,FixedK-24,30,18.0,18.0,68.5478444444,69.6469825,-0.0275213167,0.0,0.0,1.0,0.6472222222,0.4030686995,0.0,15.0416666667,0.4564602778,0.1546576291,0.2083734175
uzh_fpv,1,uzh_fpv.load_1,UZH-FPV single-target replay,indoor_45_4,FixedK-48,30,36.0,36.0,70.3084438889,71.8276130556,-0.0275213167,0.0,0.0,1.0,0.6472222222,0.4030686995,0.0,29.0555555556,0.8814844444,0.3093152581,0.4025089468
uzh_fpv,1,uzh_fpv.load_1,UZH-FPV single-target replay,indoor_45_4,FixedK-6,30,4.5,4.5,67.0861377778,67.9053683334,-0.0275213167,0.0,0.0,1.0,0.6472222222,0.4030686995,0.0,5.3722222222,0.2074736111,0.0386644073,0.0744218263
uzh_fpv,1,uzh_fpv.load_1,UZH-FPV single-target replay,indoor_45_4,Full,30,116.3861111111,116.3861111111,5.2523275,7.0684019444,-0.0275213167,0.0,0.0,1.0,0.6472222222,0.4030686995,0.0,72.1861111111,1.5211563889,1.0,1.0
uzh_fpv,1,uzh_fpv.load_1,UZH-FPV single-target replay,indoor_45_9,AdaptiveK,30,16.3444444444,16.3444444444,62.9850566666,64.0344725,-0.0416695314,0.0,0.0,1.0,0.5833333333,0.3646453766,0.0,12.7416666667,0.4303058332,0.1584873135,0.2450451413
uzh_fpv,1,uzh_fpv.load_1,UZH-FPV single-target replay,indoor_45_9,FixedK-12,30,8.0,8.0,28.9303291667,29.3836033333,-0.0416695314,0.0,0.0,1.0,0.5833333333,0.3646453766,0.0,6.7166666667,0.132975,0.077573668,0.129173567
uzh_fpv,1,uzh_fpv.load_1,UZH-FPV single-target replay,indoor_45_9,FixedK-24,30,16.0,16.0,61.5079786111,62.5187288888,-0.0416695314,0.0,0.0,1.0,0.5833333333,0.3646453766,0.0,10.9888888889,0.3834705556,0.1551473361,0.2113360756
uzh_fpv,1,uzh_fpv.load_1,UZH-FPV single-target replay,indoor_45_9,FixedK-48,30,32.0,32.0,63.7000241666,65.0292041667,-0.0416695314,0.0,0.0,1.0,0.5833333333,0.3646453766,0.0,20.575,0.7039719445,0.3102946722,0.3956942144
uzh_fpv,1,uzh_fpv.load_1,UZH-FPV single-target replay,indoor_45_9,FixedK-6,30,4.0,4.0,61.2673547222,62.0952394444,-0.0416695314,0.0,0.0,1.0,0.5833333333,0.3646453766,0.0,4.5305555556,0.1915577778,0.038786834,0.0871307228
uzh_fpv,1,uzh_fpv.load_1,UZH-FPV single-target replay,indoor_45_9,Full,30,103.1277777778,103.1277777778,5.1904541667,6.6575169444,-0.0416695314,0.0,0.0,1.0,0.5833333333,0.3646453766,0.0,51.9972222222,1.1659625,1.0,1.0
uzh_fpv,1,uzh_fpv.load_1,UZH-FPV single-target replay,indoor_forward_10,AdaptiveK,30,20.8388888889,20.8388888889,81.2063075,82.3965955556,0.0120711933,0.0,0.0,1.0,0.8861111111,0.5486767744,0.0,13.8777777778,0.4830955555,0.1483488234,0.2887861272
uzh_fpv,1,uzh_fpv.load_1,UZH-FPV single-target replay,indoor_forward_10,FixedK-12,30,11.0,11.0,37.0062930556,37.5225166666,0.0120711933,0.0,0.0,1.0,0.8861111111,0.5486767744,0.0,7.9944444444,0.1536494444,0.0783072968,0.1663583815
uzh_fpv,1,uzh_fpv.load_1,UZH-FPV single-target replay,indoor_forward_10,FixedK-24,30,22.0,22.0,80.8227858333,81.9768727778,0.0120711933,0.0,0.0,1.0,0.8861111111,0.5486767744,0.0,12.625,0.4572086112,0.1566145936,0.262716763
uzh_fpv,1,uzh_fpv.load_1,UZH-FPV single-target replay,indoor_forward_10,FixedK-48,30,43.9805555556,43.9805555556,83.2963494445,84.8914311111,0.0120711933,0.0,0.0,1.0,0.8861111111,0.5486767744,0.0,23.5583333333,0.8572119445,0.3130907653,0.4902312139
uzh_fpv,1,uzh_fpv.load_1,UZH-FPV single-target replay,indoor_forward_10,FixedK-6,30,5.5,5.5,79.0205533334,79.9600211111,0.0120711933,0.0,0.0,1.0,0.8861111111,0.5486767744,0.0,5.375,0.2220544445,0.0391536484,0.111849711
uzh_fpv,1,uzh_fpv.load_1,UZH-FPV single-target replay,indoor_forward_10,Full,30,140.4722222222,140.4722222222,5.2290997222,6.8056444445,0.0120711933,0.0,0.0,1.0,0.8861111111,0.5486767744,0.0,48.0555555556,1.2329927778,1.0,1.0
uzh_fpv,1,uzh_fpv.load_1,UZH-FPV single-target replay,indoor_forward_3,AdaptiveK,30,22.2111111111,22.2111111111,81.8892133334,83.1185727778,0.0398058701,0.0,0.0,1.0,0.9083333333,0.5648366084,0.0,15.9916666667,0.5117322222,0.1566645115,0.2698635916
uzh_fpv,1,uzh_fpv.load_1,UZH-FPV single-target replay,indoor_forward_3,FixedK-12,30,11.0,11.0,37.7268680556,38.2559847222,0.0398058701,0.0,0.0,1.0,0.9083333333,0.5648366084,0.0,8.4555555556,0.15858,0.077587727,0.1426897295
uzh_fpv,1,uzh_fpv.load_1,UZH-FPV single-target replay,indoor_forward_3,FixedK-24,30,22.0,22.0,81.5609813889,82.7408969445,0.0398058701,0.0,0.0,1.0,0.9083333333,0.5648366084,0.0,13.9972222222,0.47656,0.1551754541,0.2362068157
uzh_fpv,1,uzh_fpv.load_1,UZH-FPV single-target replay,indoor_forward_3,FixedK-48,30,44.0,44.0,83.8543225,85.516746111,0.0398058701,0.0,0.0,1.0,0.9083333333,0.5648366084,0.0,28.0138888889,0.9549344444,0.3103509081,0.4727417616
uzh_fpv,1,uzh_fpv.load_1,UZH-FPV single-target replay,indoor_forward_3,FixedK-6,30,5.5,5.5,79.7743572223,80.7490097222,0.0398058701,0.0,0.0,1.0,0.9083333333,0.5648366084,0.0,5.4833333333,0.2465277778,0.0387938635,0.0925326958
uzh_fpv,1,uzh_fpv.load_1,UZH-FPV single-target replay,indoor_forward_3,Full,30,141.775,141.775,5.2807575,7.0099805556,0.0398058701,0.0,0.0,1.0,0.9083333333,0.5648366084,0.0,59.2583333333,1.3991683333,1.0,1.0
uzh_fpv,1,uzh_fpv.load_1,UZH-FPV single-target replay,indoor_forward_5,AdaptiveK,30,16.1972222222,16.1972222222,62.3324197222,63.3489580556,-0.0405230842,0.0,0.0,1.0,0.6583333333,0.4110852927,0.0,11.2277777778,0.3820305556,0.1579018631,0.282558546
uzh_fpv,1,uzh_fpv.load_1,UZH-FPV single-target replay,indoor_forward_5,FixedK-12,30,8.8916666667,8.8916666667,28.3655597222,28.8377483333,-0.0405230842,0.0,0.0,1.0,0.6583333333,0.4110852927,0.0,6.7361111111,0.1358966667,0.0866821924,0.1695211465
uzh_fpv,1,uzh_fpv.load_1,UZH-FPV single-target replay,indoor_forward_5,FixedK-24,30,17.2416666667,17.2416666667,62.3290991666,63.3661461111,-0.0405230842,0.0,0.0,1.0,0.6583333333,0.4110852927,0.0,10.2388888889,0.3748430555,0.1680838388,0.2576721426
uzh_fpv,1,uzh_fpv.load_1,UZH-FPV single-target replay,indoor_forward_5,FixedK-48,30,33.2444444444,33.2444444444,63.7379708333,65.0635236111,-0.0405230842,0.0,0.0,1.0,0.6583333333,0.4110852927,0.0,16.8694444444,0.6546938889,0.3240901213,0.4245368752
uzh_fpv,1,uzh_fpv.load_1,UZH-FPV single-target replay,indoor_forward_5,FixedK-6,30,4.4916666667,4.4916666667,60.5046213889,61.3451797222,-0.0405230842,0.0,0.0,1.0,0.6583333333,0.4110852927,0.0,4.6666666667,0.2027769445,0.0437879116,0.117441454
uzh_fpv,1,uzh_fpv.load_1,UZH-FPV single-target replay,indoor_forward_5,Full,30,102.5777777778,102.5777777778,5.0494866667,6.3192283333,-0.0405230842,0.0,0.0,1.0,0.6583333333,0.4110852927,0.0,39.7361111111,0.9682197222,1.0,1.0
uzh_fpv,1,uzh_fpv.load_1,UZH-FPV single-target replay,indoor_forward_6,AdaptiveK,30,18.1777777778,18.1777777778,84.8762763889,85.9354833334,-0.0039637882,0.0,0.0,1.0,0.8972222222,0.5577734322,0.0,8.1555555556,0.3612297223,0.1241675047,0.3356579399
uzh_fpv,1,uzh_fpv.load_1,UZH-FPV single-target replay,indoor_forward_6,FixedK-12,30,11.0,11.0,39.5457294445,40.0514088888,-0.0039637882,0.0,0.0,1.0,0.8972222222,0.5577734322,0.0,6.2722222222,0.1422275,0.0751380377,0.2581456499
uzh_fpv,1,uzh_fpv.load_1,UZH-FPV single-target replay,indoor_forward_6,FixedK-24,30,22.0,22.0,85.5580886111,86.6114761111,-0.0039637882,0.0,0.0,1.0,0.8972222222,0.5577734322,0.0,7.8722222222,0.3658508333,0.1502760754,0.3239967989
uzh_fpv,1,uzh_fpv.load_1,UZH-FPV single-target replay,indoor_forward_6,FixedK-48,30,44.0,44.0,87.8280527778,89.1427566667,-0.0039637882,0.0,0.0,1.0,0.8972222222,0.5577734322,0.0,11.5222222222,0.6066141667,0.3005521507,0.4742197325
uzh_fpv,1,uzh_fpv.load_1,UZH-FPV single-target replay,indoor_forward_6,FixedK-6,30,5.5,5.5,82.7910458334,83.6898433333,-0.0039637882,0.0,0.0,1.0,0.8972222222,0.5577734322,0.0,4.8972222222,0.2081872223,0.0375690188,0.2015548188
uzh_fpv,1,uzh_fpv.load_1,UZH-FPV single-target replay,indoor_forward_6,Full,30,146.3972222222,146.3972222222,5.3595011111,6.5915097222,-0.0039637882,0.0,0.0,1.0,0.8972222222,0.5577734322,0.0,24.2972222222,0.9042925,1.0,1.0
uzh_fpv,1,uzh_fpv.load_1,UZH-FPV single-target replay,indoor_forward_7,AdaptiveK,30,18.1333333333,18.1333333333,82.4772158333,83.5277186112,-0.0103295222,0.0,0.0,1.0,0.8638888889,0.538410507,0.0,7.8722222222,0.3542572223,0.1270310767,0.2933747412
uzh_fpv,1,uzh_fpv.load_1,UZH-FPV single-target replay,indoor_forward_7,FixedK-12,30,11.0,11.0,38.1837663889,38.6826919444,-0.0103295222,0.0,0.0,1.0,0.8638888889,0.538410507,0.0,5.575,0.1371155556,0.0770592928,0.2077639752
uzh_fpv,1,uzh_fpv.load_1,UZH-FPV single-target replay,indoor_forward_7,FixedK-24,30,22.0,22.0,83.0578747222,84.1316275001,-0.0103295222,0.0,0.0,1.0,0.8638888889,0.538410507,0.0,7.5611111111,0.3853561111,0.1541185857,0.2817805383
uzh_fpv,1,uzh_fpv.load_1,UZH-FPV single-target replay,indoor_forward_7,FixedK-48,30,43.9805555556,43.9805555556,85.4366808333,86.7710519445,-0.0103295222,0.0,0.0,1.0,0.8638888889,0.538410507,0.0,11.8611111111,0.6143830555,0.3081009555,0.4420289855
uzh_fpv,1,uzh_fpv.load_1,UZH-FPV single-target replay,indoor_forward_7,FixedK-6,30,5.5,5.5,80.3999494444,81.3064,-0.0103295222,0.0,0.0,1.0,0.8638888889,0.538410507,0.0,4.5138888889,0.2120461111,0.0385296464,0.1682194617
uzh_fpv,1,uzh_fpv.load_1,UZH-FPV single-target replay,indoor_forward_7,Full,30,142.7472222222,142.7472222222,5.3525419444,6.6019425,-0.0103295222,0.0,0.0,1.0,0.8638888889,0.538410507,0.0,26.8333333333,0.9191269444,1.0,1.0
uzh_fpv,1,uzh_fpv.load_1,UZH-FPV single-target replay,indoor_forward_9,AdaptiveK,30,17.2388888889,17.2388888889,81.5295138889,82.5716336112,-0.0070479154,0.0,0.0,1.0,0.8944444444,0.5546268636,0.0,7.5111111111,0.3461766667,0.1207205104,0.3026639803
uzh_fpv,1,uzh_fpv.load_1,UZH-FPV single-target replay,indoor_forward_9,FixedK-12,30,11.0,11.0,37.9954044444,38.4999316666,-0.0070479154,0.0,0.0,1.0,0.8944444444,0.5546268636,0.0,5.8805555556,0.1389172223,0.0770308123,0.2369599284
uzh_fpv,1,uzh_fpv.load_1,UZH-FPV single-target replay,indoor_forward_9,FixedK-24,30,22.0,22.0,81.6898330556,82.7697313889,-0.0070479154,0.0,0.0,1.0,0.8944444444,0.5546268636,0.0,7.5361111111,0.3713183334,0.1540616246,0.3036713678
uzh_fpv,1,uzh_fpv.load_1,UZH-FPV single-target replay,indoor_forward_9,FixedK-48,30,43.9805555556,43.9805555556,83.8573591667,85.1480633333,-0.0070479154,0.0,0.0,1.0,0.8944444444,0.5546268636,0.0,11.4138888889,0.5935530556,0.3079870837,0.4599283636
uzh_fpv,1,uzh_fpv.load_1,UZH-FPV single-target replay,indoor_forward_9,FixedK-6,30,5.5,5.5,79.7519988888,80.6509438888,-0.0070479154,0.0,0.0,1.0,0.8944444444,0.5546268636,0.0,4.7055555556,0.2064122222,0.0385154062,0.1896127155
uzh_fpv,1,uzh_fpv.load_1,UZH-FPV single-target replay,indoor_forward_9,Full,30,142.8,142.8,5.17015,6.3784836111,-0.0070479154,0.0,0.0,1.0,0.8944444444,0.5546268636,0.0,24.8166666667,0.8715716667,1.0,1.0
uzh_fpv,1,uzh_fpv.load_1,UZH-FPV single-target replay,outdoor_45_1,AdaptiveK,30,20.5611111111,20.5611111111,79.9739363889,81.1478013889,0.0071833824,0.0,0.0,1.0,0.875,0.5462657917,0.0,14.2638888889,0.4860705555,0.1474267049,0.3050917949
uzh_fpv,1,uzh_fpv.load_1,UZH-FPV single-target replay,outdoor_45_1,FixedK-12,30,11.0,11.0,37.016295,37.5523088888,0.0071833824,0.0,0.0,1.0,0.875,0.5462657917,0.0,8.4555555556,0.1621508333,0.0788718929,0.1808567524
uzh_fpv,1,uzh_fpv.load_1,UZH-FPV single-target replay,outdoor_45_1,FixedK-24,30,22.0,22.0,78.9349536111,80.0558452778,0.0071833824,0.0,0.0,1.0,0.875,0.5462657917,0.0,13.0027777778,0.4483644444,0.1577437859,0.2781177589
uzh_fpv,1,uzh_fpv.load_1,UZH-FPV single-target replay,outdoor_45_1,FixedK-48,30,43.9805555556,43.9805555556,81.0392224999,82.5163169445,0.0071833824,0.0,0.0,1.0,0.875,0.5462657917,0.0,23.5305555556,0.794735,0.3153481517,0.5032974868
uzh_fpv,1,uzh_fpv.load_1,UZH-FPV single-target replay,outdoor_45_1,FixedK-6,30,5.5,5.5,77.3829675,78.3037544444,0.0071833824,0.0,0.0,1.0,0.875,0.5462657917,0.0,5.5583333333,0.2243766667,0.0394359465,0.1188877666
uzh_fpv,1,uzh_fpv.load_1,UZH-FPV single-target replay,outdoor_45_1,Full,30,139.4666666667,139.4666666667,5.1292252778,6.7069252778,0.0071833824,0.0,0.0,1.0,0.875,0.5462657917,0.0,46.7527777778,1.2399258333,1.0,1.0
uzh_fpv,1,uzh_fpv.load_1,UZH-FPV single-target replay,outdoor_forward_1,AdaptiveK,30,18.9861111111,18.9861111111,74.7189886111,75.8272938889,0.0029071724,0.0,0.0,1.0,0.9111111111,0.5664419598,0.0,11.1027777778,0.4104986111,0.1467840653,0.4108335903
uzh_fpv,1,uzh_fpv.load_1,UZH-FPV single-target replay,outdoor_forward_1,FixedK-12,30,10.6694444444,10.6694444444,34.8358561111,35.3577955556,0.0029071724,0.0,0.0,1.0,0.9111111111,0.5664419598,0.0,7.375,0.1491752777,0.0824868463,0.2728954672
uzh_fpv,1,uzh_fpv.load_1,UZH-FPV single-target replay,outdoor_forward_1,FixedK-24,30,20.8805555556,20.8805555556,74.1550236111,75.2759936112,0.0029071724,0.0,0.0,1.0,0.9111111111,0.5664419598,0.0,9.8583333333,0.4121536111,0.1614302588,0.3647856923
uzh_fpv,1,uzh_fpv.load_1,UZH-FPV single-target replay,outdoor_forward_1,FixedK-48,30,40.8555555556,40.8555555556,76.9954280555,78.3593377777,0.0029071724,0.0,0.0,1.0,0.9111111111,0.5664419598,0.0,14.1694444444,0.6408427777,0.3158595512,0.5243087676
uzh_fpv,1,uzh_fpv.load_1,UZH-FPV single-target replay,outdoor_forward_1,FixedK-6,30,5.4277777778,5.4277777778,73.4319686111,74.3440427778,0.0029071724,0.0,0.0,1.0,0.9111111111,0.5664419598,0.0,5.2222222222,0.2178355556,0.0419628476,0.193236715
uzh_fpv,1,uzh_fpv.load_1,UZH-FPV single-target replay,outdoor_forward_1,Full,30,129.3472222222,129.3472222222,5.0565466667,6.2645113889,0.0029071724,0.0,0.0,1.0,0.9111111111,0.5664419598,0.0,27.025,0.8859172222,1.0,1.0
uzh_fpv,1,uzh_fpv.load_1,UZH-FPV single-target replay,outdoor_forward_3,AdaptiveK,30,19.3888888889,19.3888888889,83.3599422222,84.4803969444,-0.0074841385,0.0,0.0,1.0,0.8805555556,0.5483764364,0.0,10.7138888889,0.4107030556,0.1351351351,0.3304772513
uzh_fpv,1,uzh_fpv.load_1,UZH-FPV single-target replay,outdoor_forward_3,FixedK-12,30,11.0,11.0,39.1687277778,39.6894358334,-0.0074841385,0.0,0.0,1.0,0.8805555556,0.5483764364,0.0,6.8777777778,0.1490413889,0.0766669248,0.2121497729
uzh_fpv,1,uzh_fpv.load_1,UZH-FPV single-target replay,outdoor_forward_3,FixedK-24,30,22.0,22.0,83.9599661111,85.1060655555,-0.0074841385,0.0,0.0,1.0,0.8805555556,0.5483764364,0.0,9.5166666667,0.4180972223,0.1533338496,0.2935481107
uzh_fpv,1,uzh_fpv.load_1,UZH-FPV single-target replay,outdoor_forward_3,FixedK-48,30,44.0,44.0,87.2602897223,88.6437533334,-0.0074841385,0.0,0.0,1.0,0.8805555556,0.5483764364,0.0,14.9944444444,0.6806208334,0.3066676992,0.4625139234
uzh_fpv,1,uzh_fpv.load_1,UZH-FPV single-target replay,outdoor_forward_3,FixedK-6,30,5.5,5.5,82.2075669444,83.1220341667,-0.0074841385,0.0,0.0,1.0,0.8805555556,0.5483764364,0.0,5.0472222222,0.2137691667,0.0383334624,0.1556850313
uzh_fpv,1,uzh_fpv.load_1,UZH-FPV single-target replay,outdoor_forward_3,Full,30,143.4777777778,143.4777777778,5.3178363889,6.6216438889,-0.0074841385,0.0,0.0,1.0,0.8805555556,0.5483764364,0.0,32.4194444444,0.9809872222,1.0,1.0
uzh_fpv,1,uzh_fpv.load_1,UZH-FPV single-target replay,outdoor_forward_5,AdaptiveK,30,20.7722222222,20.7722222222,83.9877113888,85.1539361111,0.0106314771,0.0,0.0,1.0,0.9083333333,0.5624807394,0.0,12.8666666667,0.4531144444,0.1436723088,0.4039065225
uzh_fpv,1,uzh_fpv.load_1,UZH-FPV single-target replay,outdoor_forward_5,FixedK-12,30,11.0,11.0,39.3687591667,39.9000852778,0.0106314771,0.0,0.0,1.0,0.9083333333,0.5624807394,0.0,8.4138888889,0.160065,0.0760821534,0.2641262644
uzh_fpv,1,uzh_fpv.load_1,UZH-FPV single-target replay,outdoor_forward_5,FixedK-24,30,22.0,22.0,83.5009216666,84.6638355555,0.0106314771,0.0,0.0,1.0,0.9083333333,0.5624807394,0.0,11.7472222222,0.4448058334,0.1521643067,0.3687652599
uzh_fpv,1,uzh_fpv.load_1,UZH-FPV single-target replay,outdoor_forward_5,FixedK-48,30,44.0,44.0,85.2873480556,86.7462019445,0.0106314771,0.0,0.0,1.0,0.9083333333,0.5624807394,0.0,17.6972222222,0.7485797222,0.3043286134,0.5555458668
uzh_fpv,1,uzh_fpv.load_1,UZH-FPV single-target replay,outdoor_forward_5,FixedK-6,30,5.5,5.5,82.7387730556,83.6675352778,0.0106314771,0.0,0.0,1.0,0.9083333333,0.5624807394,0.0,5.5166666667,0.2254761111,0.0380410767,0.1731775375
uzh_fpv,1,uzh_fpv.load_1,UZH-FPV single-target replay,outdoor_forward_5,Full,30,144.5805555556,144.5805555556,5.3726741667,6.7346975,0.0106314771,0.0,0.0,1.0,0.9083333333,0.5624807394,0.0,31.8555555556,1.0306241667,1.0,1.0
