dataset,task_load,stratum_id,independent_cluster,comparison_profile,seeds_with_common_tasks,seeds_without_common_tasks,profile_common_task_response_time,full_common_task_response_time
anti_uav410,2,anti_uav410.load_2,AU-L02-W01,AdaptiveK,30,0,0.4078553448,0.4078553448
anti_uav410,2,anti_uav410.load_2,AU-L02-W01,FixedK-12,30,0,0.4078553448,0.4078553448
anti_uav410,2,anti_uav410.load_2,AU-L02-W01,FixedK-24,30,0,0.4078553448,0.4078553448
anti_uav410,2,anti_uav410.load_2,AU-L02-W01,FixedK-48,30,0,0.4078553448,0.4078553448
anti_uav410,2,anti_uav410.load_2,AU-L02-W01,FixedK-6,30,0,0.4078553448,0.4078553448
anti_uav410,2,anti_uav410.load_2,AU-L02-W02,AdaptiveK,30,0,0.3469453215,0.3469453215
anti_uav410,2,anti_uav410.load_2,AU-L02-W02,FixedK-12,30,0,0.3469453215,0.3469453215
anti_uav410,2,anti_uav410.load_2,AU-L02-W02,FixedK-24,30,0,0.3469453215,0.3469453215
anti_uav410,2,anti_uav410.load_2,AU-L02-W02,FixedK-48,30,0,0.3469453215,0.3469453215
anti_uav410,2,anti_uav410.load_2,AU-L02-W02,FixedK-6,30,0,0.3469453215,0.3469453215
anti_uav410,2,anti_uav410.load_2,AU-L02-W03,AdaptiveK,30,0,0.4408461596,0.4408461596
anti_uav410,2,anti_uav410.load_2,AU-L02-W03,FixedK-12,30,0,0.4408461596,0.4408461596
anti_uav410,2,anti_uav410.load_2,AU-L02-W03,FixedK-24,30,0,0.4408461596,0.4408461596
anti_uav410,2,anti_uav410.load_2,AU-L02-W03,FixedK-48,30,0,0.4408461596,0.4408461596
anti_uav410,2,anti_uav410.load_2,AU-L02-W03,FixedK-6,30,0,0.4407726259,0.4408461596
anti_uav410,2,anti_uav410.load_2,AU-L02-W04,AdaptiveK,30,0,0.3779942216,0.3798075055
anti_uav410,2,anti_uav410.load_2,AU-L02-W04,FixedK-12,30,0,0.3779942216,0.3798075055
anti_uav410,2,anti_uav410.load_2,AU-L02-W04,FixedK-24,30,0,0.3779942216,0.3798075055
anti_uav410,2,anti_uav410.load_2,AU-L02-W04,FixedK-48,30,0,0.3779942216,0.3798075055
anti_uav410,2,anti_uav410.load_2,AU-L02-W04,FixedK-6,30,0,0.3702021622,0.3722044422
anti_uav410,2,anti_uav410.load_2,AU-L02-W05,AdaptiveK,30,0,0.4708788165,0.4708788165
anti_uav410,2,anti_uav410.load_2,AU-L02-W05,FixedK-12,30,0,0.4708788165,0.4708788165
anti_uav410,2,anti_uav410.load_2,AU-L02-W05,FixedK-24,30,0,0.4708788165,0.4708788165
anti_uav410,2,anti_uav410.load_2,AU-L02-W05,FixedK-48,30,0,0.4708788165,0.4708788165
anti_uav410,2,anti_uav410.load_2,AU-L02-W05,FixedK-6,30,0,0.4708788165,0.4708788165
anti_uav410,2,anti_uav410.load_2,AU-L02-W06,AdaptiveK,30,0,0.4167233649,0.4167233649
anti_uav410,2,anti_uav410.load_2,AU-L02-W06,FixedK-12,30,0,0.4167233649,0.4167233649
anti_uav410,2,anti_uav410.load_2,AU-L02-W06,FixedK-24,30,0,0.4167233649,0.4167233649
anti_uav410,2,anti_uav410.load_2,AU-L02-W06,FixedK-48,30,0,0.4167233649,0.4167233649
anti_uav410,2,anti_uav410.load_2,AU-L02-W06,FixedK-6,30,0,0.4167233649,0.4167233649
anti_uav410,2,anti_uav410.load_2,AU-L02-W07,AdaptiveK,30,0,0.3903464246,0.3903464246
anti_uav410,2,anti_uav410.load_2,AU-L02-W07,FixedK-12,30,0,0.3903464246,0.3903464246
anti_uav410,2,anti_uav410.load_2,AU-L02-W07,FixedK-24,30,0,0.3903464246,0.3903464246
anti_uav410,2,anti_uav410.load_2,AU-L02-W07,FixedK-48,30,0,0.3903464246,0.3903464246
anti_uav410,2,anti_uav410.load_2,AU-L02-W07,FixedK-6,30,0,0.3903464246,0.3903464246
anti_uav410,2,anti_uav410.load_2,AU-L02-W08,AdaptiveK,30,0,0.3957277755,0.3957277755
anti_uav410,2,anti_uav410.load_2,AU-L02-W08,FixedK-12,30,0,0.3957277755,0.3957277755
anti_uav410,2,anti_uav410.load_2,AU-L02-W08,FixedK-24,30,0,0.3957277755,0.3957277755
anti_uav410,2,anti_uav410.load_2,AU-L02-W08,FixedK-48,30,0,0.3957277755,0.3957277755
anti_uav410,2,anti_uav410.load_2,AU-L02-W08,FixedK-6,30,0,0.3957277755,0.3957277755
anti_uav410,2,anti_uav410.load_2,AU-L02-W09,AdaptiveK,30,0,0.4937483962,0.4937483962
anti_uav410,2,anti_uav410.load_2,AU-L02-W09,FixedK-12,30,0,0.4937483962,0.4937483962
anti_uav410,2,anti_uav410.load_2,AU-L02-W09,FixedK-24,30,0,0.4937483962,0.4937483962
anti_uav410,2,anti_uav410.load_2,AU-L02-W09,FixedK-48,30,0,0.4937483962,0.4937483962
anti_uav410,2,anti_uav410.load_2,AU-L02-W09,FixedK-6,30,0,0.4937483962,0.4937483962
anti_uav410,2,anti_uav410.load_2,AU-L02-W10,AdaptiveK,30,0,0.4521204575,0.4535978063
anti_uav410,2,anti_uav410.load_2,AU-L02-W10,FixedK-12,30,0,0.4521204575,0.4535978063
anti_uav410,2,anti_uav410.load_2,AU-L02-W10,FixedK-24,30,0,0.4521204575,0.4535978063
anti_uav410,2,anti_uav410.load_2,AU-L02-W10,FixedK-48,30,0,0.4521204575,0.4535978063
anti_uav410,2,anti_uav410.load_2,AU-L02-W10,FixedK-6,30,0,0.4521204575,0.4535978063
anti_uav410,4,anti_uav410.load_4,AU-L04-W01,AdaptiveK,30,0,0.4361840684,0.4360306409
anti_uav410,4,anti_uav410.load_4,AU-L04-W01,FixedK-12,30,0,0.4353392798,0.4351905311
anti_uav410,4,anti_uav410.load_4,AU-L04-W01,FixedK-24,30,0,0.4361840684,0.4360306409
anti_uav410,4,anti_uav410.load_4,AU-L04-W01,FixedK-48,30,0,0.4366600597,0.4360306409
anti_uav410,4,anti_uav410.load_4,AU-L04-W01,FixedK-6,30,0,0.4167681658,0.4193287461
anti_uav410,4,anti_uav410.load_4,AU-L04-W02,AdaptiveK,30,0,0.3941051121,0.3971218766
anti_uav410,4,anti_uav410.load_4,AU-L04-W02,FixedK-12,30,0,0.3938287663,0.3969857617
anti_uav410,4,anti_uav410.load_4,AU-L04-W02,FixedK-24,30,0,0.3940213278,0.3971218766
anti_uav410,4,anti_uav410.load_4,AU-L04-W02,FixedK-48,30,0,0.3932732124,0.3970334116
anti_uav410,4,anti_uav410.load_4,AU-L04-W02,FixedK-6,30,0,0.3864826151,0.3956987045
anti_uav410,4,anti_uav410.load_4,AU-L04-W03,AdaptiveK,30,0,0.4537967874,0.4541852227
anti_uav410,4,anti_uav410.load_4,AU-L04-W03,FixedK-12,30,0,0.4529506986,0.4532909764
anti_uav410,4,anti_uav410.load_4,AU-L04-W03,FixedK-24,30,0,0.4541321979,0.4541852227
anti_uav410,4,anti_uav410.load_4,AU-L04-W03,FixedK-48,30,0,0.4537499582,0.4541852227
anti_uav410,4,anti_uav410.load_4,AU-L04-W03,FixedK-6,30,0,0.4341910022,0.4392619464
anti_uav410,4,anti_uav410.load_4,AU-L04-W04,AdaptiveK,30,0,0.4164619608,0.4306196044
anti_uav410,4,anti_uav410.load_4,AU-L04-W04,FixedK-12,30,0,0.4164782523,0.4306804937
anti_uav410,4,anti_uav410.load_4,AU-L04-W04,FixedK-24,30,0,0.4164619608,0.4306196044
anti_uav410,4,anti_uav410.load_4,AU-L04-W04,FixedK-48,30,0,0.4163871689,0.4306196044
anti_uav410,4,anti_uav410.load_4,AU-L04-W04,FixedK-6,30,0,0.4259258849,0.4444381404
anti_uav410,4,anti_uav410.load_4,AU-L04-W05,AdaptiveK,30,0,0.3851144176,0.3883112433
anti_uav410,4,anti_uav410.load_4,AU-L04-W05,FixedK-12,30,0,0.3851144176,0.3883112433
anti_uav410,4,anti_uav410.load_4,AU-L04-W05,FixedK-24,30,0,0.3851144176,0.3883112433
anti_uav410,4,anti_uav410.load_4,AU-L04-W05,FixedK-48,30,0,0.3851144176,0.3883112433
anti_uav410,4,anti_uav410.load_4,AU-L04-W05,FixedK-6,30,0,0.3737870606,0.3801610584
anti_uav410,4,anti_uav410.load_4,AU-L04-W06,AdaptiveK,30,0,0.3942187494,0.3952904071
anti_uav410,4,anti_uav410.load_4,AU-L04-W06,FixedK-12,30,0,0.3939186665,0.3948838934
anti_uav410,4,anti_uav410.load_4,AU-L04-W06,FixedK-24,30,0,0.3944780174,0.3952904071
anti_uav410,4,anti_uav410.load_4,AU-L04-W06,FixedK-48,30,0,0.3934614253,0.3953077574
anti_uav410,4,anti_uav410.load_4,AU-L04-W06,FixedK-6,30,0,0.3905857969,0.3944739681
anti_uav410,4,anti_uav410.load_4,AU-L04-W07,AdaptiveK,30,0,0.4839853435,0.4854527443
anti_uav410,4,anti_uav410.load_4,AU-L04-W07,FixedK-12,30,0,0.4839853435,0.4854527443
anti_uav410,4,anti_uav410.load_4,AU-L04-W07,FixedK-24,30,0,0.4839597579,0.4854527443
anti_uav410,4,anti_uav410.load_4,AU-L04-W07,FixedK-48,30,0,0.4840069915,0.4854527443
anti_uav410,4,anti_uav410.load_4,AU-L04-W07,FixedK-6,30,0,0.4675556324,0.4783093429
anti_uav410,4,anti_uav410.load_4,AU-L04-W08,AdaptiveK,30,0,0.4829537155,0.4850225916
anti_uav410,4,anti_uav410.load_4,AU-L04-W08,FixedK-12,30,0,0.4829805388,0.4850494149
anti_uav410,4,anti_uav410.load_4,AU-L04-W08,FixedK-24,30,0,0.4829537155,0.4850225916
anti_uav410,4,anti_uav410.load_4,AU-L04-W08,FixedK-48,30,0,0.4829702459,0.4850225916
anti_uav410,4,anti_uav410.load_4,AU-L04-W08,FixedK-6,30,0,0.4741152525,0.4785270121
anti_uav410,6,anti_uav410.load_6,AU-L06-W01,AdaptiveK,30,0,0.4587353821,0.4662260558
anti_uav410,6,anti_uav410.load_6,AU-L06-W01,FixedK-12,30,0,0.4549461701,0.4631922523
anti_uav410,6,anti_uav410.load_6,AU-L06-W01,FixedK-24,30,0,0.4588676076,0.4660984608
anti_uav410,6,anti_uav410.load_6,AU-L06-W01,FixedK-48,30,0,0.4593316686,0.4660984608
anti_uav410,6,anti_uav410.load_6,AU-L06-W01,FixedK-6,30,0,0.4367505567,0.4535511993
anti_uav410,6,anti_uav410.load_6,AU-L06-W02,AdaptiveK,30,0,0.4607946049,0.464222608
anti_uav410,6,anti_uav410.load_6,AU-L06-W02,FixedK-12,30,0,0.4609550421,0.4641568446
anti_uav410,6,anti_uav410.load_6,AU-L06-W02,FixedK-24,30,0,0.4578681395,0.4642044014
anti_uav410,6,anti_uav410.load_6,AU-L06-W02,FixedK-48,30,0,0.4582339241,0.4642044014
anti_uav410,6,anti_uav410.load_6,AU-L06-W02,FixedK-6,30,0,0.4626040183,0.4728743853
anti_uav410,6,anti_uav410.load_6,AU-L06-W03,AdaptiveK,30,0,0.3978921906,0.4103929985
anti_uav410,6,anti_uav410.load_6,AU-L06-W03,FixedK-12,30,0,0.3853878651,0.4054953119
anti_uav410,6,anti_uav410.load_6,AU-L06-W03,FixedK-24,30,0,0.3980602089,0.41049349
anti_uav410,6,anti_uav410.load_6,AU-L06-W03,FixedK-48,30,0,0.3994502538,0.4104210512
anti_uav410,6,anti_uav410.load_6,AU-L06-W03,FixedK-6,30,0,0.3503818595,0.3773484408
anti_uav410,6,anti_uav410.load_6,AU-L06-W04,AdaptiveK,30,0,0.5003196498,0.5098685584
anti_uav410,6,anti_uav410.load_6,AU-L06-W04,FixedK-12,30,0,0.4957089829,0.5059217023
anti_uav410,6,anti_uav410.load_6,AU-L06-W04,FixedK-24,30,0,0.500367625,0.5096598615
anti_uav410,6,anti_uav410.load_6,AU-L06-W04,FixedK-48,30,0,0.5020793279,0.5099218676
anti_uav410,6,anti_uav410.load_6,AU-L06-W04,FixedK-6,30,0,0.4435768195,0.4671398896
anti_uav410,6,anti_uav410.load_6,AU-L06-W05,AdaptiveK,30,0,0.4600169422,0.4751321944
anti_uav410,6,anti_uav410.load_6,AU-L06-W05,FixedK-12,30,0,0.4471585924,0.4688050173
anti_uav410,6,anti_uav410.load_6,AU-L06-W05,FixedK-24,30,0,0.4601882458,0.4751387416
anti_uav410,6,anti_uav410.load_6,AU-L06-W05,FixedK-48,30,0,0.4647906506,0.4752761243
anti_uav410,6,anti_uav410.load_6,AU-L06-W05,FixedK-6,30,0,0.414322434,0.4455566962
anti_uav410,6,anti_uav410.load_6,AU-L06-W06,AdaptiveK,30,0,0.4302536626,0.4360935046
anti_uav410,6,anti_uav410.load_6,AU-L06-W06,FixedK-12,30,0,0.4231915348,0.4328833401
anti_uav410,6,anti_uav410.load_6,AU-L06-W06,FixedK-24,30,0,0.4302771779,0.4360935046
anti_uav410,6,anti_uav410.load_6,AU-L06-W06,FixedK-48,30,0,0.4304765864,0.4360935046
anti_uav410,6,anti_uav410.load_6,AU-L06-W06,FixedK-6,30,0,0.4145055573,0.4355913474
anti_uav410,8,anti_uav410.load_8,AU-L08-W01,AdaptiveK,30,0,0.40981975,0.4183735454
anti_uav410,8,anti_uav410.load_8,AU-L08-W01,FixedK-12,30,0,0.3928299846,0.4094622882
anti_uav410,8,anti_uav410.load_8,AU-L08-W01,FixedK-24,30,0,0.4098046034,0.4184418418
anti_uav410,8,anti_uav410.load_8,AU-L08-W01,FixedK-48,30,0,0.4099786881,0.4183817456
anti_uav410,8,anti_uav410.load_8,AU-L08-W01,FixedK-6,30,0,0.3454568325,0.3831342177
anti_uav410,8,anti_uav410.load_8,AU-L08-W02,AdaptiveK,30,0,0.438262766,0.4391621651
anti_uav410,8,anti_uav410.load_8,AU-L08-W02,FixedK-12,30,0,0.4196570948,0.4273332184
anti_uav410,8,anti_uav410.load_8,AU-L08-W02,FixedK-24,30,0,0.438262766,0.4391621651
anti_uav410,8,anti_uav410.load_8,AU-L08-W02,FixedK-48,30,0,0.4378914492,0.4391792681
anti_uav410,8,anti_uav410.load_8,AU-L08-W02,FixedK-6,30,0,0.3182654522,0.3321062047
anti_uav410,8,anti_uav410.load_8,AU-L08-W03,AdaptiveK,30,0,0.4409249833,0.4466531294
anti_uav410,8,anti_uav410.load_8,AU-L08-W03,FixedK-12,30,0,0.4237890377,0.4406893782
anti_uav410,8,anti_uav410.load_8,AU-L08-W03,FixedK-24,30,0,0.4396939564,0.4466408985
anti_uav410,8,anti_uav410.load_8,AU-L08-W03,FixedK-48,30,0,0.4417062833,0.4466593094
anti_uav410,8,anti_uav410.load_8,AU-L08-W03,FixedK-6,30,0,0.3998389161,0.4348975716
anti_uav410,8,anti_uav410.load_8,AU-L08-W04,AdaptiveK,30,0,0.4211326505,0.4265881509
anti_uav410,8,anti_uav410.load_8,AU-L08-W04,FixedK-12,30,0,0.409885165,0.4200442896
anti_uav410,8,anti_uav410.load_8,AU-L08-W04,FixedK-24,30,0,0.4212568015,0.4266250631
anti_uav410,8,anti_uav410.load_8,AU-L08-W04,FixedK-48,30,0,0.4222310937,0.4263269051
anti_uav410,8,anti_uav410.load_8,AU-L08-W04,FixedK-6,30,0,0.3815130317,0.4029239527
uzh_fpv,1,uzh_fpv.load_1,indoor_45_12,AdaptiveK,30,0,0.4097371128,0.4097371128
uzh_fpv,1,uzh_fpv.load_1,indoor_45_12,FixedK-12,30,0,0.4097371128,0.4097371128
uzh_fpv,1,uzh_fpv.load_1,indoor_45_12,FixedK-24,30,0,0.4097371128,0.4097371128
uzh_fpv,1,uzh_fpv.load_1,indoor_45_12,FixedK-48,30,0,0.4097371128,0.4097371128
uzh_fpv,1,uzh_fpv.load_1,indoor_45_12,FixedK-6,30,0,0.4097371128,0.4097371128
uzh_fpv,1,uzh_fpv.load_1,indoor_45_13,AdaptiveK,30,0,0.4029470619,0.4029470619
uzh_fpv,1,uzh_fpv.load_1,indoor_45_13,FixedK-12,30,0,0.4029470619,0.4029470619
uzh_fpv,1,uzh_fpv.load_1,indoor_45_13,FixedK-24,30,0,0.4029470619,0.4029470619
uzh_fpv,1,uzh_fpv.load_1,indoor_45_13,FixedK-48,30,0,0.4029470619,0.4029470619
uzh_fpv,1,uzh_fpv.load_1,indoor_45_13,FixedK-6,30,0,0.4029470619,0.4029470619
uzh_fpv,1,uzh_fpv.load_1,indoor_45_14,AdaptiveK,30,0,0.395919871,0.395919871
uzh_fpv,1,uzh_fpv.load_1,indoor_45_14,FixedK-12,30,0,0.395919871,0.395919871
uzh_fpv,1,uzh_fpv.load_1,indoor_45_14,FixedK-24,30,0,0.395919871,0.395919871
uzh_fpv,1,uzh_fpv.load_1,indoor_45_14,FixedK-48,30,0,0.395919871,0.395919871
uzh_fpv,1,uzh_fpv.load_1,indoor_45_14,FixedK-6,30,0,0.395919871,0.395919871
uzh_fpv,1,uzh_fpv.load_1,indoor_45_2,AdaptiveK,30,0,0.4089091808,0.4089091808
uzh_fpv,1,uzh_fpv.load_1,indoor_45_2,FixedK-12,30,0,0.4089091808,0.4089091808
uzh_fpv,1,uzh_fpv.load_1,indoor_45_2,FixedK-24,30,0,0.4089091808,0.4089091808
uzh_fpv,1,uzh_fpv.load_1,indoor_45_2,FixedK-48,30,0,0.4089091808,0.4089091808
uzh_fpv,1,uzh_fpv.load_1,indoor_45_2,FixedK-6,30,0,0.4089091808,0.4089091808
uzh_fpv,1,uzh_fpv.load_1,indoor_45_4,AdaptiveK,30,0,0.4048234988,0.4048234988
uzh_fpv,1,uzh_fpv.load_1,indoor_45_4,FixedK-12,30,0,0.4048234988,0.4048234988
uzh_fpv,1,uzh_fpv.load_1,indoor_45_4,FixedK-24,30,0,0.4048234988,0.4048234988
uzh_fpv,1,uzh_fpv.load_1,indoor_45_4,FixedK-48,30,0,0.4048234988,0.4048234988
uzh_fpv,1,uzh_fpv.load_1,indoor_45_4,FixedK-6,30,0,0.4048234988,0.4048234988
uzh_fpv,1,uzh_fpv.load_1,indoor_45_9,AdaptiveK,30,0,0.3958770836,0.3958770836
uzh_fpv,1,uzh_fpv.load_1,indoor_45_9,FixedK-12,30,0,0.3958770836,0.3958770836
uzh_fpv,1,uzh_fpv.load_1,indoor_45_9,FixedK-24,30,0,0.3958770836,0.3958770836
uzh_fpv,1,uzh_fpv.load_1,indoor_45_9,FixedK-48,30,0,0.3958770836,0.3958770836
uzh_fpv,1,uzh_fpv.load_1,indoor_45_9,FixedK-6,30,0,0.3958770836,0.3958770836
uzh_fpv,1,uzh_fpv.load_1,indoor_forward_10,AdaptiveK,30,0,0.3882341372,0.3882341372
uzh_fpv,1,uzh_fpv.load_1,indoor_forward_10,FixedK-12,30,0,0.3882341372,0.3882341372
uzh_fpv,1,uzh_fpv.load_1,indoor_forward_10,FixedK-24,30,0,0.3882341372,0.3882341372
uzh_fpv,1,uzh_fpv.load_1,indoor_forward_10,FixedK-48,30,0,0.3882341372,0.3882341372
uzh_fpv,1,uzh_fpv.load_1,indoor_forward_10,FixedK-6,30,0,0.3882341372,0.3882341372
uzh_fpv,1,uzh_fpv.load_1,indoor_forward_3,AdaptiveK,30,0,0.3870920449,0.3870920449
uzh_fpv,1,uzh_fpv.load_1,indoor_forward_3,FixedK-12,30,0,0.3870920449,0.3870920449
uzh_fpv,1,uzh_fpv.load_1,indoor_forward_3,FixedK-24,30,0,0.3870920449,0.3870920449
uzh_fpv,1,uzh_fpv.load_1,indoor_forward_3,FixedK-48,30,0,0.3870920449,0.3870920449
uzh_fpv,1,uzh_fpv.load_1,indoor_forward_3,FixedK-6,30,0,0.3870920449,0.3870920449
uzh_fpv,1,uzh_fpv.load_1,indoor_forward_5,AdaptiveK,30,0,0.3875909733,0.3875909733
uzh_fpv,1,uzh_fpv.load_1,indoor_forward_5,FixedK-12,30,0,0.3875909733,0.3875909733
uzh_fpv,1,uzh_fpv.load_1,indoor_forward_5,FixedK-24,30,0,0.3875909733,0.3875909733
uzh_fpv,1,uzh_fpv.load_1,indoor_forward_5,FixedK-48,30,0,0.3875909733,0.3875909733
uzh_fpv,1,uzh_fpv.load_1,indoor_forward_5,FixedK-6,30,0,0.3875909733,0.3875909733
uzh_fpv,1,uzh_fpv.load_1,indoor_forward_6,AdaptiveK,30,0,0.3971586242,0.3971586242
uzh_fpv,1,uzh_fpv.load_1,indoor_forward_6,FixedK-12,30,0,0.3971586242,0.3971586242
uzh_fpv,1,uzh_fpv.load_1,indoor_forward_6,FixedK-24,30,0,0.3971586242,0.3971586242
uzh_fpv,1,uzh_fpv.load_1,indoor_forward_6,FixedK-48,30,0,0.3971586242,0.3971586242
uzh_fpv,1,uzh_fpv.load_1,indoor_forward_6,FixedK-6,30,0,0.3971586242,0.3971586242
uzh_fpv,1,uzh_fpv.load_1,indoor_forward_7,AdaptiveK,30,0,0.385118651,0.385118651
uzh_fpv,1,uzh_fpv.load_1,indoor_forward_7,FixedK-12,30,0,0.385118651,0.385118651
uzh_fpv,1,uzh_fpv.load_1,indoor_forward_7,FixedK-24,30,0,0.385118651,0.385118651
uzh_fpv,1,uzh_fpv.load_1,indoor_forward_7,FixedK-48,30,0,0.385118651,0.385118651
uzh_fpv,1,uzh_fpv.load_1,indoor_forward_7,FixedK-6,30,0,0.385118651,0.385118651
uzh_fpv,1,uzh_fpv.load_1,indoor_forward_9,AdaptiveK,30,0,0.384839566,0.384839566
uzh_fpv,1,uzh_fpv.load_1,indoor_forward_9,FixedK-12,30,0,0.384839566,0.384839566
uzh_fpv,1,uzh_fpv.load_1,indoor_forward_9,FixedK-24,30,0,0.384839566,0.384839566
uzh_fpv,1,uzh_fpv.load_1,indoor_forward_9,FixedK-48,30,0,0.384839566,0.384839566
uzh_fpv,1,uzh_fpv.load_1,indoor_forward_9,FixedK-6,30,0,0.384839566,0.384839566
uzh_fpv,1,uzh_fpv.load_1,outdoor_45_1,AdaptiveK,30,0,0.4326389913,0.4326389913
uzh_fpv,1,uzh_fpv.load_1,outdoor_45_1,FixedK-12,30,0,0.4326389913,0.4326389913
uzh_fpv,1,uzh_fpv.load_1,outdoor_45_1,FixedK-24,30,0,0.4326389913,0.4326389913
uzh_fpv,1,uzh_fpv.load_1,outdoor_45_1,FixedK-48,30,0,0.4326389913,0.4326389913
uzh_fpv,1,uzh_fpv.load_1,outdoor_45_1,FixedK-6,30,0,0.4326389913,0.4326389913
uzh_fpv,1,uzh_fpv.load_1,outdoor_forward_1,AdaptiveK,30,0,0.4235672813,0.4235672813
uzh_fpv,1,uzh_fpv.load_1,outdoor_forward_1,FixedK-12,30,0,0.4235672813,0.4235672813
uzh_fpv,1,uzh_fpv.load_1,outdoor_forward_1,FixedK-24,30,0,0.4235672813,0.4235672813
uzh_fpv,1,uzh_fpv.load_1,outdoor_forward_1,FixedK-48,30,0,0.4235672813,0.4235672813
uzh_fpv,1,uzh_fpv.load_1,outdoor_forward_1,FixedK-6,30,0,0.4235672813,0.4235672813
uzh_fpv,1,uzh_fpv.load_1,outdoor_forward_3,AdaptiveK,30,0,0.3929547361,0.3929547361
uzh_fpv,1,uzh_fpv.load_1,outdoor_forward_3,FixedK-12,30,0,0.3929547361,0.3929547361
uzh_fpv,1,uzh_fpv.load_1,outdoor_forward_3,FixedK-24,30,0,0.3929547361,0.3929547361
uzh_fpv,1,uzh_fpv.load_1,outdoor_forward_3,FixedK-48,30,0,0.3929547361,0.3929547361
uzh_fpv,1,uzh_fpv.load_1,outdoor_forward_3,FixedK-6,30,0,0.3929547361,0.3929547361
uzh_fpv,1,uzh_fpv.load_1,outdoor_forward_5,AdaptiveK,30,0,0.4083427697,0.4083427697
uzh_fpv,1,uzh_fpv.load_1,outdoor_forward_5,FixedK-12,30,0,0.4083427697,0.4083427697
uzh_fpv,1,uzh_fpv.load_1,outdoor_forward_5,FixedK-24,30,0,0.4083427697,0.4083427697
uzh_fpv,1,uzh_fpv.load_1,outdoor_forward_5,FixedK-48,30,0,0.4083427697,0.4083427697
uzh_fpv,1,uzh_fpv.load_1,outdoor_forward_5,FixedK-6,30,0,0.4083427697,0.4083427697
