family_id,section,dataset,task_load,endpoint,number_of_comparisons,members,correction
computational.anti_uav410.load_2.candidate_after_diversity,computational,anti_uav410,2,candidate_after_diversity,5,FixedK-6 vs Full;FixedK-12 vs Full;FixedK-24 vs Full;FixedK-48 vs Full;AdaptiveK vs Full,Holm step-down within the registered family
computational.anti_uav410.load_2.candidate_retention_ratio,computational,anti_uav410,2,candidate_retention_ratio,5,FixedK-6 vs Full;FixedK-12 vs Full;FixedK-24 vs Full;FixedK-48 vs Full;AdaptiveK vs Full,Holm step-down within the registered family
computational.anti_uav410.load_2.fallback,computational,anti_uav410,2,fallback,5,FixedK-6 vs Full;FixedK-12 vs Full;FixedK-24 vs Full;FixedK-48 vs Full;AdaptiveK vs Full,Holm step-down within the registered family
computational.anti_uav410.load_2.fallback_optimality_gap_bound,computational,anti_uav410,2,fallback_optimality_gap_bound,5,FixedK-6 vs Full;FixedK-12 vs Full;FixedK-24 vs Full;FixedK-48 vs Full;AdaptiveK vs Full,Holm step-down within the registered family
computational.anti_uav410.load_2.node_limit_run_indicator,computational,anti_uav410,2,node_limit_run_indicator,5,FixedK-6 vs Full;FixedK-12 vs Full;FixedK-24 vs Full;FixedK-48 vs Full;AdaptiveK vs Full,Holm step-down within the registered family
computational.anti_uav410.load_2.node_ratio_to_full,computational,anti_uav410,2,node_ratio_to_full,5,FixedK-6 vs Full;FixedK-12 vs Full;FixedK-24 vs Full;FixedK-48 vs Full;AdaptiveK vs Full,Holm step-down within the registered family
computational.anti_uav410.load_2.nodes,computational,anti_uav410,2,nodes,5,FixedK-6 vs Full;FixedK-12 vs Full;FixedK-24 vs Full;FixedK-48 vs Full;AdaptiveK vs Full,Holm step-down within the registered family
computational.anti_uav410.load_4.candidate_after_diversity,computational,anti_uav410,4,candidate_after_diversity,5,FixedK-6 vs Full;FixedK-12 vs Full;FixedK-24 vs Full;FixedK-48 vs Full;AdaptiveK vs Full,Holm step-down within the registered family
computational.anti_uav410.load_4.candidate_retention_ratio,computational,anti_uav410,4,candidate_retention_ratio,5,FixedK-6 vs Full;FixedK-12 vs Full;FixedK-24 vs Full;FixedK-48 vs Full;AdaptiveK vs Full,Holm step-down within the registered family
computational.anti_uav410.load_4.fallback,computational,anti_uav410,4,fallback,5,FixedK-6 vs Full;FixedK-12 vs Full;FixedK-24 vs Full;FixedK-48 vs Full;AdaptiveK vs Full,Holm step-down within the registered family
computational.anti_uav410.load_4.fallback_optimality_gap_bound,computational,anti_uav410,4,fallback_optimality_gap_bound,5,FixedK-6 vs Full;FixedK-12 vs Full;FixedK-24 vs Full;FixedK-48 vs Full;AdaptiveK vs Full,Holm step-down within the registered family
computational.anti_uav410.load_4.node_limit_run_indicator,computational,anti_uav410,4,node_limit_run_indicator,5,FixedK-6 vs Full;FixedK-12 vs Full;FixedK-24 vs Full;FixedK-48 vs Full;AdaptiveK vs Full,Holm step-down within the registered family
computational.anti_uav410.load_4.node_ratio_to_full,computational,anti_uav410,4,node_ratio_to_full,5,FixedK-6 vs Full;FixedK-12 vs Full;FixedK-24 vs Full;FixedK-48 vs Full;AdaptiveK vs Full,Holm step-down within the registered family
computational.anti_uav410.load_4.nodes,computational,anti_uav410,4,nodes,5,FixedK-6 vs Full;FixedK-12 vs Full;FixedK-24 vs Full;FixedK-48 vs Full;AdaptiveK vs Full,Holm step-down within the registered family
computational.anti_uav410.load_6.candidate_after_diversity,computational,anti_uav410,6,candidate_after_diversity,5,FixedK-6 vs Full;FixedK-12 vs Full;FixedK-24 vs Full;FixedK-48 vs Full;AdaptiveK vs Full,Holm step-down within the registered family
computational.anti_uav410.load_6.candidate_retention_ratio,computational,anti_uav410,6,candidate_retention_ratio,5,FixedK-6 vs Full;FixedK-12 vs Full;FixedK-24 vs Full;FixedK-48 vs Full;AdaptiveK vs Full,Holm step-down within the registered family
computational.anti_uav410.load_6.fallback,computational,anti_uav410,6,fallback,5,FixedK-6 vs Full;FixedK-12 vs Full;FixedK-24 vs Full;FixedK-48 vs Full;AdaptiveK vs Full,Holm step-down within the registered family
computational.anti_uav410.load_6.fallback_optimality_gap_bound,computational,anti_uav410,6,fallback_optimality_gap_bound,5,FixedK-6 vs Full;FixedK-12 vs Full;FixedK-24 vs Full;FixedK-48 vs Full;AdaptiveK vs Full,Holm step-down within the registered family
computational.anti_uav410.load_6.node_limit_run_indicator,computational,anti_uav410,6,node_limit_run_indicator,5,FixedK-6 vs Full;FixedK-12 vs Full;FixedK-24 vs Full;FixedK-48 vs Full;AdaptiveK vs Full,Holm step-down within the registered family
computational.anti_uav410.load_6.node_ratio_to_full,computational,anti_uav410,6,node_ratio_to_full,5,FixedK-6 vs Full;FixedK-12 vs Full;FixedK-24 vs Full;FixedK-48 vs Full;AdaptiveK vs Full,Holm step-down within the registered family
computational.anti_uav410.load_6.nodes,computational,anti_uav410,6,nodes,5,FixedK-6 vs Full;FixedK-12 vs Full;FixedK-24 vs Full;FixedK-48 vs Full;AdaptiveK vs Full,Holm step-down within the registered family
computational.anti_uav410.load_8.candidate_after_diversity,computational,anti_uav410,8,candidate_after_diversity,5,FixedK-6 vs Full;FixedK-12 vs Full;FixedK-24 vs Full;FixedK-48 vs Full;AdaptiveK vs Full,Holm step-down within the registered family
computational.anti_uav410.load_8.candidate_retention_ratio,computational,anti_uav410,8,candidate_retention_ratio,5,FixedK-6 vs Full;FixedK-12 vs Full;FixedK-24 vs Full;FixedK-48 vs Full;AdaptiveK vs Full,Holm step-down within the registered family
computational.anti_uav410.load_8.fallback,computational,anti_uav410,8,fallback,5,FixedK-6 vs Full;FixedK-12 vs Full;FixedK-24 vs Full;FixedK-48 vs Full;AdaptiveK vs Full,Holm step-down within the registered family
computational.anti_uav410.load_8.fallback_optimality_gap_bound,computational,anti_uav410,8,fallback_optimality_gap_bound,5,FixedK-6 vs Full;FixedK-12 vs Full;FixedK-24 vs Full;FixedK-48 vs Full;AdaptiveK vs Full,Holm step-down within the registered family
computational.anti_uav410.load_8.node_limit_run_indicator,computational,anti_uav410,8,node_limit_run_indicator,5,FixedK-6 vs Full;FixedK-12 vs Full;FixedK-24 vs Full;FixedK-48 vs Full;AdaptiveK vs Full,Holm step-down within the registered family
computational.anti_uav410.load_8.node_ratio_to_full,computational,anti_uav410,8,node_ratio_to_full,5,FixedK-6 vs Full;FixedK-12 vs Full;FixedK-24 vs Full;FixedK-48 vs Full;AdaptiveK vs Full,Holm step-down within the registered family
computational.anti_uav410.load_8.nodes,computational,anti_uav410,8,nodes,5,FixedK-6 vs Full;FixedK-12 vs Full;FixedK-24 vs Full;FixedK-48 vs Full;AdaptiveK vs Full,Holm step-down within the registered family
computational.uzh_fpv.load_1.candidate_after_diversity,computational,uzh_fpv,1,candidate_after_diversity,5,FixedK-6 vs Full;FixedK-12 vs Full;FixedK-24 vs Full;FixedK-48 vs Full;AdaptiveK vs Full,Holm step-down within the registered family
computational.uzh_fpv.load_1.candidate_retention_ratio,computational,uzh_fpv,1,candidate_retention_ratio,5,FixedK-6 vs Full;FixedK-12 vs Full;FixedK-24 vs Full;FixedK-48 vs Full;AdaptiveK vs Full,Holm step-down within the registered family
computational.uzh_fpv.load_1.fallback,computational,uzh_fpv,1,fallback,5,FixedK-6 vs Full;FixedK-12 vs Full;FixedK-24 vs Full;FixedK-48 vs Full;AdaptiveK vs Full,Holm step-down within the registered family
computational.uzh_fpv.load_1.fallback_optimality_gap_bound,computational,uzh_fpv,1,fallback_optimality_gap_bound,5,FixedK-6 vs Full;FixedK-12 vs Full;FixedK-24 vs Full;FixedK-48 vs Full;AdaptiveK vs Full,Holm step-down within the registered family
computational.uzh_fpv.load_1.node_limit_run_indicator,computational,uzh_fpv,1,node_limit_run_indicator,5,FixedK-6 vs Full;FixedK-12 vs Full;FixedK-24 vs Full;FixedK-48 vs Full;AdaptiveK vs Full,Holm step-down within the registered family
computational.uzh_fpv.load_1.node_ratio_to_full,computational,uzh_fpv,1,node_ratio_to_full,5,FixedK-6 vs Full;FixedK-12 vs Full;FixedK-24 vs Full;FixedK-48 vs Full;AdaptiveK vs Full,Holm step-down within the registered family
computational.uzh_fpv.load_1.nodes,computational,uzh_fpv,1,nodes,5,FixedK-6 vs Full;FixedK-12 vs Full;FixedK-24 vs Full;FixedK-48 vs Full;AdaptiveK vs Full,Holm step-down within the registered family
quality.anti_uav410.load_2.common_task_response_time,quality,anti_uav410,2,common_task_response_time,5,FixedK-6 vs Full;FixedK-12 vs Full;FixedK-24 vs Full;FixedK-48 vs Full;AdaptiveK vs Full,Holm step-down within the registered family
quality.anti_uav410.load_2.external_objective,quality,anti_uav410,2,external_objective,5,FixedK-6 vs Full;FixedK-12 vs Full;FixedK-24 vs Full;FixedK-48 vs Full;AdaptiveK vs Full,Holm step-down within the registered family
quality.anti_uav410.load_2.independent_coverage,quality,anti_uav410,2,independent_coverage,5,FixedK-6 vs Full;FixedK-12 vs Full;FixedK-24 vs Full;FixedK-48 vs Full;AdaptiveK vs Full,Holm step-down within the registered family
quality.anti_uav410.load_2.independent_service_score,quality,anti_uav410,2,independent_service_score,5,FixedK-6 vs Full;FixedK-12 vs Full;FixedK-24 vs Full;FixedK-48 vs Full;AdaptiveK vs Full,Holm step-down within the registered family
quality.anti_uav410.load_4.common_task_response_time,quality,anti_uav410,4,common_task_response_time,5,FixedK-6 vs Full;FixedK-12 vs Full;FixedK-24 vs Full;FixedK-48 vs Full;AdaptiveK vs Full,Holm step-down within the registered family
quality.anti_uav410.load_4.external_objective,quality,anti_uav410,4,external_objective,5,FixedK-6 vs Full;FixedK-12 vs Full;FixedK-24 vs Full;FixedK-48 vs Full;AdaptiveK vs Full,Holm step-down within the registered family
quality.anti_uav410.load_4.independent_coverage,quality,anti_uav410,4,independent_coverage,5,FixedK-6 vs Full;FixedK-12 vs Full;FixedK-24 vs Full;FixedK-48 vs Full;AdaptiveK vs Full,Holm step-down within the registered family
quality.anti_uav410.load_4.independent_service_score,quality,anti_uav410,4,independent_service_score,5,FixedK-6 vs Full;FixedK-12 vs Full;FixedK-24 vs Full;FixedK-48 vs Full;AdaptiveK vs Full,Holm step-down within the registered family
quality.anti_uav410.load_6.common_task_response_time,quality,anti_uav410,6,common_task_response_time,5,FixedK-6 vs Full;FixedK-12 vs Full;FixedK-24 vs Full;FixedK-48 vs Full;AdaptiveK vs Full,Holm step-down within the registered family
quality.anti_uav410.load_6.external_objective,quality,anti_uav410,6,external_objective,5,FixedK-6 vs Full;FixedK-12 vs Full;FixedK-24 vs Full;FixedK-48 vs Full;AdaptiveK vs Full,Holm step-down within the registered family
quality.anti_uav410.load_6.independent_coverage,quality,anti_uav410,6,independent_coverage,5,FixedK-6 vs Full;FixedK-12 vs Full;FixedK-24 vs Full;FixedK-48 vs Full;AdaptiveK vs Full,Holm step-down within the registered family
quality.anti_uav410.load_6.independent_service_score,quality,anti_uav410,6,independent_service_score,5,FixedK-6 vs Full;FixedK-12 vs Full;FixedK-24 vs Full;FixedK-48 vs Full;AdaptiveK vs Full,Holm step-down within the registered family
quality.anti_uav410.load_8.common_task_response_time,quality,anti_uav410,8,common_task_response_time,5,FixedK-6 vs Full;FixedK-12 vs Full;FixedK-24 vs Full;FixedK-48 vs Full;AdaptiveK vs Full,Holm step-down within the registered family
quality.anti_uav410.load_8.external_objective,quality,anti_uav410,8,external_objective,5,FixedK-6 vs Full;FixedK-12 vs Full;FixedK-24 vs Full;FixedK-48 vs Full;AdaptiveK vs Full,Holm step-down within the registered family
quality.anti_uav410.load_8.independent_coverage,quality,anti_uav410,8,independent_coverage,5,FixedK-6 vs Full;FixedK-12 vs Full;FixedK-24 vs Full;FixedK-48 vs Full;AdaptiveK vs Full,Holm step-down within the registered family
quality.anti_uav410.load_8.independent_service_score,quality,anti_uav410,8,independent_service_score,5,FixedK-6 vs Full;FixedK-12 vs Full;FixedK-24 vs Full;FixedK-48 vs Full;AdaptiveK vs Full,Holm step-down within the registered family
quality.uzh_fpv.load_1.common_task_response_time,quality,uzh_fpv,1,common_task_response_time,5,FixedK-6 vs Full;FixedK-12 vs Full;FixedK-24 vs Full;FixedK-48 vs Full;AdaptiveK vs Full,Holm step-down within the registered family
quality.uzh_fpv.load_1.external_objective,quality,uzh_fpv,1,external_objective,5,FixedK-6 vs Full;FixedK-12 vs Full;FixedK-24 vs Full;FixedK-48 vs Full;AdaptiveK vs Full,Holm step-down within the registered family
quality.uzh_fpv.load_1.independent_coverage,quality,uzh_fpv,1,independent_coverage,5,FixedK-6 vs Full;FixedK-12 vs Full;FixedK-24 vs Full;FixedK-48 vs Full;AdaptiveK vs Full,Holm step-down within the registered family
quality.uzh_fpv.load_1.independent_service_score,quality,uzh_fpv,1,independent_service_score,5,FixedK-6 vs Full;FixedK-12 vs Full;FixedK-24 vs Full;FixedK-48 vs Full;AdaptiveK vs Full,Holm step-down within the registered family
