study,stratum,algorithm,metric,seeds,mean,wilson_95_low,wilson_95_high
complementarity_sweep,scale-0.00,CA-HMCD,feasibility_rate,30,1.0,0.8864866068260314,1.0
complementarity_sweep,scale-0.00,CA-HMCD,raw_feasible,30,1.0,0.8864866068260314,1.0
complementarity_sweep,scale-0.00,CA-HMCD,repair_applied,30,0.0,0.0,0.11351339317396873
complementarity_sweep,scale-0.00,CA-HMCD,independent_coverage,30,0.20659722222222224,0.09948955091070019,0.38031518327819125
complementarity_sweep,scale-0.00,CA-HMCD,same_type_pair_ratio,30,0.014332010582010581,0.0013233262237915683,0.13760033780985986
complementarity_sweep,scale-0.00,CA-HMCD,capability_overlap,30,0.670511066426513,0.49161680202259794,0.8106947513828573
complementarity_sweep,scale-0.00,CA-HMCD,marginal_gain_waste,30,0.11906276456458359,0.04493352844862358,0.27967495704171386
complementarity_sweep,scale-0.00,No-Synergy,feasibility_rate,30,1.0,0.8864866068260314,1.0
complementarity_sweep,scale-0.00,No-Synergy,raw_feasible,30,1.0,0.8864866068260314,1.0
complementarity_sweep,scale-0.00,No-Synergy,repair_applied,30,0.0,0.0,0.11351339317396873
complementarity_sweep,scale-0.00,No-Synergy,independent_coverage,30,0.20659722222222224,0.09948955091070019,0.38031518327819125
complementarity_sweep,scale-0.00,No-Synergy,same_type_pair_ratio,30,0.014887566137566137,0.0014187355193879259,0.13848991363295904
complementarity_sweep,scale-0.00,No-Synergy,capability_overlap,30,0.6705569544965234,0.49166241712357656,0.8107304946008331
complementarity_sweep,scale-0.00,No-Synergy,marginal_gain_waste,30,0.11920985673297416,0.04501590283808947,0.2798533731267424
complementarity_sweep,scale-0.50,CA-HMCD,feasibility_rate,30,1.0,0.8864866068260314,1.0
complementarity_sweep,scale-0.50,CA-HMCD,raw_feasible,30,1.0,0.8864866068260314,1.0
complementarity_sweep,scale-0.50,CA-HMCD,repair_applied,30,0.0,0.0,0.11351339317396873
complementarity_sweep,scale-0.50,CA-HMCD,independent_coverage,30,0.20902777777777776,0.1011361695449933,0.3829778745381913
complementarity_sweep,scale-0.50,CA-HMCD,same_type_pair_ratio,30,0.00412037037037037,0.00012469786075126887,0.12069400161020975
complementarity_sweep,scale-0.50,CA-HMCD,capability_overlap,30,0.6790757719853516,0.5001563663629528,0.8173401805811401
complementarity_sweep,scale-0.50,CA-HMCD,marginal_gain_waste,30,0.12605785840180894,0.04889239722754983,0.28811820226317075
complementarity_sweep,scale-0.50,No-Synergy,feasibility_rate,30,1.0,0.8864866068260314,1.0
complementarity_sweep,scale-0.50,No-Synergy,raw_feasible,30,1.0,0.8864866068260314,1.0
complementarity_sweep,scale-0.50,No-Synergy,repair_applied,30,0.0,0.0,0.11351339317396873
complementarity_sweep,scale-0.50,No-Synergy,independent_coverage,30,0.2076388888888889,0.1001945022671589,0.3814570790192867
complementarity_sweep,scale-0.50,No-Synergy,same_type_pair_ratio,30,0.009748677248677248,0.0006473194636773122,0.13015021734073545
complementarity_sweep,scale-0.50,No-Synergy,capability_overlap,30,0.6701646379330816,0.49127248206724494,0.8104248628989104
complementarity_sweep,scale-0.50,No-Synergy,marginal_gain_waste,30,0.11836870859183782,0.044545360338378776,0.2788325825035052
complementarity_sweep,scale-1.00,CA-HMCD,feasibility_rate,30,1.0,0.8864866068260314,1.0
complementarity_sweep,scale-1.00,CA-HMCD,raw_feasible,30,1.0,0.8864866068260314,1.0
complementarity_sweep,scale-1.00,CA-HMCD,repair_applied,30,0.0,0.0,0.11351339317396873
complementarity_sweep,scale-1.00,CA-HMCD,independent_coverage,30,0.20868055555555556,0.10090056771283096,0.3825978606711689
complementarity_sweep,scale-1.00,CA-HMCD,same_type_pair_ratio,30,0.0019444444444444444,2.8663500008588305e-05,0.1169321775893947
complementarity_sweep,scale-1.00,CA-HMCD,capability_overlap,30,0.6899908369403284,0.5111156417005455,0.8257330230339935
complementarity_sweep,scale-1.00,CA-HMCD,marginal_gain_waste,30,0.13172041520477704,0.052157154133925826,0.29489300688924047
complementarity_sweep,scale-1.00,No-Synergy,feasibility_rate,30,1.0,0.8864866068260314,1.0
complementarity_sweep,scale-1.00,No-Synergy,raw_feasible,30,1.0,0.8864866068260314,1.0
complementarity_sweep,scale-1.00,No-Synergy,repair_applied,30,0.0,0.0,0.11351339317396873
complementarity_sweep,scale-1.00,No-Synergy,independent_coverage,30,0.2076388888888889,0.1001945022671589,0.3814570790192867
complementarity_sweep,scale-1.00,No-Synergy,same_type_pair_ratio,30,0.0062037037037037035,0.0002746126804122548,0.12423778098565721
complementarity_sweep,scale-1.00,No-Synergy,capability_overlap,30,0.6699769397402272,0.4910859615308446,0.810278599567129
complementarity_sweep,scale-1.00,No-Synergy,marginal_gain_waste,30,0.11739117051939542,0.04400010035220017,0.27764469367191835
complementarity_sweep,scale-1.50,CA-HMCD,feasibility_rate,30,1.0,0.8864866068260314,1.0
complementarity_sweep,scale-1.50,CA-HMCD,raw_feasible,30,1.0,0.8864866068260314,1.0
complementarity_sweep,scale-1.50,CA-HMCD,repair_applied,30,0.0,0.0,0.11351339317396873
complementarity_sweep,scale-1.50,CA-HMCD,independent_coverage,30,0.20902777777777776,0.1011361695449933,0.3829778745381913
complementarity_sweep,scale-1.50,CA-HMCD,same_type_pair_ratio,30,0.0014814814814814814,1.6755037116518434e-05,0.11612326512004045
complementarity_sweep,scale-1.50,CA-HMCD,capability_overlap,30,0.694931339715842,0.5161047596821086,0.8295032841353897
complementarity_sweep,scale-1.50,CA-HMCD,marginal_gain_waste,30,0.1377114926356887,0.055667053352847204,0.3020051274762408
complementarity_sweep,scale-1.50,No-Synergy,feasibility_rate,30,1.0,0.8864866068260314,1.0
complementarity_sweep,scale-1.50,No-Synergy,raw_feasible,30,1.0,0.8864866068260314,1.0
complementarity_sweep,scale-1.50,No-Synergy,repair_applied,30,0.0,0.0,0.11351339317396873
complementarity_sweep,scale-1.50,No-Synergy,independent_coverage,30,0.2076388888888889,0.1001945022671589,0.3814570790192867
complementarity_sweep,scale-1.50,No-Synergy,same_type_pair_ratio,30,0.002638888888888889,5.225382515242766e-05,0.11813981866262036
complementarity_sweep,scale-1.50,No-Synergy,capability_overlap,30,0.6689348642319302,0.49005087408161924,0.8094661150535409
complementarity_sweep,scale-1.50,No-Synergy,marginal_gain_waste,30,0.11727317176589117,0.04393439743764696,0.2775011879572642
complementarity_sweep,scale-2.00,CA-HMCD,feasibility_rate,30,1.0,0.8864866068260314,1.0
complementarity_sweep,scale-2.00,CA-HMCD,raw_feasible,30,1.0,0.8864866068260314,1.0
complementarity_sweep,scale-2.00,CA-HMCD,repair_applied,30,0.0,0.0,0.11351339317396873
complementarity_sweep,scale-2.00,CA-HMCD,independent_coverage,30,0.20902777777777776,0.1011361695449933,0.3829778745381913
complementarity_sweep,scale-2.00,CA-HMCD,same_type_pair_ratio,30,0.0005555555555555556,2.38966430784332e-06,0.11449598862835647
complementarity_sweep,scale-2.00,CA-HMCD,capability_overlap,30,0.701561928008674,0.522829105093991,0.8345347941574535
complementarity_sweep,scale-2.00,CA-HMCD,marginal_gain_waste,30,0.14152847454177925,0.0579320128483672,0.30650757465721407
complementarity_sweep,scale-2.00,No-Synergy,feasibility_rate,30,1.0,0.8864866068260314,1.0
complementarity_sweep,scale-2.00,No-Synergy,raw_feasible,30,1.0,0.8864866068260314,1.0
complementarity_sweep,scale-2.00,No-Synergy,repair_applied,30,0.0,0.0,0.11351339317396873
complementarity_sweep,scale-2.00,No-Synergy,independent_coverage,30,0.2076388888888889,0.1001945022671589,0.3814570790192867
complementarity_sweep,scale-2.00,No-Synergy,same_type_pair_ratio,30,0.0019444444444444444,2.8663500008588305e-05,0.1169321775893947
complementarity_sweep,scale-2.00,No-Synergy,capability_overlap,30,0.6685730904611542,0.48969170442740867,0.8091838695027638
complementarity_sweep,scale-2.00,No-Synergy,marginal_gain_waste,30,0.1167213207142003,0.04362745291139623,0.27682971535094125
engineering,airport_corridor,CA-HMCD,feasibility_rate,30,1.0,0.8864866068260314,1.0
engineering,airport_corridor,CA-HMCD,raw_feasible,30,1.0,0.8864866068260314,1.0
engineering,airport_corridor,CA-HMCD,repair_applied,30,0.0,0.0,0.11351339317396873
engineering,airport_corridor,CA-HMCD,independent_coverage,30,0.16296296296296295,0.0710382202592581,0.3314041410654171
engineering,airport_corridor,CA-HMCD,same_type_pair_ratio,30,0.10671296296296297,0.038158573432983206,0.26455404462376353
engineering,airport_corridor,CA-HMCD,capability_overlap,30,0.5505318975978273,0.3771014939950307,0.7124902068809261
engineering,airport_corridor,CA-HMCD,marginal_gain_waste,30,0.09502346666603648,0.03202246290658292,0.24996499133462816
engineering,airport_corridor,External-Auction,feasibility_rate,30,1.0,0.8864866068260314,1.0
engineering,airport_corridor,External-Auction,raw_feasible,30,1.0,0.8864866068260314,1.0
engineering,airport_corridor,External-Auction,repair_applied,30,0.0,0.0,0.11351339317396873
engineering,airport_corridor,External-Auction,independent_coverage,30,0.15138888888888888,0.06388202826750236,0.31803980975101476
engineering,airport_corridor,External-Auction,same_type_pair_ratio,30,0.17083333333333334,0.07600427264407036,0.34039204452879246
engineering,airport_corridor,External-Auction,capability_overlap,30,0.559970768258339,0.38578216080290073,0.7205444049212698
engineering,airport_corridor,External-Auction,marginal_gain_waste,30,0.10049108469375637,0.034857089820075376,0.2568243047267642
engineering,airport_corridor,Greedy,feasibility_rate,30,1.0,0.8864866068260314,1.0
engineering,airport_corridor,Greedy,raw_feasible,30,1.0,0.8864866068260314,1.0
engineering,airport_corridor,Greedy,repair_applied,30,0.0,0.0,0.11351339317396873
engineering,airport_corridor,Greedy,independent_coverage,30,0.1560185185185185,0.06672289041244578,0.32340715692853456
engineering,airport_corridor,Greedy,same_type_pair_ratio,30,0.12268518518518517,0.0469731545616678,0.28405778565757717
engineering,airport_corridor,Greedy,capability_overlap,30,0.5585970384393839,0.3845154138029224,0.7193755657494455
engineering,airport_corridor,Greedy,marginal_gain_waste,30,0.0990858805994504,0.03412247717735137,0.25506752815056954
engineering,airport_corridor,No-Compatibility,feasibility_rate,30,1.0,0.8864866068260314,1.0
engineering,airport_corridor,No-Compatibility,raw_feasible,30,1.0,0.8864866068260314,1.0
engineering,airport_corridor,No-Compatibility,repair_applied,30,0.0,0.0,0.11351339317396873
engineering,airport_corridor,No-Compatibility,independent_coverage,30,0.1625,0.07074856021461773,0.3308729801778112
engineering,airport_corridor,No-Compatibility,same_type_pair_ratio,30,0.08425925925925926,0.02663847075102342,0.2362643320917765
engineering,airport_corridor,No-Compatibility,capability_overlap,30,0.5336585889071226,0.36171785182427496,0.6979579247173799
engineering,airport_corridor,No-Compatibility,marginal_gain_waste,30,0.0891125216064146,0.029032365537715987,0.2424751414454165
engineering,airport_corridor,No-Redundancy,feasibility_rate,30,1.0,0.8864866068260314,1.0
engineering,airport_corridor,No-Redundancy,raw_feasible,30,1.0,0.8864866068260314,1.0
engineering,airport_corridor,No-Redundancy,repair_applied,30,0.0,0.0,0.11351339317396873
engineering,airport_corridor,No-Redundancy,independent_coverage,30,0.16296296296296295,0.0710382202592581,0.3314041410654171
engineering,airport_corridor,No-Redundancy,same_type_pair_ratio,30,0.11967592592592592,0.045277162208005164,0.2804184419516387
engineering,airport_corridor,No-Redundancy,capability_overlap,30,0.5571953367711598,0.3832240568132964,0.718181743227779
engineering,airport_corridor,No-Redundancy,marginal_gain_waste,30,0.09732303814719719,0.033206820085414035,0.25285771279477315
engineering,airport_corridor,No-Stability,feasibility_rate,30,1.0,0.8864866068260314,1.0
engineering,airport_corridor,No-Stability,raw_feasible,30,1.0,0.8864866068260314,1.0
engineering,airport_corridor,No-Stability,repair_applied,30,0.0,0.0,0.11351339317396873
engineering,airport_corridor,No-Stability,independent_coverage,30,0.16666666666666666,0.07336542371848548,0.3356435050641603
engineering,airport_corridor,No-Stability,same_type_pair_ratio,30,0.15393518518518517,0.06544086807925872,0.32099548506661313
engineering,airport_corridor,No-Stability,capability_overlap,30,0.5739897881191021,0.3987753068311994,0.73240660558776
engineering,airport_corridor,No-Stability,marginal_gain_waste,30,0.12119774598596221,0.046132882595285196,0.2822608677668013
engineering,airport_corridor,No-Synergy,feasibility_rate,30,1.0,0.8864866068260314,1.0
engineering,airport_corridor,No-Synergy,raw_feasible,30,1.0,0.8864866068260314,1.0
engineering,airport_corridor,No-Synergy,repair_applied,30,0.0,0.0,0.11351339317396873
engineering,airport_corridor,No-Synergy,independent_coverage,30,0.1625,0.07074856021461773,0.3308729801778112
engineering,airport_corridor,No-Synergy,same_type_pair_ratio,30,0.11111111111111112,0.040538598254415,0.2699718186586718
engineering,airport_corridor,No-Synergy,capability_overlap,30,0.5434793612926982,0.3706507048093235,0.7064370381093308
engineering,airport_corridor,No-Synergy,marginal_gain_waste,30,0.0903967089857849,0.029675178868447658,0.2441091579396184
engineering,energy_facility,CA-HMCD,feasibility_rate,30,1.0,0.8864866068260314,1.0
engineering,energy_facility,CA-HMCD,raw_feasible,30,1.0,0.8864866068260314,1.0
engineering,energy_facility,CA-HMCD,repair_applied,30,0.0,0.0,0.11351339317396873
engineering,energy_facility,CA-HMCD,independent_coverage,30,0.13055555555555556,0.05148129441184332,0.2935036016555891
engineering,energy_facility,CA-HMCD,same_type_pair_ratio,30,0.0,0.0,0.11351339317396873
engineering,energy_facility,CA-HMCD,capability_overlap,30,0.41773886566496043,0.26065122176840033,0.5935019905309407
engineering,energy_facility,CA-HMCD,marginal_gain_waste,30,0.08560537709623965,0.027296730080644954,0.23799270362954048
engineering,energy_facility,External-Auction,feasibility_rate,30,1.0,0.8864866068260314,1.0
engineering,energy_facility,External-Auction,raw_feasible,30,1.0,0.8864866068260314,1.0
engineering,energy_facility,External-Auction,repair_applied,30,0.0,0.0,0.11351339317396873
engineering,energy_facility,External-Auction,independent_coverage,30,0.12777777777777777,0.04987846933139317,0.29018150114256136
engineering,energy_facility,External-Auction,same_type_pair_ratio,30,0.0,0.0,0.11351339317396873
engineering,energy_facility,External-Auction,capability_overlap,30,0.41477857945692936,0.2581769253695416,0.5907277787782166
engineering,energy_facility,External-Auction,marginal_gain_waste,30,0.0835448115315089,0.026290922909497555,0.2353451832494464
engineering,energy_facility,Greedy,feasibility_rate,30,1.0,0.8864866068260314,1.0
engineering,energy_facility,Greedy,raw_feasible,30,1.0,0.8864866068260314,1.0
engineering,energy_facility,Greedy,repair_applied,30,0.0,0.0,0.11351339317396873
engineering,energy_facility,Greedy,independent_coverage,30,0.12870370370370368,0.050411346295545986,0.2912902660429011
engineering,energy_facility,Greedy,same_type_pair_ratio,30,0.0,0.0,0.11351339317396873
engineering,energy_facility,Greedy,capability_overlap,30,0.41794349027273064,0.26082245395012627,0.5936935522976453
engineering,energy_facility,Greedy,marginal_gain_waste,30,0.08642803429439631,0.02770119737532363,0.2390467855112116
engineering,energy_facility,No-Compatibility,feasibility_rate,30,1.0,0.8864866068260314,1.0
engineering,energy_facility,No-Compatibility,raw_feasible,30,1.0,0.8864866068260314,1.0
engineering,energy_facility,No-Compatibility,repair_applied,30,0.0,0.0,0.11351339317396873
engineering,energy_facility,No-Compatibility,independent_coverage,30,0.12037037037037036,0.045667147035393985,0.2812596885226193
engineering,energy_facility,No-Compatibility,same_type_pair_ratio,30,0.0,0.0,0.11351339317396873
engineering,energy_facility,No-Compatibility,capability_overlap,30,0.4047024012870278,0.24979584439046032,0.5812440657660768
engineering,energy_facility,No-Compatibility,marginal_gain_waste,30,0.08547983138158845,0.027235149326616193,0.23783169519440384
engineering,energy_facility,No-Redundancy,feasibility_rate,30,1.0,0.8864866068260314,1.0
engineering,energy_facility,No-Redundancy,raw_feasible,30,1.0,0.8864866068260314,1.0
engineering,energy_facility,No-Redundancy,repair_applied,30,0.0,0.0,0.11351339317396873
engineering,energy_facility,No-Redundancy,independent_coverage,30,0.13055555555555556,0.05148129441184332,0.2935036016555891
engineering,energy_facility,No-Redundancy,same_type_pair_ratio,30,0.0,0.0,0.11351339317396873
engineering,energy_facility,No-Redundancy,capability_overlap,30,0.41772481162352354,0.2606394621397946,0.5934888327205352
engineering,energy_facility,No-Redundancy,marginal_gain_waste,30,0.0860355800309486,0.0275080382551635,0.23854413373469535
engineering,energy_facility,No-Stability,feasibility_rate,30,1.0,0.8864866068260314,1.0
engineering,energy_facility,No-Stability,raw_feasible,30,1.0,0.8864866068260314,1.0
engineering,energy_facility,No-Stability,repair_applied,30,0.0,0.0,0.11351339317396873
engineering,energy_facility,No-Stability,independent_coverage,30,0.13379629629629627,0.05336695565788993,0.2973636869352667
engineering,energy_facility,No-Stability,same_type_pair_ratio,30,0.0,0.0,0.11351339317396873
engineering,energy_facility,No-Stability,capability_overlap,30,0.4295028229534021,0.27053741085810845,0.6044729826001866
engineering,energy_facility,No-Stability,marginal_gain_waste,30,0.09923620997887175,0.03420086761303949,0.2552556676778204
engineering,energy_facility,No-Synergy,feasibility_rate,30,1.0,0.8864866068260314,1.0
engineering,energy_facility,No-Synergy,raw_feasible,30,1.0,0.8864866068260314,1.0
engineering,energy_facility,No-Synergy,repair_applied,30,0.0,0.0,0.11351339317396873
engineering,energy_facility,No-Synergy,independent_coverage,30,0.12916666666666665,0.05067831092103875,0.29184412234965473
engineering,energy_facility,No-Synergy,same_type_pair_ratio,30,0.0,0.0,0.11351339317396873
engineering,energy_facility,No-Synergy,capability_overlap,30,0.41176742883515166,0.2556656998477884,0.5879003149052862
engineering,energy_facility,No-Synergy,marginal_gain_waste,30,0.07939268923268114,0.024296699328324775,0.22997780521499012
engineering,industrial_zone,CA-HMCD,feasibility_rate,30,1.0,0.8864866068260314,1.0
engineering,industrial_zone,CA-HMCD,raw_feasible,30,1.0,0.8864866068260314,1.0
engineering,industrial_zone,CA-HMCD,repair_applied,30,0.0,0.0,0.11351339317396873
engineering,industrial_zone,CA-HMCD,independent_coverage,30,0.20912698412698413,0.10120350695900066,0.383086427323951
engineering,industrial_zone,CA-HMCD,same_type_pair_ratio,30,0.00625,0.00027855146696826455,0.12431592429232585
engineering,industrial_zone,CA-HMCD,capability_overlap,30,0.500134033343995,0.3316600805352963,0.668577556993343
engineering,industrial_zone,CA-HMCD,marginal_gain_waste,30,0.09302985501136089,0.031005120320323334,0.24744771385872338
engineering,industrial_zone,External-Auction,feasibility_rate,30,1.0,0.8864866068260314,1.0
engineering,industrial_zone,External-Auction,raw_feasible,30,1.0,0.8864866068260314,1.0
engineering,industrial_zone,External-Auction,repair_applied,30,0.0,0.0,0.11351339317396873
engineering,industrial_zone,External-Auction,independent_coverage,30,0.20436507936507936,0.09798271668522718,0.37786448800890515
engineering,industrial_zone,External-Auction,same_type_pair_ratio,30,0.014722222222222222,0.0013900515694665744,0.1382254472499353
engineering,industrial_zone,External-Auction,capability_overlap,30,0.49178472169018156,0.3242786810867318,0.6611558505272634
engineering,industrial_zone,External-Auction,marginal_gain_waste,30,0.08849463398574929,0.028724452736183598,0.2416875560464621
engineering,industrial_zone,Greedy,feasibility_rate,30,1.0,0.8864866068260314,1.0
engineering,industrial_zone,Greedy,raw_feasible,30,1.0,0.8864866068260314,1.0
engineering,industrial_zone,Greedy,repair_applied,30,0.0,0.0,0.11351339317396873
engineering,industrial_zone,Greedy,independent_coverage,30,0.20476190476190476,0.09825022038241124,0.37830054511078937
engineering,industrial_zone,Greedy,same_type_pair_ratio,30,0.010138888888888888,0.000696738199645705,0.13079263339051755
engineering,industrial_zone,Greedy,capability_overlap,30,0.5015138205648927,0.33288392251706433,0.669800040794766
engineering,industrial_zone,Greedy,marginal_gain_waste,30,0.09390118396431515,0.03144866991947193,0.24854900715344214
engineering,industrial_zone,No-Compatibility,feasibility_rate,30,1.0,0.8864866068260314,1.0
engineering,industrial_zone,No-Compatibility,raw_feasible,30,1.0,0.8864866068260314,1.0
engineering,industrial_zone,No-Compatibility,repair_applied,30,0.0,0.0,0.11351339317396873
engineering,industrial_zone,No-Compatibility,independent_coverage,30,0.19206349206349208,0.08977301212964287,0.36426380779337286
engineering,industrial_zone,No-Compatibility,same_type_pair_ratio,30,0.0125,0.0010287172816163953,0.13464684106300312
engineering,industrial_zone,No-Compatibility,capability_overlap,30,0.4962223851347409,0.32819671364861003,0.6651056763837918
engineering,industrial_zone,No-Compatibility,marginal_gain_waste,30,0.09559654259787997,0.03231653531629722,0.2506869672014611
engineering,industrial_zone,No-Redundancy,feasibility_rate,30,1.0,0.8864866068260314,1.0
engineering,industrial_zone,No-Redundancy,raw_feasible,30,1.0,0.8864866068260314,1.0
engineering,industrial_zone,No-Redundancy,repair_applied,30,0.0,0.0,0.11351339317396873
engineering,industrial_zone,No-Redundancy,independent_coverage,30,0.20912698412698413,0.10120350695900066,0.383086427323951
engineering,industrial_zone,No-Redundancy,same_type_pair_ratio,30,0.008888888888888889,0.0005441148796970774,0.1287290401934011
engineering,industrial_zone,No-Redundancy,capability_overlap,30,0.5010006786160279,0.33242864367479497,0.6693455327068969
engineering,industrial_zone,No-Redundancy,marginal_gain_waste,30,0.09424753851017623,0.03162545320624312,0.2489863011989093
engineering,industrial_zone,No-Stability,feasibility_rate,30,1.0,0.8864866068260314,1.0
engineering,industrial_zone,No-Stability,raw_feasible,30,1.0,0.8864866068260314,1.0
engineering,industrial_zone,No-Stability,repair_applied,30,0.0,0.0,0.11351339317396873
engineering,industrial_zone,No-Stability,independent_coverage,30,0.22777777777777777,0.11403664319819978,0.403320648640961
engineering,industrial_zone,No-Stability,same_type_pair_ratio,30,0.025069444444444443,0.0036095351403472864,0.15435131151475995
engineering,industrial_zone,No-Stability,capability_overlap,30,0.5742282896106908,0.3989973976996266,0.7326073714753358
engineering,industrial_zone,No-Stability,marginal_gain_waste,30,0.12593798309308613,0.048823853003936005,0.28797421077544083
engineering,industrial_zone,No-Synergy,feasibility_rate,30,1.0,0.8864866068260314,1.0
engineering,industrial_zone,No-Synergy,raw_feasible,30,1.0,0.8864866068260314,1.0
engineering,industrial_zone,No-Synergy,repair_applied,30,0.0,0.0,0.11351339317396873
engineering,industrial_zone,No-Synergy,independent_coverage,30,0.20912698412698413,0.10120350695900066,0.383086427323951
engineering,industrial_zone,No-Synergy,same_type_pair_ratio,30,0.005324074074074074,0.00020471303863966311,0.12274812085616182
engineering,industrial_zone,No-Synergy,capability_overlap,30,0.486079429105975,0.31925874420243616,0.656060456483713
engineering,industrial_zone,No-Synergy,marginal_gain_waste,30,0.08437945676680911,0.026697066311919065,0.23641884349211448
engineering,public_event,CA-HMCD,feasibility_rate,30,1.0,0.8864866068260314,1.0
engineering,public_event,CA-HMCD,raw_feasible,30,1.0,0.8864866068260314,1.0
engineering,public_event,CA-HMCD,repair_applied,30,0.0,0.0,0.11351339317396873
engineering,public_event,CA-HMCD,independent_coverage,30,0.20868055555555556,0.10090056771283096,0.3825978606711689
engineering,public_event,CA-HMCD,same_type_pair_ratio,30,0.0019444444444444444,2.8663500008588305e-05,0.1169321775893947
engineering,public_event,CA-HMCD,capability_overlap,30,0.6899908369403284,0.5111156417005455,0.8257330230339935
engineering,public_event,CA-HMCD,marginal_gain_waste,30,0.13172041520477704,0.052157154133925826,0.29489300688924047
engineering,public_event,External-Auction,feasibility_rate,30,1.0,0.8864866068260314,1.0
engineering,public_event,External-Auction,raw_feasible,30,1.0,0.8864866068260314,1.0
engineering,public_event,External-Auction,repair_applied,30,0.0,0.0,0.11351339317396873
engineering,public_event,External-Auction,independent_coverage,30,0.20277777777777778,0.09691434573772517,0.37611861576013406
engineering,public_event,External-Auction,same_type_pair_ratio,30,0.011666666666666665,0.0009052299231899902,0.13329285074338615
engineering,public_event,External-Auction,capability_overlap,30,0.6843969093583637,0.5054882738282271,0.8214425071443792
engineering,public_event,External-Auction,marginal_gain_waste,30,0.12581870867271416,0.048755676187427585,0.28783091723955584
engineering,public_event,Greedy,feasibility_rate,30,1.0,0.8864866068260314,1.0
engineering,public_event,Greedy,raw_feasible,30,1.0,0.8864866068260314,1.0
engineering,public_event,Greedy,repair_applied,30,0.0,0.0,0.11351339317396873
engineering,public_event,Greedy,independent_coverage,30,0.19965277777777776,0.09481873720253378,0.3726736830026627
engineering,public_event,Greedy,same_type_pair_ratio,30,0.005787037037037037,0.00024032588899890184,0.12353332893804889
engineering,public_event,Greedy,capability_overlap,30,0.6929621925913613,0.5141140764805865,0.8280027222314676
engineering,public_event,Greedy,marginal_gain_waste,30,0.13673836697881867,0.05509314812558351,0.3008537069803564
engineering,public_event,No-Compatibility,feasibility_rate,30,1.0,0.8864866068260314,1.0
engineering,public_event,No-Compatibility,raw_feasible,30,1.0,0.8864866068260314,1.0
engineering,public_event,No-Compatibility,repair_applied,30,0.0,0.0,0.11351339317396873
engineering,public_event,No-Compatibility,independent_coverage,30,0.2048611111111111,0.09831712191043063,0.37840953378253706
engineering,public_event,No-Compatibility,same_type_pair_ratio,30,0.002314814814814815,4.040005430765853e-05,0.1175770977808927
engineering,public_event,No-Compatibility,capability_overlap,30,0.6706953451068275,0.49179999347434267,0.8108382810951571
engineering,public_event,No-Compatibility,marginal_gain_waste,30,0.13170228200660664,0.052146616468479554,0.29487139488005276
engineering,public_event,No-Redundancy,feasibility_rate,30,1.0,0.8864866068260314,1.0
engineering,public_event,No-Redundancy,raw_feasible,30,1.0,0.8864866068260314,1.0
engineering,public_event,No-Redundancy,repair_applied,30,0.0,0.0,0.11351339317396873
engineering,public_event,No-Redundancy,independent_coverage,30,0.20833333333333334,0.10066508909567368,0.3822177235891414
engineering,public_event,No-Redundancy,same_type_pair_ratio,30,0.006858465608465608,0.00033268590267968023,0.12534058308185247
engineering,public_event,No-Redundancy,capability_overlap,30,0.6906327730717916,0.511762878029506,0.8262239222709926
engineering,public_event,No-Redundancy,marginal_gain_waste,30,0.13407256200961476,0.053528473668301185,0.2976919806344197
engineering,public_event,No-Stability,feasibility_rate,30,1.0,0.8864866068260314,1.0
engineering,public_event,No-Stability,raw_feasible,30,1.0,0.8864866068260314,1.0
engineering,public_event,No-Stability,repair_applied,30,0.0,0.0,0.11351339317396873
engineering,public_event,No-Stability,independent_coverage,30,0.22534722222222223,0.11234509839860615,0.4007028835462614
engineering,public_event,No-Stability,same_type_pair_ratio,30,0.015601851851851851,0.0015454212081948554,0.13962963738247502
engineering,public_event,No-Stability,capability_overlap,30,0.7121665493223026,0.5336528526115074,0.8425127561699244
engineering,public_event,No-Stability,marginal_gain_waste,30,0.16441162510459967,0.07194638713978246,0.3330644133576465
engineering,public_event,No-Synergy,feasibility_rate,30,1.0,0.8864866068260314,1.0
engineering,public_event,No-Synergy,raw_feasible,30,1.0,0.8864866068260314,1.0
engineering,public_event,No-Synergy,repair_applied,30,0.0,0.0,0.11351339317396873
engineering,public_event,No-Synergy,independent_coverage,30,0.2076388888888889,0.1001945022671589,0.3814570790192867
engineering,public_event,No-Synergy,same_type_pair_ratio,30,0.0062037037037037035,0.0002746126804122548,0.12423778098565721
engineering,public_event,No-Synergy,capability_overlap,30,0.6699769397402272,0.4910859615308446,0.810278599567129
engineering,public_event,No-Synergy,marginal_gain_waste,30,0.11739117051939542,0.04400010035220017,0.27764469367191835
engineering,urban_corridor,CA-HMCD,feasibility_rate,30,1.0,0.8864866068260314,1.0
engineering,urban_corridor,CA-HMCD,raw_feasible,30,1.0,0.8864866068260314,1.0
engineering,urban_corridor,CA-HMCD,repair_applied,30,0.0,0.0,0.11351339317396873
engineering,urban_corridor,CA-HMCD,independent_coverage,30,0.27261904761904765,0.14619427571403712,0.45066538641983933
engineering,urban_corridor,CA-HMCD,same_type_pair_ratio,30,0.19212962962962965,0.08981671216826098,0.3643373678879328
engineering,urban_corridor,CA-HMCD,capability_overlap,30,0.576720109550087,0.40131985677993576,0.7347028424008203
engineering,urban_corridor,CA-HMCD,marginal_gain_waste,30,0.08063815487243434,0.02489023206552242,0.2315924496955989
engineering,urban_corridor,External-Auction,feasibility_rate,30,1.0,0.8864866068260314,1.0
engineering,urban_corridor,External-Auction,raw_feasible,30,1.0,0.8864866068260314,1.0
engineering,urban_corridor,External-Auction,repair_applied,30,0.0,0.0,0.11351339317396873
engineering,urban_corridor,External-Auction,independent_coverage,30,0.24007936507936506,0.12268237194084194,0.41648530466943545
engineering,urban_corridor,External-Auction,same_type_pair_ratio,30,0.36064814814814816,0.2139110519292538,0.5390218474646025
engineering,urban_corridor,External-Auction,capability_overlap,30,0.6380542160235441,0.45971643557236,0.7850499914691191
engineering,urban_corridor,External-Auction,marginal_gain_waste,30,0.09822720425493942,0.03367563337524147,0.25399196179466477
engineering,urban_corridor,Greedy,feasibility_rate,30,1.0,0.8864866068260314,1.0
engineering,urban_corridor,Greedy,raw_feasible,30,1.0,0.8864866068260314,1.0
engineering,urban_corridor,Greedy,repair_applied,30,0.0,0.0,0.11351339317396873
engineering,urban_corridor,Greedy,independent_coverage,30,0.2357142857142857,0.11959860326999391,0.4118299045505325
engineering,urban_corridor,Greedy,same_type_pair_ratio,30,0.24537037037037038,0.12644326027797603,0.42210522698654507
engineering,urban_corridor,Greedy,capability_overlap,30,0.623401446816363,0.445546264553095,0.7732411951782263
engineering,urban_corridor,Greedy,marginal_gain_waste,30,0.09822819211943011,0.03367614654441625,0.2539932000827707
engineering,urban_corridor,No-Compatibility,feasibility_rate,30,1.0,0.8864866068260314,1.0
engineering,urban_corridor,No-Compatibility,raw_feasible,30,1.0,0.8864866068260314,1.0
engineering,urban_corridor,No-Compatibility,repair_applied,30,0.0,0.0,0.11351339317396873
engineering,urban_corridor,No-Compatibility,independent_coverage,30,0.2650793650793651,0.14066683789174597,0.44282516905983305
engineering,urban_corridor,No-Compatibility,same_type_pair_ratio,30,0.10509259259259258,0.03729124166972678,0.2625485031241578
engineering,urban_corridor,No-Compatibility,capability_overlap,30,0.497710285222035,0.32951302080860095,0.6664273762231638
engineering,urban_corridor,No-Compatibility,marginal_gain_waste,30,0.06927927999870567,0.019633590882732158,0.2167101099900428
engineering,urban_corridor,No-Redundancy,feasibility_rate,30,1.0,0.8864866068260314,1.0
engineering,urban_corridor,No-Redundancy,raw_feasible,30,1.0,0.8864866068260314,1.0
engineering,urban_corridor,No-Redundancy,repair_applied,30,0.0,0.0,0.11351339317396873
engineering,urban_corridor,No-Redundancy,independent_coverage,30,0.27261904761904765,0.14619427571403712,0.45066538641983933
engineering,urban_corridor,No-Redundancy,same_type_pair_ratio,30,0.20185185185185184,0.09629234938233047,0.3750989702510361
engineering,urban_corridor,No-Redundancy,capability_overlap,30,0.584834138716107,0.4089089735540248,0.7414996819928763
engineering,urban_corridor,No-Redundancy,marginal_gain_waste,30,0.08185134701742663,0.025472243298902283,0.23316139563830351
engineering,urban_corridor,No-Stability,feasibility_rate,30,1.0,0.8864866068260314,1.0
engineering,urban_corridor,No-Stability,raw_feasible,30,1.0,0.8864866068260314,1.0
engineering,urban_corridor,No-Stability,repair_applied,30,0.0,0.0,0.11351339317396873
engineering,urban_corridor,No-Stability,independent_coverage,30,0.28809523809523807,0.15768314936196828,0.4666153839355709
engineering,urban_corridor,No-Stability,same_type_pair_ratio,30,0.22106481481481483,0.10937848729831057,0.3960769010232785
engineering,urban_corridor,No-Stability,capability_overlap,30,0.7487140532107457,0.5716407329347648,0.8693226212667211
engineering,urban_corridor,No-Stability,marginal_gain_waste,30,0.13688168366589895,0.05517757851436926,0.3010233732388333
engineering,urban_corridor,No-Synergy,feasibility_rate,30,1.0,0.8864866068260314,1.0
engineering,urban_corridor,No-Synergy,raw_feasible,30,1.0,0.8864866068260314,1.0
engineering,urban_corridor,No-Synergy,repair_applied,30,0.0,0.0,0.11351339317396873
engineering,urban_corridor,No-Synergy,independent_coverage,30,0.2765873015873016,0.1491220015017948,0.45477326862276435
engineering,urban_corridor,No-Synergy,same_type_pair_ratio,30,0.2759259259259259,0.1486331683763766,0.45408950041640195
engineering,urban_corridor,No-Synergy,capability_overlap,30,0.5453742656339404,0.37238097639876777,0.708066381159342
engineering,urban_corridor,No-Synergy,marginal_gain_waste,30,0.07477069692239695,0.02213016246374827,0.22394967351972697
redundancy_stress,same-type-dense,CA-HMCD,feasibility_rate,30,1.0,0.8864866068260314,1.0
redundancy_stress,same-type-dense,CA-HMCD,raw_feasible,30,1.0,0.8864866068260314,1.0
redundancy_stress,same-type-dense,CA-HMCD,repair_applied,30,0.0,0.0,0.11351339317396873
redundancy_stress,same-type-dense,CA-HMCD,independent_coverage,30,0.325,0.18581575500907926,0.5039139326018098
redundancy_stress,same-type-dense,CA-HMCD,same_type_pair_ratio,30,0.8944444444444444,0.7368779529828446,0.9624614812910244
redundancy_stress,same-type-dense,CA-HMCD,capability_overlap,30,0.9633170815505696,0.8284003555032388,0.9930484195133696
redundancy_stress,same-type-dense,CA-HMCD,marginal_gain_waste,30,0.1588935588350692,0.06850171881869493,0.3267256979916995
redundancy_stress,same-type-dense,Greedy,feasibility_rate,30,1.0,0.8864866068260314,1.0
redundancy_stress,same-type-dense,Greedy,raw_feasible,30,1.0,0.8864866068260314,1.0
redundancy_stress,same-type-dense,Greedy,repair_applied,30,0.0,0.0,0.11351339317396873
redundancy_stress,same-type-dense,Greedy,independent_coverage,30,0.31851851851851853,0.1808026149229239,0.49743557963651663
redundancy_stress,same-type-dense,Greedy,same_type_pair_ratio,30,0.9152777777777777,0.7631407349731618,0.973135641251792
redundancy_stress,same-type-dense,Greedy,capability_overlap,30,0.9663157798015569,0.8327804201316484,0.9939849665597857
redundancy_stress,same-type-dense,Greedy,marginal_gain_waste,30,0.1587970635923264,0.06844183686949201,0.3266144964602746
redundancy_stress,same-type-dense,No-Redundancy,feasibility_rate,30,1.0,0.8864866068260314,1.0
redundancy_stress,same-type-dense,No-Redundancy,raw_feasible,30,1.0,0.8864866068260314,1.0
redundancy_stress,same-type-dense,No-Redundancy,repair_applied,30,0.0,0.0,0.11351339317396873
redundancy_stress,same-type-dense,No-Redundancy,independent_coverage,30,0.325,0.18581575500907926,0.5039139326018098
redundancy_stress,same-type-dense,No-Redundancy,same_type_pair_ratio,30,0.8944444444444444,0.7368779529828446,0.9624614812910244
redundancy_stress,same-type-dense,No-Redundancy,capability_overlap,30,0.9633397699758249,0.828433318983096,0.9930556820037498
redundancy_stress,same-type-dense,No-Redundancy,marginal_gain_waste,30,0.1588935081460518,0.06850168735942208,0.32672563958070233
redundancy_stress,same-type-dense,No-Synergy,feasibility_rate,30,1.0,0.8864866068260314,1.0
redundancy_stress,same-type-dense,No-Synergy,raw_feasible,30,1.0,0.8864866068260314,1.0
redundancy_stress,same-type-dense,No-Synergy,repair_applied,30,0.0,0.0,0.11351339317396873
redundancy_stress,same-type-dense,No-Synergy,independent_coverage,30,0.325,0.18581575500907926,0.5039139326018098
redundancy_stress,same-type-dense,No-Synergy,same_type_pair_ratio,30,0.8944444444444444,0.7368779529828446,0.9624614812910244
redundancy_stress,same-type-dense,No-Synergy,capability_overlap,30,0.9633170815505696,0.8284003555032388,0.9930484195133696
redundancy_stress,same-type-dense,No-Synergy,marginal_gain_waste,30,0.1588935588350692,0.06850171881869493,0.3267256979916995
repair_disturbance,noise-0.00,CA-HMCD-RepairOff,feasibility_rate,30,1.0,0.8864866068260314,1.0
repair_disturbance,noise-0.00,CA-HMCD-RepairOff,raw_feasible,30,1.0,0.8864866068260314,1.0
repair_disturbance,noise-0.00,CA-HMCD-RepairOff,repair_applied,30,0.0,0.0,0.11351339317396873
repair_disturbance,noise-0.00,CA-HMCD-RepairOff,independent_coverage,30,0.20868055555555556,0.10090056771283096,0.3825978606711689
repair_disturbance,noise-0.00,CA-HMCD-RepairOff,same_type_pair_ratio,30,0.0019444444444444444,2.8663500008588305e-05,0.1169321775893947
repair_disturbance,noise-0.00,CA-HMCD-RepairOff,capability_overlap,30,0.6899908369403284,0.5111156417005455,0.8257330230339935
repair_disturbance,noise-0.00,CA-HMCD-RepairOff,marginal_gain_waste,30,0.13172041520477704,0.052157154133925826,0.29489300688924047
repair_disturbance,noise-0.00,CA-HMCD-RepairOn,feasibility_rate,30,1.0,0.8864866068260314,1.0
repair_disturbance,noise-0.00,CA-HMCD-RepairOn,raw_feasible,30,1.0,0.8864866068260314,1.0
repair_disturbance,noise-0.00,CA-HMCD-RepairOn,repair_applied,30,0.0,0.0,0.11351339317396873
repair_disturbance,noise-0.00,CA-HMCD-RepairOn,independent_coverage,30,0.20868055555555556,0.10090056771283096,0.3825978606711689
repair_disturbance,noise-0.00,CA-HMCD-RepairOn,same_type_pair_ratio,30,0.0019444444444444444,2.8663500008588305e-05,0.1169321775893947
repair_disturbance,noise-0.00,CA-HMCD-RepairOn,capability_overlap,30,0.6899908369403284,0.5111156417005455,0.8257330230339935
repair_disturbance,noise-0.00,CA-HMCD-RepairOn,marginal_gain_waste,30,0.13172041520477704,0.052157154133925826,0.29489300688924047
repair_disturbance,noise-0.05,CA-HMCD-RepairOff,feasibility_rate,30,0.7444444444444444,0.5671457028000209,0.8662477494260388
repair_disturbance,noise-0.05,CA-HMCD-RepairOff,raw_feasible,30,0.7444444444444444,0.5671457028000209,0.8662477494260388
repair_disturbance,noise-0.05,CA-HMCD-RepairOff,repair_applied,30,0.0,0.0,0.11351339317396873
repair_disturbance,noise-0.05,CA-HMCD-RepairOff,independent_coverage,30,0.2170138888888889,0.10658859241685123,0.3916846127475825
repair_disturbance,noise-0.05,CA-HMCD-RepairOff,same_type_pair_ratio,30,0.004722222222222222,0.00016240188686364454,0.1217233647960176
repair_disturbance,noise-0.05,CA-HMCD-RepairOff,capability_overlap,30,0.6407024608367979,0.46229256532189167,0.7871691288366796
repair_disturbance,noise-0.05,CA-HMCD-RepairOff,marginal_gain_waste,30,0.12248417101650487,0.04685937661712994,0.28381517086548025
repair_disturbance,noise-0.05,CA-HMCD-RepairOn,feasibility_rate,30,1.0,0.8864866068260314,1.0
repair_disturbance,noise-0.05,CA-HMCD-RepairOn,raw_feasible,30,0.7444444444444444,0.5671457028000209,0.8662477494260388
repair_disturbance,noise-0.05,CA-HMCD-RepairOn,repair_applied,30,0.2555555555555556,0.13375225057396126,0.43285429719997914
repair_disturbance,noise-0.05,CA-HMCD-RepairOn,independent_coverage,30,0.19027777777777777,0.0885949427027187,0.3622758536244898
repair_disturbance,noise-0.05,CA-HMCD-RepairOn,same_type_pair_ratio,30,0.004722222222222222,0.00016240188686364454,0.1217233647960176
repair_disturbance,noise-0.05,CA-HMCD-RepairOn,capability_overlap,30,0.6592861716967867,0.48050283768977353,0.8019072780338126
repair_disturbance,noise-0.05,CA-HMCD-RepairOn,marginal_gain_waste,30,0.12607594593031532,0.04890274168681091,0.2881399265074526
repair_disturbance,noise-0.10,CA-HMCD-RepairOff,feasibility_rate,30,0.5694444444444444,0.3945493962238508,0.7285737436130979
repair_disturbance,noise-0.10,CA-HMCD-RepairOff,raw_feasible,30,0.5694444444444444,0.3945493962238508,0.7285737436130979
repair_disturbance,noise-0.10,CA-HMCD-RepairOff,repair_applied,30,0.0,0.0,0.11351339317396873
repair_disturbance,noise-0.10,CA-HMCD-RepairOff,independent_coverage,30,0.23541666666666666,0.11938897829357692,0.41151185892764824
repair_disturbance,noise-0.10,CA-HMCD-RepairOff,same_type_pair_ratio,30,0.0009259259259259259,6.600344882951026e-06,0.11514843469357842
repair_disturbance,noise-0.10,CA-HMCD-RepairOff,capability_overlap,30,0.5871295493397624,0.4110632952861012,0.7434150618108731
repair_disturbance,noise-0.10,CA-HMCD-RepairOff,marginal_gain_waste,30,0.10623744106116553,0.03790350257102318,0.26396602789133183
repair_disturbance,noise-0.10,CA-HMCD-RepairOn,feasibility_rate,30,1.0,0.8864866068260314,1.0
repair_disturbance,noise-0.10,CA-HMCD-RepairOn,raw_feasible,30,0.5694444444444444,0.3945493962238508,0.7285737436130979
repair_disturbance,noise-0.10,CA-HMCD-RepairOn,repair_applied,30,0.4305555555555555,0.27142625638690204,0.6054506037761491
repair_disturbance,noise-0.10,CA-HMCD-RepairOn,independent_coverage,30,0.184375,0.08472623438890511,0.35567909505216266
repair_disturbance,noise-0.10,CA-HMCD-RepairOn,same_type_pair_ratio,30,0.00162037037037037,2.0002011476262516e-05,0.11636626442535461
repair_disturbance,noise-0.10,CA-HMCD-RepairOn,capability_overlap,30,0.6284238435496163,0.45038739613487444,0.7773046384728385
repair_disturbance,noise-0.10,CA-HMCD-RepairOn,marginal_gain_waste,30,0.11672321953473348,0.043628508113416786,0.2768320267068636
repair_disturbance,noise-0.20,CA-HMCD-RepairOff,feasibility_rate,30,0.31666666666666665,0.1793758236992333,0.4955790871312219
repair_disturbance,noise-0.20,CA-HMCD-RepairOff,raw_feasible,30,0.31666666666666665,0.1793758236992333,0.4955790871312219
repair_disturbance,noise-0.20,CA-HMCD-RepairOff,repair_applied,30,0.0,0.0,0.11351339317396873
repair_disturbance,noise-0.20,CA-HMCD-RepairOff,independent_coverage,30,0.2760416666666667,0.148718688881419,0.4542091851444212
repair_disturbance,noise-0.20,CA-HMCD-RepairOff,same_type_pair_ratio,30,0.006944444444444444,0.000340686801498874,0.12548502035616474
repair_disturbance,noise-0.20,CA-HMCD-RepairOff,capability_overlap,30,0.4830594436534419,0.3166094157723354,0.6533554316008536
repair_disturbance,noise-0.20,CA-HMCD-RepairOff,marginal_gain_waste,30,0.08601836541326337,0.02749957408050442,0.23852207685331533
repair_disturbance,noise-0.20,CA-HMCD-RepairOn,feasibility_rate,30,1.0,0.8864866068260314,1.0
repair_disturbance,noise-0.20,CA-HMCD-RepairOn,raw_feasible,30,0.3277777777777778,0.18797339521871007,0.506681217985657
repair_disturbance,noise-0.20,CA-HMCD-RepairOn,repair_applied,30,0.6722222222222223,0.4933187820143431,0.81202660478129
repair_disturbance,noise-0.20,CA-HMCD-RepairOn,independent_coverage,30,0.1888888888888889,0.08768112180333787,0.3607272117271316
repair_disturbance,noise-0.20,CA-HMCD-RepairOn,same_type_pair_ratio,30,0.009814814814814814,0.0006555833971959718,0.13025921354039488
repair_disturbance,noise-0.20,CA-HMCD-RepairOn,capability_overlap,30,0.6178774722561026,0.44024056491117275,0.7687530358919112
repair_disturbance,noise-0.20,CA-HMCD-RepairOn,marginal_gain_waste,30,0.1148726409631702,0.04260321244131961,0.27457629614182055
repair_disturbance,noise-0.30,CA-HMCD-RepairOff,feasibility_rate,30,0.20555555555555555,0.09878571885192719,0.37917216823941
repair_disturbance,noise-0.30,CA-HMCD-RepairOff,raw_feasible,30,0.20555555555555555,0.09878571885192719,0.37917216823941
repair_disturbance,noise-0.30,CA-HMCD-RepairOff,repair_applied,30,0.0,0.0,0.11351339317396873
repair_disturbance,noise-0.30,CA-HMCD-RepairOff,independent_coverage,30,0.2847222222222222,0.15516307157645065,0.4631551949290082
repair_disturbance,noise-0.30,CA-HMCD-RepairOff,same_type_pair_ratio,30,0.008194444444444443,0.0004665997796950566,0.12757532389503362
repair_disturbance,noise-0.30,CA-HMCD-RepairOff,capability_overlap,30,0.39628910522100225,0.2428466769911703,0.5732766846017792
repair_disturbance,noise-0.30,CA-HMCD-RepairOff,marginal_gain_waste,30,0.07266886978775627,0.02116437826130929,0.221188974512721
repair_disturbance,noise-0.30,CA-HMCD-RepairOn,feasibility_rate,30,1.0,0.8864866068260314,1.0
repair_disturbance,noise-0.30,CA-HMCD-RepairOn,raw_feasible,30,0.2361111111111111,0.11987822935439732,0.4122538392651973
repair_disturbance,noise-0.30,CA-HMCD-RepairOn,repair_applied,30,0.763888888888889,0.5877461607348028,0.8801217706456027
repair_disturbance,noise-0.30,CA-HMCD-RepairOn,independent_coverage,30,0.18715277777777778,0.08654189178241642,0.35878836325212937
repair_disturbance,noise-0.30,CA-HMCD-RepairOn,same_type_pair_ratio,30,0.005046296296296296,0.00018461944313941797,0.12227572189231425
repair_disturbance,noise-0.30,CA-HMCD-RepairOn,capability_overlap,30,0.6285591772674192,0.45051807314261005,0.7774139045216714
repair_disturbance,noise-0.30,CA-HMCD-RepairOn,marginal_gain_waste,30,0.12059783046617344,0.0457950670696487,0.2815350491453982
stability_sweep,volatility-0.00,CA-HMCD,feasibility_rate,30,1.0,0.8864866068260314,1.0
stability_sweep,volatility-0.00,CA-HMCD,raw_feasible,30,1.0,0.8864866068260314,1.0
stability_sweep,volatility-0.00,CA-HMCD,repair_applied,30,0.0,0.0,0.11351339317396873
stability_sweep,volatility-0.00,CA-HMCD,independent_coverage,30,0.0,0.0,0.11351339317396873
stability_sweep,volatility-0.00,CA-HMCD,same_type_pair_ratio,30,0.0,0.0,0.11351339317396873
stability_sweep,volatility-0.00,CA-HMCD,capability_overlap,30,0.0,0.0,0.11351339317396873
stability_sweep,volatility-0.00,CA-HMCD,marginal_gain_waste,30,0.0,0.0,0.11351339317396873
stability_sweep,volatility-0.00,No-Stability,feasibility_rate,30,1.0,0.8864866068260314,1.0
stability_sweep,volatility-0.00,No-Stability,raw_feasible,30,1.0,0.8864866068260314,1.0
stability_sweep,volatility-0.00,No-Stability,repair_applied,30,0.0,0.0,0.11351339317396873
stability_sweep,volatility-0.00,No-Stability,independent_coverage,30,0.0,0.0,0.11351339317396873
stability_sweep,volatility-0.00,No-Stability,same_type_pair_ratio,30,0.0,0.0,0.11351339317396873
stability_sweep,volatility-0.00,No-Stability,capability_overlap,30,0.0,0.0,0.11351339317396873
stability_sweep,volatility-0.00,No-Stability,marginal_gain_waste,30,0.0,0.0,0.11351339317396873
stability_sweep,volatility-0.05,CA-HMCD,feasibility_rate,30,1.0,0.8864866068260314,1.0
stability_sweep,volatility-0.05,CA-HMCD,raw_feasible,30,1.0,0.8864866068260314,1.0
stability_sweep,volatility-0.05,CA-HMCD,repair_applied,30,0.0,0.0,0.11351339317396873
stability_sweep,volatility-0.05,CA-HMCD,independent_coverage,30,0.09761904761904762,0.03336010877198159,0.2532292409727837
stability_sweep,volatility-0.05,CA-HMCD,same_type_pair_ratio,30,0.10277777777777779,0.0360613202144663,0.2596743199181867
stability_sweep,volatility-0.05,CA-HMCD,capability_overlap,30,0.17721757285354645,0.08008902912578927,0.3476263737059503
stability_sweep,volatility-0.05,CA-HMCD,marginal_gain_waste,30,0.03045731778913132,0.005062118912107588,0.16245128286167942
stability_sweep,volatility-0.05,No-Stability,feasibility_rate,30,1.0,0.8864866068260314,1.0
stability_sweep,volatility-0.05,No-Stability,raw_feasible,30,1.0,0.8864866068260314,1.0
stability_sweep,volatility-0.05,No-Stability,repair_applied,30,0.0,0.0,0.11351339317396873
stability_sweep,volatility-0.05,No-Stability,independent_coverage,30,0.10158730158730159,0.03543303715134605,0.25819192058410206
stability_sweep,volatility-0.05,No-Stability,same_type_pair_ratio,30,0.22222222222222224,0.11017853377610304,0.39732890687610184
stability_sweep,volatility-0.05,No-Stability,capability_overlap,30,0.3439433379453707,0.20063710430304796,0.5226786140621421
stability_sweep,volatility-0.05,No-Stability,marginal_gain_waste,30,0.06560271685562662,0.018012034515112463,0.21181321838668293
stability_sweep,volatility-0.10,CA-HMCD,feasibility_rate,30,1.0,0.8864866068260314,1.0
stability_sweep,volatility-0.10,CA-HMCD,raw_feasible,30,1.0,0.8864866068260314,1.0
stability_sweep,volatility-0.10,CA-HMCD,repair_applied,30,0.0,0.0,0.11351339317396873
stability_sweep,volatility-0.10,CA-HMCD,independent_coverage,30,0.19682539682539682,0.09293166823554586,0.3695478812762891
stability_sweep,volatility-0.10,CA-HMCD,same_type_pair_ratio,30,0.19421296296296295,0.09119572770574749,0.3666520465455546
stability_sweep,volatility-0.10,CA-HMCD,capability_overlap,30,0.4092253121124083,0.253550033624506,0.5855088762731677
stability_sweep,volatility-0.10,CA-HMCD,marginal_gain_waste,30,0.06207650423662124,0.016496635153335756,0.20707673722932124
stability_sweep,volatility-0.10,No-Stability,feasibility_rate,30,1.0,0.8864866068260314,1.0
stability_sweep,volatility-0.10,No-Stability,raw_feasible,30,1.0,0.8864866068260314,1.0
stability_sweep,volatility-0.10,No-Stability,repair_applied,30,0.0,0.0,0.11351339317396873
stability_sweep,volatility-0.10,No-Stability,independent_coverage,30,0.20952380952380953,0.10147295695610767,0.38352053812591225
stability_sweep,volatility-0.10,No-Stability,same_type_pair_ratio,30,0.2625,0.13878662519350904,0.44013223656412614
stability_sweep,volatility-0.10,No-Stability,capability_overlap,30,0.6215939323574211,0.4438079991310929,0.7717747858812355
stability_sweep,volatility-0.10,No-Stability,marginal_gain_waste,30,0.11466793036861796,0.04249017765399382,0.2743263845284544
stability_sweep,volatility-0.20,CA-HMCD,feasibility_rate,30,1.0,0.8864866068260314,1.0
stability_sweep,volatility-0.20,CA-HMCD,raw_feasible,30,1.0,0.8864866068260314,1.0
stability_sweep,volatility-0.20,CA-HMCD,repair_applied,30,0.0,0.0,0.11351339317396873
stability_sweep,volatility-0.20,CA-HMCD,independent_coverage,30,0.28968253968253965,0.15887212356330851,0.46824065293050376
stability_sweep,volatility-0.20,CA-HMCD,same_type_pair_ratio,30,0.18564814814814815,0.08555731833090005,0.35710526867384507
stability_sweep,volatility-0.20,CA-HMCD,capability_overlap,30,0.627909216624169,0.449890586387002,0.7768890284668688
stability_sweep,volatility-0.20,CA-HMCD,marginal_gain_waste,30,0.08545640551503597,0.027223663096900635,0.23780164799021528
stability_sweep,volatility-0.20,No-Stability,feasibility_rate,30,1.0,0.8864866068260314,1.0
stability_sweep,volatility-0.20,No-Stability,raw_feasible,30,1.0,0.8864866068260314,1.0
stability_sweep,volatility-0.20,No-Stability,repair_applied,30,0.0,0.0,0.11351339317396873
stability_sweep,volatility-0.20,No-Stability,independent_coverage,30,0.3142857142857143,0.17754502050527302,0.49318852553077264
stability_sweep,volatility-0.20,No-Stability,same_type_pair_ratio,30,0.1923611111111111,0.08996970033114343,0.36459479019117347
stability_sweep,volatility-0.20,No-Stability,capability_overlap,30,0.7645895752675484,0.5884948122798384,0.8806154172811014
stability_sweep,volatility-0.20,No-Stability,marginal_gain_waste,30,0.14115861591620696,0.05771158481451427,0.3060722532550891
stability_sweep,volatility-0.30,CA-HMCD,feasibility_rate,30,1.0,0.8864866068260314,1.0
stability_sweep,volatility-0.30,CA-HMCD,raw_feasible,30,1.0,0.8864866068260314,1.0
stability_sweep,volatility-0.30,CA-HMCD,repair_applied,30,0.0,0.0,0.11351339317396873
stability_sweep,volatility-0.30,CA-HMCD,independent_coverage,30,0.3281746031746032,0.18828207476690234,0.5070760992365331
stability_sweep,volatility-0.30,CA-HMCD,same_type_pair_ratio,30,0.18819444444444444,0.08722502222313877,0.3599520799089612
stability_sweep,volatility-0.30,CA-HMCD,capability_overlap,30,0.67944933620646,0.5005300223601812,0.8176288439415156
stability_sweep,volatility-0.30,CA-HMCD,marginal_gain_waste,30,0.0909635608694144,0.029960141164823026,0.24482920884902631
stability_sweep,volatility-0.30,No-Stability,feasibility_rate,30,1.0,0.8864866068260314,1.0
stability_sweep,volatility-0.30,No-Stability,raw_feasible,30,1.0,0.8864866068260314,1.0
stability_sweep,volatility-0.30,No-Stability,repair_applied,30,0.0,0.0,0.11351339317396873
stability_sweep,volatility-0.30,No-Stability,independent_coverage,30,0.34484126984126984,0.20134581293381554,0.5235619146304875
stability_sweep,volatility-0.30,No-Stability,same_type_pair_ratio,30,0.17083333333333334,0.07600427264407036,0.34039204452879246
stability_sweep,volatility-0.30,No-Stability,capability_overlap,30,0.785720903303455,0.6112897654687095,0.8952857426687875
stability_sweep,volatility-0.30,No-Stability,marginal_gain_waste,30,0.14549471993507723,0.06030849656947737,0.31116313777719207
