dataset,sequence_id,source_sha256,source_path,original_split,protocol_split,stratum,median_cleaned_speed_mps,cleaned_duration_s,cleaned_path_length_m,assigned_workload_id,used_in_formal_workload,raw_frames,active_frames,inactive_frames,active_ratio,visibility_events,thermal_crossover,out_of_view,scale_variation,fast_motion,occlusion,dynamic_background_clutter,tiny_size,small_size,medium_size,normal_size
uzh_fpv,indoor_45_12,24bc112430aad75a4926a9e469a975e4c12385d26e7c3f99adc45f8bb6318ab9,external://uzh_fpv/indoor_45_12.zip,public_ground_truth,external_evaluation,uzh_indoor_oblique_45_medium,2.1991307005456697,64.44699956321742,127.70861519678779,UZH-indoor_45_12,1,,,,,,,,,,,,,,,
uzh_fpv,indoor_45_13,aacdc9459323de36c9e4a4020bd0c2778754938233f5bf8d088767c5cd889876,external://uzh_fpv/indoor_45_13.zip,public_ground_truth,external_evaluation,uzh_indoor_oblique_45_high,3.1387445794018918,55.16399992942803,169.0934110610288,UZH-indoor_45_13,1,,,,,,,,,,,,,,,
uzh_fpv,indoor_45_14,f555c6b12280b62c84449436ff543559ad6f6abad4de657ce508b6c5605b7466,external://uzh_fpv/indoor_45_14.zip,public_ground_truth,external_evaluation,uzh_indoor_oblique_45_medium,1.431425892096282,57.76300004005456,202.94050952271166,UZH-indoor_45_14,1,,,,,,,,,,,,,,,
uzh_fpv,indoor_45_2,5fb19e2a1cd1c9fc43737fb364000f45fb08163bf1f210e4a1bd1c06b50bf7ed,external://uzh_fpv/indoor_45_2.zip,public_ground_truth,external_evaluation,uzh_indoor_oblique_45_high,3.5821532546019594,68.41500034523057,221.4487181607104,UZH-indoor_45_2,1,,,,,,,,,,,,,,,
uzh_fpv,indoor_45_4,00382adc12365f0185bdafdf4b694087ca98046d2f2b9493c1b5f48679e3c0ac,external://uzh_fpv/indoor_45_4.zip,public_ground_truth,external_evaluation,uzh_indoor_oblique_45_high,3.151459698964388,58.574999860763754,170.01715276590903,UZH-indoor_45_4,1,,,,,,,,,,,,,,,
uzh_fpv,indoor_45_9,4a4ade80bbfd53077b7c732651fe4231a1c32d82dd4fccc61ab41b82d9ba89c5,external://uzh_fpv/indoor_45_9.zip,public_ground_truth,external_evaluation,uzh_indoor_oblique_45_medium,1.0325897378870825,62.94299977874787,219.82235641766053,UZH-indoor_45_9,1,,,,,,,,,,,,,,,
uzh_fpv,indoor_forward_10,c884f92821cef5c6007db9cf55171d051432bc40a55947fa3242b94920c6f7bb,external://uzh_fpv/indoor_forward_10.zip,public_ground_truth,external_evaluation,uzh_indoor_forward_low,0.5458044772679264,55.335999382018905,160.9723979856748,UZH-indoor_forward_10,1,,,,,,,,,,,,,,,
uzh_fpv,indoor_forward_3,a180ad4f956132010df1c4c0ac049069904f7a86092664422943b9041ba07f21,external://uzh_fpv/indoor_forward_3.zip,public_ground_truth,external_evaluation,uzh_indoor_forward_medium,2.3079840011101407,76.77000110244771,287.5170651010164,UZH-indoor_forward_3,1,,,,,,,,,,,,,,,
uzh_fpv,indoor_forward_5,f85f14e8fce097bcbe0598aef10f1c57883b1d41e57607299d95caad32f36054,external://uzh_fpv/indoor_forward_5.zip,public_ground_truth,external_evaluation,uzh_indoor_forward_high,2.768697760637551,137.16899988746832,339.9196484784363,UZH-indoor_forward_5,1,,,,,,,,,,,,,,,
uzh_fpv,indoor_forward_6,4b60dc2540d84497b0a7f1f00562f4dde249a9f1585fd34f789a1560b36643f1,external://uzh_fpv/indoor_forward_6.zip,public_ground_truth,external_evaluation,uzh_indoor_forward_low,0.27716555957687034,54.26699999809276,214.88718634569713,UZH-indoor_forward_6,1,,,,,,,,,,,,,,,
uzh_fpv,indoor_forward_7,47eebeec75e45b70eb4dc26c202d8fdfdfaedf9d9f00552cd6a701002a44663d,external://uzh_fpv/indoor_forward_7.zip,public_ground_truth,external_evaluation,uzh_indoor_forward_medium,2.3570026172370064,97.78199993133606,327.848879696464,UZH-indoor_forward_7,1,,,,,,,,,,,,,,,
uzh_fpv,indoor_forward_9,28ac9aabc01432b66d1c37655951e284a0d2a1effa055fd5c24a82116158b376,external://uzh_fpv/indoor_forward_9.zip,public_ground_truth,external_evaluation,uzh_indoor_forward_low,0.5003538509443227,59.18300009536762,169.99865660167757,UZH-indoor_forward_9,1,,,,,,,,,,,,,,,
uzh_fpv,outdoor_45_1,5f9776431b9f70d792c003fcd9aa403e5ab160a66eaa588bbf7f62f1dd293a83,external://uzh_fpv/outdoor_45_1.zip,public_ground_truth,external_evaluation,uzh_outdoor_oblique_45_low,0.24669350132443912,40.55600004577631,160.13509239930943,UZH-outdoor_45_1,1,,,,,,,,,,,,,,,
uzh_fpv,outdoor_forward_1,73946f3b7feefe93466c0163cf311773abdd8d937a9fdece3561a7af94b0b25c,external://uzh_fpv/outdoor_forward_1.zip,public_ground_truth,external_evaluation,uzh_outdoor_forward_high,4.275674629177688,74.68699940109292,265.33914192172097,UZH-outdoor_forward_1,1,,,,,,,,,,,,,,,
uzh_fpv,outdoor_forward_3,c61c0aaaf0165a267b9518b6853610f95fe9ffd1cf17b4908964b5159c244679,external://uzh_fpv/outdoor_forward_3.zip,public_ground_truth,external_evaluation,uzh_outdoor_forward_high,6.717004041442589,121.81199981880245,761.6336717343481,UZH-outdoor_forward_3,1,,,,,,,,,,,,,,,
uzh_fpv,outdoor_forward_5,3f1e69c2ad3582e62f3318592baed9d0676fc0eb4c217560c8b9c00823ccc842,external://uzh_fpv/outdoor_forward_5.zip,public_ground_truth,external_evaluation,uzh_outdoor_forward_low,0.20320341700806716,63.656999914169354,218.67801421352294,UZH-outdoor_forward_5,1,,,,,,,,,,,,,,,
anti_uav410,01_1667_0001-1500,2e433bda56b39be6bfddc902595ff2bcf03865468ee14bf3ae809fc0ab294433,external://anti_uav410/01_1667_0001-1500.txt,train,development,visibility,,,,,0,1500,1490,10,0.9933333333333333,1,0,1,0,1,0,1,1,1,1,0
anti_uav410,01_1751_0250-1750,5d93c61e8be8f816f20422b77122c94e97aa9ba74c3a7298ec56efa5541d7a6a,external://anti_uav410/01_1751_0250-1750.txt,train,development,fast_motion,,,,,0,1500,1500,0,1.0,0,0,0,0,1,0,0,1,1,0,0
anti_uav410,01_2192_0001-1500,2f1faf717ae982ba871ba11b790488ac3ab7134b578899689ea568f4e8f5f0cc,external://anti_uav410/01_2192_0001-1500.txt,train,development,fast_motion,,,,,0,1500,1500,0,1.0,0,0,0,0,1,0,1,1,1,0,0
anti_uav410,01_4485_1167-2666,b731e23801194df6e44c2bf8bbe7f22c003bdd341a3ac3f30375fb1a3ca16e28,external://anti_uav410/01_4485_1167-2666.txt,train,development,visibility,,,,,0,1467,983,484,0.6700749829584185,3,0,1,0,0,0,0,1,1,0,0
anti_uav410,01_4485_2985-4484,6252e48468f5443f8a918f8912b75f4ff1ac4e2ff7ee4bd290cdf45027eb2828,external://anti_uav410/01_4485_2985-4484.txt,train,development,visibility,,,,,0,1500,1318,182,0.8786666666666667,3,1,1,0,0,0,1,1,1,1,0
anti_uav410,02_1610_0001_1500,4262669018e67c67d7b1d0e03fdb97fb2e392d1d8fc4c028f56921344a31d95b,external://anti_uav410/02_1610_0001_1500.txt,train,development,visibility,,,,,0,1500,1469,31,0.9793333333333333,1,1,1,1,1,0,1,1,1,1,1
anti_uav410,02_6319_0000-1499,96231d9562f8dfe7661e65e5b6b6f42679c20d9694361a48c6747b609a7105c0,external://anti_uav410/02_6319_0000-1499.txt,train,development,visibility,,,,,0,1500,1457,43,0.9713333333333334,2,1,1,0,0,0,1,1,1,0,0
anti_uav410,20190925_101846_1_1,f2f94149b7a15fdeaa58bcd33d64ab4d6d9266acf353a34936467440808d92ea,external://anti_uav410/20190925_101846_1_1.txt,train,development,visibility,,,,,0,1000,791,209,0.791,7,0,1,1,1,0,0,0,1,1,1
anti_uav410,20190925_101846_1_2,49de927ea7c52096a77ba6c780fe03196a7858ce9abb22e1ef7c008855f8287c,external://anti_uav410/20190925_101846_1_2.txt,train,development,scale_small,,,,,0,1000,1000,0,1.0,0,1,0,1,0,0,0,0,1,1,1
anti_uav410,20190925_101846_1_3,d388041fb988cf30d0d3b616967246825dd8398d7ab1863b9aae2d9520ea4785,external://anti_uav410/20190925_101846_1_3.txt,train,development,fast_motion,,,,,0,1000,1000,0,1.0,0,1,0,1,1,0,0,0,1,1,0
anti_uav410,20190925_101846_1_6,291b6fca131b4d797192fa15d1203f5ea293557e7dc04c2f0ed3e588ce1ad646,external://anti_uav410/20190925_101846_1_6.txt,train,development,scale_small,,,,,0,1000,1000,0,1.0,0,1,0,1,0,0,0,0,1,0,0
anti_uav410,20190925_101846_1_7,0bf419c8aa2540639f47e8869e865802624104a9a71241fb34b9bd06e1d95d40,external://anti_uav410/20190925_101846_1_7.txt,train,development,scale_small,,,,,0,1000,1000,0,1.0,0,1,0,1,0,0,0,1,1,0,0
anti_uav410,20190925_101846_1_8,8fea230f2ae02c2ed8d3e587653a31fa4662d278252d264033de0300767435dc,external://anti_uav410/20190925_101846_1_8.txt,train,development,visibility,,,,,0,899,898,1,0.9988876529477196,1,1,0,1,0,0,0,1,1,0,0
anti_uav410,20190925_130434_1_3,620e2de35ccf4d557b67acd316db750f809f5eafbf82529190be69bff5cc7dba,external://anti_uav410/20190925_130434_1_3.txt,train,development,visibility,,,,,0,989,924,65,0.9342770475227502,5,0,1,0,1,0,0,0,0,0,1
anti_uav410,20190925_130434_1_4,3d816b3cbf8e73a8cd80ae338d32f24df7d56958a6f75153163fd97ddf4a5762,external://anti_uav410/20190925_130434_1_4.txt,train,development,fast_motion,,,,,0,1000,1000,0,1.0,0,0,0,0,1,0,0,0,0,0,1
anti_uav410,20190925_130434_1_7,7f55e9b2132aa8a59700fa78d5bafca9e9b6df1d1458b274a862a1bcfcdea1fa,external://anti_uav410/20190925_130434_1_7.txt,train,development,fast_motion,,,,,0,1000,1000,0,1.0,0,0,0,0,1,0,0,0,0,1,1
anti_uav410,20190925_130434_1_9,3e557ef7eb92d49d0549673dd666c3191ead0e6f8bcfd75c03781641139d707a,external://anti_uav410/20190925_130434_1_9.txt,train,development,fast_motion,,,,,0,869,869,0,1.0,0,0,0,0,1,0,0,0,1,1,1
anti_uav410,20190925_131530_1_1,0bccdeadf0d537323d8e47577cfc606f5b012c52f5cfe94ebc7f8ab27ee8c2fc,external://anti_uav410/20190925_131530_1_1.txt,train,development,fast_motion,,,,,0,1000,1000,0,1.0,0,1,0,0,1,0,0,0,1,1,0
anti_uav410,20190925_131530_1_2,4807a9cc06e0a61977d8ddb5b600ccaeab2c27abaa464baf41cf6513decd8fd9,external://anti_uav410/20190925_131530_1_2.txt,train,development,fast_motion,,,,,0,1000,1000,0,1.0,0,1,0,0,1,0,0,0,1,1,0
anti_uav410,20190925_131530_1_4,e4d3d16d7da9e111af19e480bdc06a3265cfe406639daad4136181dd59760b36,external://anti_uav410/20190925_131530_1_4.txt,train,development,nominal,,,,,0,1000,1000,0,1.0,0,1,0,0,0,0,0,0,1,1,0
anti_uav410,20190925_131530_1_5,5d9287dc92a63679c2d0b957bb57a661b9c4e2a87bc0e0db8a5bd1866eeddc94,external://anti_uav410/20190925_131530_1_5.txt,train,development,nominal,,,,,0,1000,1000,0,1.0,0,1,0,0,0,0,0,0,0,1,0
anti_uav410,20190925_131530_1_6,a54762e07d779be31c9a13ab36753a5fb08c64aee6e918103961d1e910185f26,external://anti_uav410/20190925_131530_1_6.txt,train,development,nominal,,,,,0,1000,1000,0,1.0,0,1,0,0,0,0,0,0,0,1,0
anti_uav410,20190925_131530_1_7,efa89ae69399f5edf2efed2bcaf8a7e88e47c835d97dd3df19e36b26dced1460,external://anti_uav410/20190925_131530_1_7.txt,train,development,visibility,,,,,0,923,922,1,0.9989165763813651,1,1,0,0,0,0,0,0,1,1,0
anti_uav410,20190925_133630_1_1,b1de52be5cb32293af9746ccc8245541735ba880b6e18e8db2ccf16c868c4ed3,external://anti_uav410/20190925_133630_1_1.txt,train,development,fast_motion,,,,,0,1000,1000,0,1.0,0,1,0,1,1,0,0,0,1,1,0
anti_uav410,20190925_133630_1_10,3c5e67f240a730fe75098bb64b3dc959be8383fcec3b812cfa8e183c4cd0cf37,external://anti_uav410/20190925_133630_1_10.txt,train,development,nominal,,,,,0,658,658,0,1.0,0,1,0,0,0,0,0,0,1,1,0
anti_uav410,20190925_133630_1_2,525acfa279709e414471893bd767c0af29fdedb0b3968e5bf8fe115f601e4246,external://anti_uav410/20190925_133630_1_2.txt,train,development,fast_motion,,,,,0,1000,1000,0,1.0,0,1,0,0,1,0,0,0,1,1,0
anti_uav410,20190925_133630_1_3,c7f79dfa3b156505e965bab97357eb238fadd61709837f11a3d2e1de2bd3ec63,external://anti_uav410/20190925_133630_1_3.txt,train,development,nominal,,,,,0,1000,1000,0,1.0,0,1,0,0,0,0,0,0,1,1,0
anti_uav410,20190925_133630_1_4,e0644762472bd284d6daacdd510f3d731ad7b299045f3cb1a2d3ea81c2bd42e7,external://anti_uav410/20190925_133630_1_4.txt,train,development,fast_motion,,,,,0,1000,1000,0,1.0,0,1,0,0,1,0,0,0,1,1,0
anti_uav410,20190925_133630_1_5,68cbe77cae22d88036213768627ab95fb7d9209c9b6f19187ef3c3e7cfd6b6ca,external://anti_uav410/20190925_133630_1_5.txt,train,development,scale_small,,,,,0,1000,1000,0,1.0,0,1,0,1,0,0,0,0,1,1,0
anti_uav410,20190925_133630_1_6,7d3bd1e0cb80e4c9a35bc5ed6c32ba8d8b2dbf754dbff5be05b9c8fa2cf0c6c7,external://anti_uav410/20190925_133630_1_6.txt,train,development,scale_small,,,,,0,1000,1000,0,1.0,0,1,0,1,0,0,0,0,1,1,0
anti_uav410,20190925_133630_1_7,c54d6a7f11dd5b4b5eb2c28ad1087fc72f0dcd9430e46a539cc499ed825401c5,external://anti_uav410/20190925_133630_1_7.txt,train,development,scale_small,,,,,0,1000,1000,0,1.0,0,1,0,1,0,0,0,0,1,1,0
anti_uav410,20190925_133630_1_8,2ea1a070541c7bc267eb3dc1a70148f1bfd161de3d2513555286b75fd54ae126,external://anti_uav410/20190925_133630_1_8.txt,train,development,nominal,,,,,0,1000,1000,0,1.0,0,1,0,0,0,0,0,0,1,1,0
anti_uav410,20190925_140917_1_1,01ff631e4feae8ad0913c1eb5d412645e7ba33a61817f1b443756ba0b124f336,external://anti_uav410/20190925_140917_1_1.txt,train,development,fast_motion,,,,,0,1000,1000,0,1.0,0,1,0,0,1,0,0,0,1,1,0
anti_uav410,20190925_140917_1_2,d33847a54c305e83449217719f1fe96badc0980a6785aad65064e5f365420deb,external://anti_uav410/20190925_140917_1_2.txt,train,development,fast_motion,,,,,0,1000,1000,0,1.0,0,1,0,0,1,0,0,0,1,1,0
anti_uav410,20190925_140917_1_4,c6863104330c023856c95b60d9b6d97f317e5d154171f1bfbc5d1d32bc64a1f2,external://anti_uav410/20190925_140917_1_4.txt,train,development,scale_small,,,,,0,1000,1000,0,1.0,0,1,0,1,0,0,0,0,1,1,0
anti_uav410,20190925_140917_1_5,384aafd322b89dd57472414fab5e086f112261bc02e160183badadbb00fc567e,external://anti_uav410/20190925_140917_1_5.txt,train,development,nominal,,,,,0,1000,1000,0,1.0,0,1,0,0,0,0,0,0,1,1,0
anti_uav410,20190925_140917_1_7,18007451fd2fef26e34c0300b733b2b7c26628ae838436eca40e966293adf70e,external://anti_uav410/20190925_140917_1_7.txt,train,development,nominal,,,,,0,1000,1000,0,1.0,0,1,0,0,0,0,0,0,1,1,0
anti_uav410,20190925_140917_1_8,d5c270f30f80bbf5d6b92f89a754bc8c2f6b594370d60e72120c6de273a8e0c2,external://anti_uav410/20190925_140917_1_8.txt,train,development,nominal,,,,,0,404,404,0,1.0,0,1,0,0,0,0,0,0,1,1,0
anti_uav410,20190925_141417_1_2,695e1702da11e0f5e97941c6298c8a4f43082bd7dbf1e9158272c51ecd69a6bd,external://anti_uav410/20190925_141417_1_2.txt,train,development,fast_motion,,,,,0,1000,1000,0,1.0,0,1,0,0,1,0,0,0,1,0,0
anti_uav410,20190925_141417_1_3,2c73836dc5ec6eb3e81e3292cf9966b3fe68d86076172a2cc05a31254339d7c5,external://anti_uav410/20190925_141417_1_3.txt,train,development,fast_motion,,,,,0,1000,1000,0,1.0,0,1,0,0,1,0,0,0,1,1,0
anti_uav410,20190925_141417_1_4,48ec71d0bc94a850c05c349604503b2886a445124df2cae8571e792a70388302,external://anti_uav410/20190925_141417_1_4.txt,train,development,fast_motion,,,,,0,1000,1000,0,1.0,0,1,0,1,1,0,0,0,1,1,0
anti_uav410,20190925_141417_1_5,b885da583795940dae09eb970f94d8df657ca9ad0f948aabb6be98c45f442c93,external://anti_uav410/20190925_141417_1_5.txt,train,development,nominal,,,,,0,1000,1000,0,1.0,0,1,0,0,0,0,0,0,1,0,0
anti_uav410,20190925_141417_1_8,f5ca280d9ecf3471b02aa330174b0b5df0bf749d47ce069120af2acd251a2b8b,external://anti_uav410/20190925_141417_1_8.txt,train,development,visibility,,,,,0,379,379,0,1.0,0,0,1,0,0,0,0,0,1,1,0
anti_uav410,20190925_143900_1_3,12cbd1d9b145e8bfe7e05853e76b16e07dca1cc7e9e32c58027859c7695d30bd,external://anti_uav410/20190925_143900_1_3.txt,train,development,fast_motion,,,,,0,1000,1000,0,1.0,0,1,0,0,1,0,0,0,1,1,0
anti_uav410,20190925_143900_1_4,4cfdcb7230383969cdab3648275623263bba6c408c89a3188153b695546609bc,external://anti_uav410/20190925_143900_1_4.txt,train,development,fast_motion,,,,,0,1000,1000,0,1.0,0,1,0,0,1,0,0,0,1,1,0
anti_uav410,20190925_143900_1_5,12e5e9c4d7b96d1218bb38c014aeb70154181f5fd397857547f43fa27a39829f,external://anti_uav410/20190925_143900_1_5.txt,train,development,nominal,,,,,0,1000,1000,0,1.0,0,1,0,0,0,0,0,0,1,1,0
anti_uav410,20190925_143900_1_6,08a38e9c5221c6955ed62af23252569e687f1e558ca71a1f246c1b21162d0cb1,external://anti_uav410/20190925_143900_1_6.txt,train,development,visibility,,,,,0,1000,980,20,0.98,1,1,1,0,0,0,0,0,1,1,0
anti_uav410,20190925_143900_1_8,4b6c90011119ea22727858ae1a84ae0388c13943119f67b166215fa5df19017c,external://anti_uav410/20190925_143900_1_8.txt,train,development,nominal,,,,,0,534,534,0,1.0,0,1,0,0,0,0,0,0,1,1,0
anti_uav410,20190925_152412_1_1,d6846cd40f78a8b10174f627e19385bed508d87c88dbed42a546bec5425d6f56,external://anti_uav410/20190925_152412_1_1.txt,train,development,visibility,,,,,0,1000,970,30,0.97,7,1,1,1,1,0,0,0,1,1,0
anti_uav410,20190925_152412_1_2,d5052cb66375ee36f4ce3207aa1b84b8e2f953766f1b92ed7e4a1a7acd5b0475,external://anti_uav410/20190925_152412_1_2.txt,train,development,visibility,,,,,0,1000,996,4,0.996,2,1,1,1,1,0,0,0,1,1,0
anti_uav410,20190925_152412_1_4,31513244303d05aaf2557e9c77c1699f5ee1e1976ef5d1b441a1eb78a21a65e6,external://anti_uav410/20190925_152412_1_4.txt,train,development,visibility,,,,,0,1000,995,5,0.995,1,1,0,1,1,0,0,1,1,1,0
anti_uav410,20190925_152412_1_6,55170a785382354845b32835fc70542e3f53647fcbc36a75b2dea022e96f7a93,external://anti_uav410/20190925_152412_1_6.txt,train,development,fast_motion,,,,,0,1000,1000,0,1.0,0,1,0,0,1,0,0,0,1,1,0
anti_uav410,20190925_152412_1_7,c787661411da24a1387606d58ebc0c95639633437861ebd6bd99c17a1078ba25,external://anti_uav410/20190925_152412_1_7.txt,train,development,fast_motion,,,,,0,1000,1000,0,1.0,0,1,0,1,1,0,0,0,1,1,0
anti_uav410,20190925_152412_1_8,47ae9b20edd9b094546502234d91e30586d505ed510336547c38e298b17d689f,external://anti_uav410/20190925_152412_1_8.txt,train,development,fast_motion,,,,,0,604,604,0,1.0,0,1,0,1,1,0,0,0,1,1,0
anti_uav410,20190925_183946_1_4,cd4395b531bfbd770e3f1183acc4aad70c9a2a3f094703fec5730f3b558c63ee,external://anti_uav410/20190925_183946_1_4.txt,train,development,fast_motion,,,,,0,979,979,0,1.0,0,0,0,0,1,0,0,0,0,1,1
anti_uav410,20190925_183946_1_5,85b79e2b14d6eab99b58819d52e1d2f856350fcc9a441d4528cfec2fdf7f4cd0,external://anti_uav410/20190925_183946_1_5.txt,train,development,fast_motion,,,,,0,914,914,0,1.0,0,0,0,0,1,0,0,0,0,1,1
anti_uav410,20190925_183946_1_6,d00fa19ea25c90284c29eaf335d7ccbf2cdb23e19e0d981d773c893899246ba3,external://anti_uav410/20190925_183946_1_6.txt,train,development,fast_motion,,,,,0,929,929,0,1.0,0,1,0,0,1,0,0,0,0,1,0
anti_uav410,20190925_183946_1_7,ba05643b36c24851d36b1596241c2c18e4f6b0b9b05353d74b5f67e9b843b194,external://anti_uav410/20190925_183946_1_7.txt,train,development,fast_motion,,,,,0,920,920,0,1.0,0,1,0,0,1,0,0,0,1,1,1
anti_uav410,20190925_183946_1_8,297a6876ae3e81485a6ca431decdd5bd243245d854a419ab275052d352cb7a5c,external://anti_uav410/20190925_183946_1_8.txt,train,development,fast_motion,,,,,0,549,549,0,1.0,0,1,0,0,1,0,0,0,0,1,0
anti_uav410,20190925_194211_1_1,2e130852d3756da98967c598f58cd928b452a7aeadc400829e2c7d292ea88c7c,external://anti_uav410/20190925_194211_1_1.txt,train,development,fast_motion,,,,,0,943,943,0,1.0,0,0,0,0,1,0,0,0,1,1,0
anti_uav410,20190925_194211_1_2,2bc20eaba6b30e4d16ae2357119564c8511dff7c1c67400d9259ec85c02327ba,external://anti_uav410/20190925_194211_1_2.txt,train,development,visibility,,,,,0,956,727,229,0.7604602510460251,1,0,0,1,1,1,0,0,1,1,0
anti_uav410,20190925_194211_1_5,2d56284653177b65a099b67f1e07e0bf4a49594aea5fa0ec3ae9418be65a14f5,external://anti_uav410/20190925_194211_1_5.txt,train,development,visibility,,,,,0,959,920,39,0.959332638164755,1,0,1,1,1,0,0,0,1,1,0
anti_uav410,20190925_194211_1_6,5af6e54b3859de488577c364bce1ccbd01f6dc544f3d6187a2877194c954e90e,external://anti_uav410/20190925_194211_1_6.txt,train,development,fast_motion,,,,,0,942,942,0,1.0,0,0,0,0,1,0,0,0,1,1,0
anti_uav410,20190925_194211_1_7,d2f0d026c7b4c9708394fa1edbf213578f8a3f874649717aafec316788edab47,external://anti_uav410/20190925_194211_1_7.txt,train,development,fast_motion,,,,,0,924,924,0,1.0,0,1,0,1,1,0,0,0,1,1,0
anti_uav410,20190925_194211_1_8,85634332df5863891383fd6520558d79183bd58327405aa9b7588141b4892846,external://anti_uav410/20190925_194211_1_8.txt,train,development,visibility,,,,,0,851,796,55,0.9353701527614571,1,1,1,0,1,0,0,0,1,1,0
anti_uav410,20190925_200320_1_1,6c56b854d6a14dbe301baa066e8a59bca7ddf3a44ff987574f43500be60e5d03,external://anti_uav410/20190925_200320_1_1.txt,train,development,fast_motion,,,,,0,937,937,0,1.0,0,1,0,0,1,0,0,0,0,1,0
anti_uav410,20190925_200320_1_2,36048146ec21c74ca982b467e04e5a3195d55bc681e148a2274a6ea8fb8e3350,external://anti_uav410/20190925_200320_1_2.txt,train,development,fast_motion,,,,,0,915,915,0,1.0,0,0,0,0,1,0,0,0,0,1,0
anti_uav410,20190925_200320_1_3,5e8ac476fc22c487433b4450724d34d2e7c59e56bc56f71fa959eebacfb4139d,external://anti_uav410/20190925_200320_1_3.txt,train,development,fast_motion,,,,,0,857,857,0,1.0,0,0,0,0,1,0,0,0,0,1,0
anti_uav410,20190925_200320_1_5,8048ab9811ecbb29e8153806afb15c75415126655c221038a82146e8a8aedfd3,external://anti_uav410/20190925_200320_1_5.txt,train,development,fast_motion,,,,,0,938,938,0,1.0,0,0,0,0,1,0,0,0,1,1,0
anti_uav410,20190925_200320_1_6,f887ba6b1b8dc0f5860fd0ab66478262305e12a20045136f294692ff48eb5407,external://anti_uav410/20190925_200320_1_6.txt,train,development,fast_motion,,,,,0,898,898,0,1.0,0,0,0,0,1,0,0,0,1,1,0
anti_uav410,20190925_200320_1_7,67757f35ea9e46779ac701854e6c703ea34cdbf8b867494df8f0b274ae69952a,external://anti_uav410/20190925_200320_1_7.txt,train,development,fast_motion,,,,,0,930,930,0,1.0,0,0,0,0,1,0,0,0,1,1,0
anti_uav410,20190925_205804_1_1,b734ca6bd8e55b7048c9890bbb6556ee3069e271f18bed75bdebc6241be078b4,external://anti_uav410/20190925_205804_1_1.txt,train,development,visibility,,,,,0,898,888,10,0.9888641425389755,3,0,1,1,1,0,0,0,1,1,1
anti_uav410,20190925_205804_1_2,35759c5865f4012128736310a90e7414dc6dc3751851e1962c1bb26625bd017d,external://anti_uav410/20190925_205804_1_2.txt,train,development,visibility,,,,,0,894,894,0,1.0,0,0,0,0,1,1,0,0,0,1,1
anti_uav410,20190925_205804_1_3,88eac9beadcc3ff9fcd6a990a59e4ffa64e757475fccb40572bf8b57350fe1ee,external://anti_uav410/20190925_205804_1_3.txt,train,development,fast_motion,,,,,0,919,919,0,1.0,0,0,0,0,1,0,0,0,0,1,1
anti_uav410,20190925_205804_1_4,3c10260b9239d2a3be83edc558163d92ebcb3b2650176d2bad8fec3e12659dd0,external://anti_uav410/20190925_205804_1_4.txt,train,development,fast_motion,,,,,0,942,942,0,1.0,0,0,0,1,1,0,0,0,0,1,1
anti_uav410,20190925_205804_1_7,274afb464a5be3af724020ec9ac278e94020543830fb98cb5e12204caf1bd73f,external://anti_uav410/20190925_205804_1_7.txt,train,development,fast_motion,,,,,0,950,950,0,1.0,0,0,0,0,1,0,0,0,0,1,1
anti_uav410,20190925_205804_1_8,62756ffdfac02c84ec8f979fa831df4affc43ba4d66f559cd85219389ebb3b4c,external://anti_uav410/20190925_205804_1_8.txt,train,development,fast_motion,,,,,0,530,530,0,1.0,0,0,0,0,1,0,0,0,0,1,1
anti_uav410,20190925_210802_1_1,88809136a6de248e7525d569965580e4465de4856ead3110db2d3df924c95eb6,external://anti_uav410/20190925_210802_1_1.txt,train,development,fast_motion,,,,,0,944,944,0,1.0,0,0,0,0,1,0,0,0,0,1,1
anti_uav410,20190925_210802_1_2,3444b2992871d10f3f92b19de2769528739b02aff6b8aabbd77059f1d08d8030,external://anti_uav410/20190925_210802_1_2.txt,train,development,visibility,,,,,0,892,885,7,0.992152466367713,1,0,1,0,1,0,0,0,0,1,1
anti_uav410,20190925_210802_1_4,81e897a804f97b7905a3abf6a8e78a9a8dd000d09505412799cf20625124bfd5,external://anti_uav410/20190925_210802_1_4.txt,train,development,visibility,,,,,0,907,906,1,0.9988974641675854,1,0,1,0,1,0,0,0,0,1,1
anti_uav410,20190925_210802_1_5,30b8b1da4c6b67b247284a533fad769f5d47d9a5a3e936e44e0302aece2f2a56,external://anti_uav410/20190925_210802_1_5.txt,train,development,fast_motion,,,,,0,900,900,0,1.0,0,0,0,0,1,0,0,0,0,1,1
anti_uav410,20190925_210802_1_7,e1144d707a3e9abd2b48f7e363d5e7f5f50ab518e7c319bd68d4f2faa9739d19,external://anti_uav410/20190925_210802_1_7.txt,train,development,fast_motion,,,,,0,934,934,0,1.0,0,0,0,0,1,0,0,0,0,1,1
anti_uav410,20190925_213001_1_2,b24948ff5f847e1c3c15a3001660d1f168ba056af99bc54e7b64ecb1217a056e,external://anti_uav410/20190925_213001_1_2.txt,train,development,visibility,,,,,0,936,885,51,0.9455128205128205,2,0,0,0,1,1,0,0,1,1,0
anti_uav410,20190925_213001_1_4,09bf9d9f499b1a7d7d461a2f2211365dfc2cceca46cc798bc67f596ff4c4cd6e,external://anti_uav410/20190925_213001_1_4.txt,train,development,fast_motion,,,,,0,942,942,0,1.0,0,1,0,0,1,0,0,0,1,1,0
anti_uav410,20190925_213001_1_5,0405cba66675970d8df346d9cd5e4c5f065574827448363441bbcedfc24c3e45,external://anti_uav410/20190925_213001_1_5.txt,train,development,visibility,,,,,0,933,903,30,0.9678456591639871,1,1,0,0,1,0,0,0,1,1,0
anti_uav410,20190925_213001_1_6,4b739cf4801016a2d19f24d8c0baa3859c347c57433abe3330d82ea9c67e145e,external://anti_uav410/20190925_213001_1_6.txt,train,development,visibility,,,,,0,977,960,17,0.9825997952917093,1,1,0,0,1,0,0,0,1,1,0
anti_uav410,20190925_213001_1_7,81e5f0224e723c68aa41c367b5320c4bf8f183af45be040557144aadbad12ed1,external://anti_uav410/20190925_213001_1_7.txt,train,development,fast_motion,,,,,0,948,948,0,1.0,0,1,0,0,1,0,0,0,1,1,0
anti_uav410,20190925_213001_1_8,10297457b96431e3fae726cb13616574180e400341250aa565c0f32d787b0147,external://anti_uav410/20190925_213001_1_8.txt,train,development,fast_motion,,,,,0,688,688,0,1.0,0,1,0,0,1,0,0,0,1,1,0
anti_uav410,20190925_222534_1_1,0ecae77b3ec2cba7ef50eb9be900ca081e4c39e9430384eed54d6ea0f2b3d610,external://anti_uav410/20190925_222534_1_1.txt,train,development,fast_motion,,,,,0,979,979,0,1.0,0,0,0,1,1,0,0,0,0,1,1
anti_uav410,20190925_222534_1_2,4aeeb27067db94b8a53db5e8efe2643f7288ecb8ebeb7b204fbfa2870a2cd5b2,external://anti_uav410/20190925_222534_1_2.txt,train,development,nominal,,,,,0,1000,1000,0,1.0,0,0,0,0,0,0,0,0,1,1,0
anti_uav410,20190925_222534_1_3,b5c2d275101fa4d792fb7234f4c360d6a45bdd6d990227a0178f3198f9084aad,external://anti_uav410/20190925_222534_1_3.txt,train,development,nominal,,,,,0,986,986,0,1.0,0,0,0,0,0,0,0,0,1,1,0
anti_uav410,20190925_222534_1_4,94c9121bcdb25d28b545e16c1aa8a5f4b59c759d871063ec0daea3d0bf48d864,external://anti_uav410/20190925_222534_1_4.txt,train,development,nominal,,,,,0,987,987,0,1.0,0,0,0,0,0,0,0,0,1,1,0
anti_uav410,20190925_222534_1_6,4c6093b149bbbacc520f8b71ea77ed5c97766683c19ce7d8efe3601a43f4b0cb,external://anti_uav410/20190925_222534_1_6.txt,train,development,visibility,,,,,0,1000,998,2,0.998,1,0,0,0,0,0,0,1,1,1,0
anti_uav410,20190926_103046_1_1,a6da2f8db2731c4b8031235394a4cb028251e6ecc7792fdc56f451e857c34885,external://anti_uav410/20190926_103046_1_1.txt,train,development,nominal,,,,,0,1000,1000,0,1.0,0,1,0,0,0,0,0,0,1,1,0
anti_uav410,20190926_103046_1_3,cdeeeffc7562feba9fc4c6f829bc25d3efb410793e117da2bfece0187e33ff18,external://anti_uav410/20190926_103046_1_3.txt,train,development,visibility,,,,,0,1000,974,26,0.974,1,1,1,0,0,0,0,0,1,1,1
anti_uav410,20190926_103046_1_4,5aab1d0c47e0fdb21a1895cc74f1ce95c962c0df603f081d292779f2f854a536,external://anti_uav410/20190926_103046_1_4.txt,train,development,scale_small,,,,,0,1000,1000,0,1.0,0,1,0,1,0,0,0,0,1,1,1
anti_uav410,20190926_103046_1_5,bdc5fe2f83e9ad50decb97ca1cd32fbcdd94fd03ab9e0e16c3ebd9cd355753c1,external://anti_uav410/20190926_103046_1_5.txt,train,development,nominal,,,,,0,1000,1000,0,1.0,0,1,0,0,0,0,0,0,1,1,1
anti_uav410,20190926_103046_1_6,cf4b3e48b9f87e5f6a697396dcfb7e407eea26a09c759823fc3d218adb7f5ce2,external://anti_uav410/20190926_103046_1_6.txt,train,development,nominal,,,,,0,1000,1000,0,1.0,0,0,0,0,0,0,0,0,0,1,1
anti_uav410,20190926_103046_1_7,a09435fe649e6b39ddedeafe24516e4e07794b443e73b6c244460328692694d5,external://anti_uav410/20190926_103046_1_7.txt,train,development,visibility,,,,,0,1000,997,3,0.997,1,0,0,1,0,0,0,1,1,1,1
anti_uav410,20190926_130341_1_1,11536363194c6025f228e0aa87c863170017aad757404fd2b961751a56175235,external://anti_uav410/20190926_130341_1_1.txt,train,development,nominal,,,,,0,1000,1000,0,1.0,0,0,0,0,0,0,0,0,0,0,1
anti_uav410,20190926_130341_1_2,f24aa6cf53157648d76fe92ad160b9ee4c943fab0319a0f1cc12a83769d5ad13,external://anti_uav410/20190926_130341_1_2.txt,train,development,nominal,,,,,0,1000,1000,0,1.0,0,0,0,0,0,0,0,0,0,1,1
anti_uav410,20190926_130341_1_3,941d3c6bed74cf3a81e9cc35c1d4fa051d1edf266c60d22f167c647d041c0b2d,external://anti_uav410/20190926_130341_1_3.txt,train,development,nominal,,,,,0,1000,1000,0,1.0,0,1,0,0,0,0,0,0,0,1,1
anti_uav410,20190926_130341_1_4,5394e13ffb284f2962234cde749524ea7f283317b3baf4a8bca3fdc48fda4fa3,external://anti_uav410/20190926_130341_1_4.txt,train,development,nominal,,,,,0,1000,1000,0,1.0,0,1,0,0,0,0,0,0,0,1,1
anti_uav410,20190926_130341_1_6,892cf7314874d563e6d315fcaccb57dd70bf5e597c26143d9a6f2eb1ae4f9b33,external://anti_uav410/20190926_130341_1_6.txt,train,development,nominal,,,,,0,1000,1000,0,1.0,0,1,0,0,0,0,0,0,0,1,0
anti_uav410,20190926_130341_1_7,27ce22a172ca041ca899b7120de90ecbb959f2f7bf6cc8edaa4b55b403eecc8f,external://anti_uav410/20190926_130341_1_7.txt,train,development,nominal,,,,,0,1000,1000,0,1.0,0,1,0,0,0,0,0,0,0,1,0
anti_uav410,20190926_130341_1_8,1d67ae00afd54e3f5d2d0e518ecf8fbfa2bc505cca1d22b0f5614cfc8dd2bcef,external://anti_uav410/20190926_130341_1_8.txt,train,development,nominal,,,,,0,28,28,0,1.0,0,1,0,0,0,0,0,0,0,1,0
anti_uav410,20190926_133516_1_1,efa2d8cb306a074ba1854bf7fb9818da13670cab4fa6cf1d4c906617ecd0e279,external://anti_uav410/20190926_133516_1_1.txt,train,development,nominal,,,,,0,1000,1000,0,1.0,0,0,0,0,0,0,0,0,0,0,1
anti_uav410,20190926_133516_1_4,5b23d011308ca0b6ed19a8b5b53f5b92d0c3f7012875c483ecfec27da2499dd7,external://anti_uav410/20190926_133516_1_4.txt,train,development,nominal,,,,,0,1000,1000,0,1.0,0,1,0,0,0,0,0,0,0,1,1
anti_uav410,20190926_133516_1_7,274bd7496d63181a27b88c8d17e99cce164ead948eafa873d2f41bb6afa4970b,external://anti_uav410/20190926_133516_1_7.txt,train,development,nominal,,,,,0,1000,1000,0,1.0,0,1,0,0,0,0,0,0,1,1,0
anti_uav410,20190926_133516_1_8,872d3e943820153c04d70e48b4e769a54112bb0b77fb1195af424299eaf96dd0,external://anti_uav410/20190926_133516_1_8.txt,train,development,nominal,,,,,0,1000,1000,0,1.0,0,1,0,0,0,0,0,0,1,1,0
anti_uav410,20190926_133516_1_9,f636b2722d21e0ba389ce3e6212e6f631d8b28c24dc15e792af20df925f862bf,external://anti_uav410/20190926_133516_1_9.txt,train,development,nominal,,,,,0,313,313,0,1.0,0,1,0,0,0,0,0,0,0,1,0
anti_uav410,20190926_141816_1_1,250ef95387daa7377bef1d392a4e0023806f8a0e82f877635d8a51ac81af0098,external://anti_uav410/20190926_141816_1_1.txt,train,development,nominal,,,,,0,1000,1000,0,1.0,0,0,0,0,0,0,0,0,0,0,1
anti_uav410,20190926_141816_1_10,25e412fbf0508e4ee59ee59598436e1f00c50937906386cb5b4d0eb0fdfecfdc,external://anti_uav410/20190926_141816_1_10.txt,train,development,nominal,,,,,0,364,364,0,1.0,0,1,0,0,0,0,0,0,0,1,1
anti_uav410,20190926_141816_1_3,a7b6f5bdef71ead35fefc27f05397a1b6fd6532197e041116879b13440edd516,external://anti_uav410/20190926_141816_1_3.txt,train,development,nominal,,,,,0,1000,1000,0,1.0,0,0,0,0,0,0,0,0,0,1,1
anti_uav410,20190926_141816_1_5,bf83f8e9693d277fd547a3f3dedf85bae40dbca738dffab21efdb4ff81e4bdf4,external://anti_uav410/20190926_141816_1_5.txt,train,development,nominal,,,,,0,1000,1000,0,1.0,0,0,0,0,0,0,0,0,0,1,1
anti_uav410,20190926_141816_1_7,22d9c1122eb034d6ddd373f38babd519e487295a6499afe610792c9082866d1d,external://anti_uav410/20190926_141816_1_7.txt,train,development,nominal,,,,,0,1000,1000,0,1.0,0,1,0,0,0,0,0,0,0,1,1
anti_uav410,20190926_141816_1_8,e50f55620543ffd375f33e7e3c6332454cb77010e9a6741d93796d0146b2c051,external://anti_uav410/20190926_141816_1_8.txt,train,development,nominal,,,,,0,1000,1000,0,1.0,0,1,0,0,0,0,0,0,0,1,1
anti_uav410,20190926_142435_1_1,48fe99aa26af8dc553822eeffdcfc3e5c00d1be3ed7ddd1b4d2aceb89e87addc,external://anti_uav410/20190926_142435_1_1.txt,train,development,nominal,,,,,0,1000,1000,0,1.0,0,1,0,0,0,0,0,0,1,1,1
anti_uav410,20190926_142435_1_2,9fd636da8a6f7a208c1726919da859c508bf7a408c10eaaf802349fe4d114912,external://anti_uav410/20190926_142435_1_2.txt,train,development,nominal,,,,,0,1000,1000,0,1.0,0,0,0,0,0,0,0,0,0,1,1
anti_uav410,20190926_142435_1_3,745a93807d897a348562f2362a3a798c8fe87f44605126fa9643eab4b623f691,external://anti_uav410/20190926_142435_1_3.txt,train,development,nominal,,,,,0,1000,1000,0,1.0,0,0,0,0,0,0,0,0,0,1,1
anti_uav410,20190926_142435_1_4,ec9d52061a445deb26fb88e00daf2655889c334d4a6775dc83570df8617711b5,external://anti_uav410/20190926_142435_1_4.txt,train,development,nominal,,,,,0,1000,1000,0,1.0,0,0,0,0,0,0,0,0,0,1,1
anti_uav410,20190926_142435_1_5,aeafaa10cfde0656e4dc6dabe59f21a891054937003c4e59e4304d9a7a14bfc2,external://anti_uav410/20190926_142435_1_5.txt,train,development,nominal,,,,,0,1000,1000,0,1.0,0,1,0,0,0,0,0,0,0,1,1
anti_uav410,20190926_142435_1_6,f0ff8b0a52d9f71cd2d3485757d033230b47c6b8c4b273f0492617259d14b086,external://anti_uav410/20190926_142435_1_6.txt,train,development,scale_small,,,,,0,1000,1000,0,1.0,0,1,0,1,0,0,0,0,0,1,1
anti_uav410,20190926_142435_1_7,533d100591033ce7060bb7d410f8a76996a6063f1fbd3ea87e433cbd6bf0e60b,external://anti_uav410/20190926_142435_1_7.txt,train,development,nominal,,,,,0,1000,1000,0,1.0,0,1,0,0,0,0,0,0,0,1,1
anti_uav410,20190926_142435_1_8,767003e734d8822156f9484698bc1b396611a27fb11f6b775ba629d18aec0692,external://anti_uav410/20190926_142435_1_8.txt,train,development,visibility,,,,,0,1000,910,90,0.91,1,1,0,0,1,0,0,0,0,1,1
anti_uav410,20190926_143632_1_1,a461a852a52d81447d45cf5a13fbeaf1bcf6f47b1ee42806d2ad345931bdbc64,external://anti_uav410/20190926_143632_1_1.txt,train,development,fast_motion,,,,,0,1000,1000,0,1.0,0,0,0,0,1,0,0,0,0,1,1
anti_uav410,20190926_143632_1_3,a1451554d16569ea283c184f1e7b3236e4e07ad1948f7bdb20d3b5faee605a47,external://anti_uav410/20190926_143632_1_3.txt,train,development,scale_small,,,,,0,1000,1000,0,1.0,0,0,0,1,0,0,0,0,1,1,0
anti_uav410,20190926_143632_1_5,8d715ecbb9e43af33b0459587004582a8a7ecd56349439577a04fd6252031c07,external://anti_uav410/20190926_143632_1_5.txt,train,development,nominal,,,,,0,1000,1000,0,1.0,0,1,0,0,0,0,0,0,1,1,0
anti_uav410,20190926_143632_1_6,ad473482de76f47c14ebe72c2603d0038d5092fd220f081e0e66560f1a4922ec,external://anti_uav410/20190926_143632_1_6.txt,train,development,visibility,,,,,0,1000,990,10,0.99,1,1,0,0,0,0,0,0,1,1,0
anti_uav410,20190926_143632_1_7,829df51a1e68d0916f4988861bb5d8c9f1ef40d041447961d4badb6261312820,external://anti_uav410/20190926_143632_1_7.txt,train,development,visibility,,,,,0,1000,992,8,0.992,1,1,0,1,0,0,0,0,1,1,0
anti_uav410,20190926_144550_1_2,c05c941574255d0f5e329cdae6ef5d1c6dc034b6a7e731aa3f640d909e99e63d,external://anti_uav410/20190926_144550_1_2.txt,train,development,nominal,,,,,0,1000,1000,0,1.0,0,1,0,0,0,0,0,0,1,1,0
anti_uav410,20190926_144550_1_3,7609035666ec33e57dae887926cb047c88a43250f5b06630d5686289569596f2,external://anti_uav410/20190926_144550_1_3.txt,train,development,nominal,,,,,0,1000,1000,0,1.0,0,1,0,0,0,0,0,0,1,1,0
anti_uav410,20190926_144550_1_5,7ca0c34de97a7fbcd6508d7aabf4081414a48c38cb9a10406df1d9b3d010d06a,external://anti_uav410/20190926_144550_1_5.txt,train,development,nominal,,,,,0,1000,1000,0,1.0,0,1,0,0,0,0,0,0,1,1,0
anti_uav410,20190926_144550_1_6,622ca8d6231d4c64caabbee4c468e5d8c4f7f37c2f10e644bfbe7fe41f271f15,external://anti_uav410/20190926_144550_1_6.txt,train,development,nominal,,,,,0,1000,1000,0,1.0,0,1,0,0,0,0,0,0,1,1,0
anti_uav410,20190926_144550_1_8,e788587f31c0ba9dfa71c981179ab4394b7665e1e3df56bdc16677cd1b3c1df6,external://anti_uav410/20190926_144550_1_8.txt,train,development,nominal,,,,,0,1000,1000,0,1.0,0,0,0,0,0,0,0,0,0,1,0
anti_uav410,20190926_144550_1_9,cd60ec0f8997b2ed3dc5d3c66150b74882adaf4c824b41175587ff90648294f0,external://anti_uav410/20190926_144550_1_9.txt,train,development,nominal,,,,,0,1000,1000,0,1.0,0,0,0,0,0,0,0,0,0,1,1
anti_uav410,20190926_183400_1_2,2d3550518ed47056f8b87186af17e1fe1a1e88fb7ba662c83a0d46cf1672f623,external://anti_uav410/20190926_183400_1_2.txt,train,development,fast_motion,,,,,0,979,979,0,1.0,0,0,0,1,1,0,0,0,0,1,1
anti_uav410,20190926_183400_1_3,fd3e4e548726d61708f8bb1bb4f64e181b529a0f37391c2046207481a5845436,external://anti_uav410/20190926_183400_1_3.txt,train,development,nominal,,,,,0,1000,1000,0,1.0,0,0,0,0,0,0,0,0,0,1,1
anti_uav410,20190926_183400_1_5,53cc57217ad58b93bbfe33f8532694725e204dca2cf3c9ed5e50ef8e6aac4ac2,external://anti_uav410/20190926_183400_1_5.txt,train,development,nominal,,,,,0,1000,1000,0,1.0,0,0,0,0,0,0,0,0,0,1,0
anti_uav410,20190926_183400_1_7,d9b0e270d3fa2469f4a89a68589aa7386adf9e380725afdf63e2ccae79e9c1bd,external://anti_uav410/20190926_183400_1_7.txt,train,development,nominal,,,,,0,1000,1000,0,1.0,0,0,0,0,0,0,0,0,0,1,0
anti_uav410,20190926_183400_1_8,8c9bba4c823fc7203aff1607fbca2127c34a510427a44ee38d1a1db997673526,external://anti_uav410/20190926_183400_1_8.txt,train,development,nominal,,,,,0,1000,1000,0,1.0,0,0,0,0,0,0,0,0,0,1,0
anti_uav410,20190926_183400_1_9,05c48631f371253ac7a4568d85ac4b2ca3da084ba44ae30e2bd08d659b39b593,external://anti_uav410/20190926_183400_1_9.txt,train,development,visibility,,,,,0,429,286,143,0.6666666666666666,2,0,1,0,1,0,0,0,1,1,0
anti_uav410,20190926_183941_1_1,89015db2fd06519ca6d79f89d0dbc6ce0ebcf191dd63157c62aa1268717c7c83,external://anti_uav410/20190926_183941_1_1.txt,train,development,fast_motion,,,,,0,1000,1000,0,1.0,0,0,0,0,1,0,0,0,1,1,0
anti_uav410,20190926_183941_1_2,6f0e5e42431f95087ff67035d892aff1efa07ed6fc5a5eb426ded90ab1a2926c,external://anti_uav410/20190926_183941_1_2.txt,train,development,visibility,,,,,0,987,956,31,0.9685916919959473,1,0,0,1,1,1,0,0,1,1,0
anti_uav410,20190926_183941_1_4,a097e44da592968f43daad84c461997baf929e7c9adfff1c5bf070f0c15e2a97,external://anti_uav410/20190926_183941_1_4.txt,train,development,visibility,,,,,0,1000,905,95,0.905,2,0,1,1,0,0,0,0,1,1,0
anti_uav410,20190926_183941_1_6,27f4b67971fadd2036f3a4230416829a764e51ab6f68b393421d465576044c7a,external://anti_uav410/20190926_183941_1_6.txt,train,development,nominal,,,,,0,1000,1000,0,1.0,0,0,0,0,0,0,0,0,0,1,0
anti_uav410,20190926_183941_1_7,6e5e5f854ba6a6043d8dfdffe11185469af74f67330b7fd0820e3c82b30801d5,external://anti_uav410/20190926_183941_1_7.txt,train,development,visibility,,,,,0,1000,999,1,0.999,1,0,0,0,0,0,0,0,0,1,1
anti_uav410,20190926_183941_1_8,7f2eb415767f37323c466686579e5adee53f1a49b678d5a921a29fb1d5b9bcff,external://anti_uav410/20190926_183941_1_8.txt,train,development,nominal,,,,,0,1000,1000,0,1.0,0,0,0,0,0,0,0,0,0,1,1
anti_uav410,20190926_183941_1_9,8251e1ce6b139bb5271a01a13c59a16295292e873e6ec4d17b9f6ba3c7e6456c,external://anti_uav410/20190926_183941_1_9.txt,train,development,nominal,,,,,0,163,163,0,1.0,0,0,0,0,0,0,0,0,0,0,1
anti_uav410,20190926_193515_1_1,d965661e7f07cad4cb3878730851331aedff264abcb692e00323b3b63cc1350c,external://anti_uav410/20190926_193515_1_1.txt,train,development,visibility,,,,,0,1000,995,5,0.995,1,1,0,1,1,0,0,0,1,1,1
anti_uav410,20190926_193515_1_2,f63629588a4f3cb1a264e1232628829b2d0e60753c5771e61c16225015e4697f,external://anti_uav410/20190926_193515_1_2.txt,train,development,visibility,,,,,0,1000,942,58,0.942,4,1,1,0,1,0,0,0,1,1,1
anti_uav410,20190926_193515_1_3,e7cc8d188365a2a0456fd0a66998a29565ec911f8ffdf0e03a9a3fb37427a51a,external://anti_uav410/20190926_193515_1_3.txt,train,development,visibility,,,,,0,1000,969,31,0.969,4,1,1,1,1,0,0,0,1,1,1
anti_uav410,20190926_193515_1_4,71d28dbc56c399c5df8f97b90317548fd095d827d0cbe7b1713ea26b2642ccfa,external://anti_uav410/20190926_193515_1_4.txt,train,development,visibility,,,,,0,1000,974,26,0.974,2,1,1,0,0,1,0,0,0,1,1
anti_uav410,20190926_193515_1_5,abcc008270962b57e8c51f0b280cb551b5c7f53cdc06ec62bc53a8e25ff18837,external://anti_uav410/20190926_193515_1_5.txt,train,development,nominal,,,,,0,1000,1000,0,1.0,0,1,0,0,0,0,0,0,0,1,1
anti_uav410,20190926_193515_1_6,49a6fde8373b58a92e7d520ef27efdff2b2b8729730339481fb3beccba8614e7,external://anti_uav410/20190926_193515_1_6.txt,train,development,nominal,,,,,0,1000,1000,0,1.0,0,1,0,0,0,0,0,0,0,1,1
anti_uav410,20190926_193515_1_7,caf9b0ef2272506b7b33a3b02a6d015ca8b422a6b07f54dbf1fe4c7fe3bcc437,external://anti_uav410/20190926_193515_1_7.txt,train,development,nominal,,,,,0,1000,1000,0,1.0,0,1,0,0,0,0,0,0,0,1,1
anti_uav410,20190926_193515_1_8,7f47930c6ee6642ddbe9f7b3c90609d6d50dbcda2243b2b60d3bc4c0371c5fef,external://anti_uav410/20190926_193515_1_8.txt,train,development,nominal,,,,,0,919,919,0,1.0,0,0,0,0,0,0,0,0,0,0,1
anti_uav410,3700000000002_085420_1,b1e4053783e99e946292c5ff0ebf023e38e9f28cfa4aeb0c4410c9b5f000712b,external://anti_uav410/3700000000002_085420_1.txt,train,development,visibility,,,,,0,1500,1424,76,0.9493333333333334,2,1,1,0,1,0,0,1,1,0,0
anti_uav410,3700000000002_085420_3,1446df9ed12845f5f11a192e0b2a77a4d61400bb4a886170ff6a5893aaddb0ae,external://anti_uav410/3700000000002_085420_3.txt,train,development,scale_small,,,,,0,1500,1500,0,1.0,0,0,0,0,0,0,1,1,1,0,0
anti_uav410,3700000000002_091121_1,915e784eb34902074d5fd45b02946c8b9a797de3f5f3766646ff9c5fd282fdf4,external://anti_uav410/3700000000002_091121_1.txt,train,development,visibility,,,,,0,1500,1375,125,0.9166666666666666,3,1,1,0,1,0,0,1,1,0,0
anti_uav410,3700000000002_094948_1,f1b666601a496f6283a8eda741a8cc6893564646c5f4839b41916efadb4a022a,external://anti_uav410/3700000000002_094948_1.txt,train,development,visibility,,,,,0,1500,1464,36,0.976,2,1,1,0,1,0,1,1,1,0,0
anti_uav410,3700000000002_095542_1,2458d5506bc2eaaf49ecb360833c8609b824b6f88b811f00e0ab5ce4a47b9fe2,external://anti_uav410/3700000000002_095542_1.txt,train,development,visibility,,,,,0,1500,1498,2,0.9986666666666667,1,1,1,0,1,0,1,1,1,0,0
anti_uav410,3700000000002_101806_4,09f00cb24eb7c035cbfb6eaf37f6010e96903756c1577a61358c7bc341a22114,external://anti_uav410/3700000000002_101806_4.txt,train,development,nominal,,,,,0,1500,1500,0,1.0,0,0,0,0,0,0,1,0,1,0,0
anti_uav410,3700000000002_101806_7,1ae0690f262230fd3927dd89a583232f37adaa661d3508fed5577a9e6a4c16f2,external://anti_uav410/3700000000002_101806_7.txt,train,development,scale_small,,,,,0,1500,1500,0,1.0,0,0,0,0,0,0,0,1,1,0,0
anti_uav410,3700000000002_102004_3,aeda270c36ca3a0ee4948925b712317d2e3ef9b191ebafa74be5aa957cc7e267,external://anti_uav410/3700000000002_102004_3.txt,train,development,nominal,,,,,0,1500,1500,0,1.0,0,0,0,0,0,0,1,0,1,0,0
anti_uav410,3700000000002_102609_1,70d828f6525c657294f4ef1808528df3313de6dc3429a4a963fb77d32d7f19bd,external://anti_uav410/3700000000002_102609_1.txt,train,development,nominal,,,,,0,1500,1500,0,1.0,0,0,0,0,0,0,1,0,1,0,0
anti_uav410,3700000000002_102609_4,3b28b6570648d952c26f84648e19ec7bcc6fc64ce90c26975a0c356a5f5ee6f4,external://anti_uav410/3700000000002_102609_4.txt,train,development,nominal,,,,,0,1500,1500,0,1.0,0,0,0,0,0,0,1,0,1,1,0
anti_uav410,3700000000002_103230_3,9529e05288fd783cbf389e0ca5e08686b70a7e707ab23638aa32f1ba8df78177,external://anti_uav410/3700000000002_103230_3.txt,train,development,scale_small,,,,,0,1500,1500,0,1.0,0,1,0,0,0,0,1,1,1,0,0
anti_uav410,3700000000002_104003_1,738d21b8affdb2485c3bdf14f87dc2138a35c4b321727d420b33c9944fb20eee,external://anti_uav410/3700000000002_104003_1.txt,train,development,scale_small,,,,,0,1500,1500,0,1.0,0,0,0,0,0,0,1,1,1,0,0
anti_uav410,3700000000002_104622_06,1ccd536a4c297248501ee74c64fa0ca2ce8882f224b17298984948610e3d1ef3,external://anti_uav410/3700000000002_104622_06.txt,train,development,scale_small,,,,,0,1500,1500,0,1.0,0,1,0,0,0,0,1,1,1,0,0
anti_uav410,3700000000002_104817_1,1ef069d979d795ecf7d0eba3b26eb3e7d4694f558ab8cce53d4cd46ce745be90,external://anti_uav410/3700000000002_104817_1.txt,train,development,visibility,,,,,0,1500,1159,341,0.7726666666666666,2,1,1,0,0,0,1,1,1,0,0
anti_uav410,3700000000002_111228_1,2541605c3d89da64e378276ddb24b0b8cc4122e9e2f872da093edc513414fe56,external://anti_uav410/3700000000002_111228_1.txt,train,development,fast_motion,,,,,0,1500,1500,0,1.0,0,1,0,0,1,0,1,1,0,0,0
anti_uav410,3700000000002_111356_1,8e6e59d36a33cf7dd35ec20ba616434949951124cfbc0e2ccc1097baea2e59f6,external://anti_uav410/3700000000002_111356_1.txt,train,development,scale_small,,,,,0,1500,1500,0,1.0,0,1,0,0,0,0,1,1,1,0,0
anti_uav410,3700000000002_111829_2,3f0260d02b96727301d54f63be0a11ba24bb9862a38d36250951b7d041292c8c,external://anti_uav410/3700000000002_111829_2.txt,train,development,scale_small,,,,,0,1500,1500,0,1.0,0,1,0,0,0,0,1,1,1,0,0
anti_uav410,3700000000002_112459_1,b1c21de3563ceee9e70d38275857bca86924242d4e368c9912cf135fc1b3a4e8,external://anti_uav410/3700000000002_112459_1.txt,train,development,visibility,,,,,0,1500,1386,114,0.924,4,1,1,0,0,0,1,1,1,0,0
anti_uav410,3700000000002_112606_2,b7725b068554797f98bea15715d8818fc2bbcda652f2a27dfdcb298136afb775,external://anti_uav410/3700000000002_112606_2.txt,train,development,fast_motion,,,,,0,1500,1500,0,1.0,0,1,0,1,1,0,1,0,1,0,0
anti_uav410,3700000000002_113556_2,0baaacc4e64b20f3be8359e72c23d5928f6a9c140e0dde0615a964c15d55e0e4,external://anti_uav410/3700000000002_113556_2.txt,train,development,visibility,,,,,0,1500,967,533,0.6446666666666667,4,1,1,1,1,1,0,1,1,0,0
anti_uav410,3700000000003_101808_1,9bcc2c3f3a5199a381c9ed819edb7cdc36e3370a1726a809dadb9aa71a3257f4,external://anti_uav410/3700000000003_101808_1.txt,train,development,visibility,,,,,0,1500,1466,34,0.9773333333333334,2,1,1,0,1,0,1,1,1,0,0
anti_uav410,3700000000003_101944_1,2a0f2bcbded72e7041b7e6073f9b7ac4734f57ba25c03b18e7d4c161fa5fbb7d,external://anti_uav410/3700000000003_101944_1.txt,train,development,visibility,,,,,0,1500,1258,242,0.8386666666666667,3,1,1,0,1,1,1,1,1,0,0
anti_uav410,3700000000003_104005_1,78ac175c24c9977e6e1f2087e66a8b570a3cf93cb60359717becc892d27f98a6,external://anti_uav410/3700000000003_104005_1.txt,train,development,visibility,,,,,0,1500,1396,104,0.9306666666666666,1,1,1,0,1,0,1,1,1,0,0
anti_uav410,3700000000003_134918_1,a8ab83d523b3b16fe516f4324aaf403659b7f3565dd070d0e56591d33c789ea7,external://anti_uav410/3700000000003_134918_1.txt,train,development,visibility,,,,,0,1490,1135,355,0.761744966442953,1,1,1,1,1,1,1,1,1,0,0
anti_uav410,3700000000003_134918_2,671c1054d961f644113fcf8b6e501eba787340c17e955bd5167dd1a09d8e109a,external://anti_uav410/3700000000003_134918_2.txt,train,development,visibility,,,,,0,1374,1266,108,0.9213973799126638,3,1,1,1,1,1,1,1,1,0,0
anti_uav410,3700000000003_142454_1,fdb2adf5024fd8dbb8e3065b423c4cbcfb4ec71eaf9fba2c75c40201cc08d442,external://anti_uav410/3700000000003_142454_1.txt,train,development,visibility,,,,,0,1500,1267,233,0.8446666666666667,2,1,1,0,1,0,1,1,1,0,0
anti_uav410,3700000000003_153109_1,c66d44d21451b0cf776720b0ef682c2c96610f69b8300a8147cb2bc7a03379fd,external://anti_uav410/3700000000003_153109_1.txt,train,development,visibility,,,,,0,1500,1304,196,0.8693333333333333,3,1,1,1,1,0,1,1,1,1,0
anti_uav410,new12_train_newfix,a4c2123f24b84c59cbee4885bb797bebb433327c36c1d61a194c85055bf746e4,external://anti_uav410/new12_train_newfix.txt,train,development,visibility,,,,,0,1491,1468,23,0.9845741113346748,2,1,1,0,1,0,0,1,1,0,0
anti_uav410,new18_train_newfix,507c31e17ca30697b2cb6c15fd54a8d13a55cd74e7d4efbb4d97b9f32db7a05d,external://anti_uav410/new18_train_newfix.txt,train,development,visibility,,,,,0,1491,1425,66,0.9557344064386318,4,1,1,0,1,0,0,1,1,1,1
anti_uav410,new24_train_newfix,67f29e3f0bd97c58e2b133d573df93bcb48dddef6fa918522465344a4681a5d5,external://anti_uav410/new24_train_newfix.txt,train,development,visibility,,,,,0,1491,1348,143,0.9040912139503688,1,1,1,0,0,1,1,1,1,0,0
anti_uav410,new27_train-new,11dc28149bc811456fd502161de924a833bfbdd539b113d5ff13418569c279f9,external://anti_uav410/new27_train-new.txt,train,development,visibility,,,,,0,1500,1500,0,1.0,0,1,0,0,0,1,0,1,1,0,0
anti_uav410,new2_train,f528aa2cb6741b07e25fe468708f716f5816922ea91efd3e0ea2ade8624e075e,external://anti_uav410/new2_train.txt,train,development,visibility,,,,,0,850,850,0,1.0,0,1,0,0,1,1,0,1,1,0,0
anti_uav410,new31_train-new,3960c6d662380e1a5fe0706625553fcf5fab63788053711b76d252c1187a824b,external://anti_uav410/new31_train-new.txt,train,development,visibility,,,,,0,1500,1500,0,1.0,0,0,0,0,0,1,0,1,1,0,0
anti_uav410,new32_train-new,5c2d86a2c854090628e63841ae4e79fb85bc70d59a23dc2714767977b97dfb92,external://anti_uav410/new32_train-new.txt,train,development,visibility,,,,,0,1500,1500,0,1.0,0,0,0,0,1,1,1,1,1,0,0
anti_uav410,new33_train-new,b67559bd628c6abe68cda54f4c761a9b9ce1374956786c29b6cd31d06d9d8239,external://anti_uav410/new33_train-new.txt,train,development,visibility,,,,,0,1500,1332,168,0.888,1,0,1,0,1,0,1,1,1,1,0
anti_uav410,new34_train-new,2105f723e64549d77aaa0d43b8c285e8715f79065092d4734b3ca5211d30e52f,external://anti_uav410/new34_train-new.txt,train,development,fast_motion,,,,,0,1500,1500,0,1.0,0,1,0,0,1,0,1,1,1,0,0
anti_uav410,new35_train-new,49af06f377193bbea35cce48f1363be09698c843afa71f89f4de736f8af44d3d,external://anti_uav410/new35_train-new.txt,train,development,fast_motion,,,,,0,1500,1500,0,1.0,0,1,0,0,1,0,0,1,1,0,0
anti_uav410,new37_train-new,b7421dbddc85716deb5233aab1ceac5b8e85646ab1496223ac603861436fe9f6,external://anti_uav410/new37_train-new.txt,train,development,visibility,,,,,0,1500,1500,0,1.0,0,1,0,0,1,1,0,1,1,0,0
anti_uav410,new38_train-new,77129d4319efbea7a1b3cdde3e3fe1e2e51438161af0d213840a58ddf20b5aa1,external://anti_uav410/new38_train-new.txt,train,development,visibility,,,,,0,1500,1500,0,1.0,0,1,0,0,1,1,1,1,1,0,0
anti_uav410,new39_train-new,00f1e233f6776bbd1637c517d5a2e78faec6cfb960fba2177938bcee8e696505,external://anti_uav410/new39_train-new.txt,train,development,visibility,,,,,0,1500,1500,0,1.0,0,1,0,0,1,1,1,1,1,0,0
anti_uav410,new4_train_newfix,cd137109dc3d3416eda0507eab613f694acd4fe8740377a264867500a895ca59,external://anti_uav410/new4_train_newfix.txt,train,development,visibility,,,,,0,1491,1305,186,0.8752515090543259,3,1,1,0,1,1,1,1,1,0,0
anti_uav410,new5_train_newfix,658cff7ecc2250cf56bff25207325d0b247167534300a487c60cd427c113e7ef,external://anti_uav410/new5_train_newfix.txt,train,development,visibility,,,,,0,1491,1491,0,1.0,0,1,0,0,1,1,1,1,1,0,0
anti_uav410,new7_train_newfix,e2dd8370629cc4e19b74b2bc9c08017cb38fb6185439607c8755c8e382ce9db9,external://anti_uav410/new7_train_newfix.txt,train,development,visibility,,,,,0,1491,1491,0,1.0,0,1,0,0,1,1,1,1,1,0,0
anti_uav410,03_7951_1500-2999,ea2664073ef6f929fb50facd416309d9252f4e56d1213fe7cebc1037b1be4094,external://anti_uav410/03_7951_1500-2999.txt,val,calibration,visibility,,,,,0,1500,1453,47,0.9686666666666667,1,1,1,0,1,0,1,1,1,0,0
anti_uav410,20190925_130434_1_1,4a554e59850907ac7556696607274ae95e1741db2cebf3b19d4d2c91de8100a0,external://anti_uav410/20190925_130434_1_1.txt,val,calibration,nominal,,,,,0,1000,1000,0,1.0,0,0,0,0,0,0,0,0,0,1,1
anti_uav410,20190925_130434_1_5,e7824c4409e90bd2a1e271cfec919ccf582b942db0129efffbf35eb6891e75de,external://anti_uav410/20190925_130434_1_5.txt,val,calibration,fast_motion,,,,,0,1000,1000,0,1.0,0,1,0,1,1,0,0,0,0,1,1
anti_uav410,20190925_130434_1_6,17b8fe49c6c7fd80921c87db9ee61fa32e4a41761d38f80b5c4318c8ab369d27,external://anti_uav410/20190925_130434_1_6.txt,val,calibration,fast_motion,,,,,0,1000,1000,0,1.0,0,1,0,0,1,0,0,0,0,1,1
anti_uav410,20190925_130434_1_8,a37ec1bf02f3403aac834fd3e017ef6537937efd02bbd796d52084d783552beb,external://anti_uav410/20190925_130434_1_8.txt,val,calibration,fast_motion,,,,,0,1000,1000,0,1.0,0,0,0,0,1,0,0,0,1,1,1
anti_uav410,20190925_131530_1_3,854a4a6fa707be3c8e06b59c9cc1aadc0af231f95309749bc35ecf2b9be7d9a8,external://anti_uav410/20190925_131530_1_3.txt,val,calibration,nominal,,,,,0,1000,1000,0,1.0,0,1,0,0,0,0,0,0,1,1,0
anti_uav410,20190925_133630_1_9,5a67970702e5c8e972609a4ee4d401065e3baf086be1cec39b57e6e14d2722c2,external://anti_uav410/20190925_133630_1_9.txt,val,calibration,nominal,,,,,0,1000,1000,0,1.0,0,1,0,0,0,0,0,0,1,1,0
anti_uav410,20190925_140917_1_3,f1170385b41bea4721d61a9dc91580b2623bc5261c7fdcc6a471572fac76053d,external://anti_uav410/20190925_140917_1_3.txt,val,calibration,visibility,,,,,0,1000,999,1,0.999,1,1,0,1,1,0,0,1,1,1,0
anti_uav410,20190925_140917_1_6,c7e9f66c1ab07b9754b24d78fb1b7ea869ebebaf1352e2add70148ea2280c9f5,external://anti_uav410/20190925_140917_1_6.txt,val,calibration,scale_small,,,,,0,1000,1000,0,1.0,0,1,0,1,0,0,0,0,1,1,0
anti_uav410,20190925_141417_1_1,7b2a761cb7097edb0da8d17bbe6e86a1c418b5e83f463fd700abf5bad523f0d8,external://anti_uav410/20190925_141417_1_1.txt,val,calibration,fast_motion,,,,,0,1000,1000,0,1.0,0,1,0,1,1,0,0,0,1,1,0
anti_uav410,20190925_141417_1_6,2f9b28ab01243a79b861b1f779a5b7746cd7a2194ec875919812ae1a08e53f1a,external://anti_uav410/20190925_141417_1_6.txt,val,calibration,scale_small,,,,,0,1000,1000,0,1.0,0,1,0,1,0,0,0,0,1,1,0
anti_uav410,20190925_141417_1_7,4f865f3d43b5db3771c7dedbf446c6b38cb66e792bc94d6476589acb89530a7a,external://anti_uav410/20190925_141417_1_7.txt,val,calibration,nominal,,,,,0,1000,1000,0,1.0,0,1,0,0,0,0,0,0,1,1,0
anti_uav410,20190925_143900_1_1,d6a94e52a256f8d8461304db1f0cb1c973a02504b24f44350b8e3650ee046e22,external://anti_uav410/20190925_143900_1_1.txt,val,calibration,fast_motion,,,,,0,1000,1000,0,1.0,0,0,0,0,1,0,0,0,1,1,1
anti_uav410,20190925_143900_1_2,d56a87d13295aad6f1483cd5a480f0a9557eae59389c8ab21c644c45f0d6f916,external://anti_uav410/20190925_143900_1_2.txt,val,calibration,fast_motion,,,,,0,1000,1000,0,1.0,0,1,0,0,1,0,0,0,1,1,0
anti_uav410,20190925_143900_1_7,25dc9fd58002da37d6d7726627f25b3aeae7d00e7524bb6a521584c700f00a8e,external://anti_uav410/20190925_143900_1_7.txt,val,calibration,fast_motion,,,,,0,1000,1000,0,1.0,0,0,0,0,1,0,0,0,1,1,0
anti_uav410,20190925_152412_1_3,364dc32c8f65b20d3dfec5abd33947ffdc4ef4f38399f692775fffe96171251a,external://anti_uav410/20190925_152412_1_3.txt,val,calibration,visibility,,,,,0,1000,998,2,0.998,1,1,1,1,1,0,0,0,1,1,0
anti_uav410,20190925_152412_1_5,2a807b5420665a7f32f75d302f462e72471400771dc1a44656b4c70e96a86b08,external://anti_uav410/20190925_152412_1_5.txt,val,calibration,fast_motion,,,,,0,1000,1000,0,1.0,0,1,0,1,1,0,0,0,1,1,0
anti_uav410,20190925_183946_1_1,d02709226bee6e852cc6e058ac83ade695b99ea50ac0e13a866005a8c3b3106b,external://anti_uav410/20190925_183946_1_1.txt,val,calibration,fast_motion,,,,,0,929,929,0,1.0,0,0,0,0,1,0,0,0,0,1,1
anti_uav410,20190925_183946_1_2,0fc299445c8c22362395d2b2a59b72c754a07bdd16846598785a90f3f5261e0a,external://anti_uav410/20190925_183946_1_2.txt,val,calibration,fast_motion,,,,,0,858,858,0,1.0,0,0,0,0,1,0,0,0,0,1,1
anti_uav410,20190925_183946_1_3,5cbdfe34ee406abac0e59743553ad6be3b8379c701435343d8d7dea1f743a2a7,external://anti_uav410/20190925_183946_1_3.txt,val,calibration,nominal,,,,,0,1000,1000,0,1.0,0,0,0,0,0,0,0,0,0,1,1
anti_uav410,20190925_194211_1_3,5982edbd7f9fb1e13053584e7e48b543e29b5fb0f1ce3b468333ed4c81eb75c4,external://anti_uav410/20190925_194211_1_3.txt,val,calibration,visibility,,,,,0,910,893,17,0.9813186813186813,1,0,0,1,1,0,0,0,1,1,0
anti_uav410,20190925_194211_1_4,26094de4a5e77f86b09a7ec780449ea14f708821403ccba77d8e85bb9855e631,external://anti_uav410/20190925_194211_1_4.txt,val,calibration,fast_motion,,,,,0,944,944,0,1.0,0,0,0,0,1,0,0,0,1,1,0
anti_uav410,20190925_200320_1_4,9af628dc73b10ba42650fe07787e60488a8654d114005a63b481f4627eac11e0,external://anti_uav410/20190925_200320_1_4.txt,val,calibration,fast_motion,,,,,0,935,935,0,1.0,0,0,0,0,1,0,0,0,1,1,0
anti_uav410,20190925_200320_1_8,da217cf0adca10076457a1323c19456834a0cc001a9bdfe44f5162c6b60490b9,external://anti_uav410/20190925_200320_1_8.txt,val,calibration,nominal,,,,,0,39,39,0,1.0,0,1,0,0,0,0,0,0,1,0,0
anti_uav410,20190925_205804_1_5,c7e71f001b394764dab7620d5f91c507ee5a981a15a937b8542a3a27efbce6bb,external://anti_uav410/20190925_205804_1_5.txt,val,calibration,visibility,,,,,0,961,908,53,0.9448491155046826,1,0,0,1,1,1,0,0,0,1,1
anti_uav410,20190925_205804_1_6,09321917e2f562dfac8655f688cdc4a478e6a47ff378145cfe569b2c35870979,external://anti_uav410/20190925_205804_1_6.txt,val,calibration,visibility,,,,,0,924,893,31,0.9664502164502164,1,0,0,1,1,1,0,0,0,1,1
anti_uav410,20190925_210802_1_3,ead1c4d06c9cfa3cd23972b5de54a6477a4e922a71b6f11f508d89017c14f708,external://anti_uav410/20190925_210802_1_3.txt,val,calibration,visibility,,,,,0,929,918,11,0.9881593110871906,1,0,0,0,1,1,0,0,0,1,1
anti_uav410,20190925_210802_1_6,ed1f5ffc8d7f350e2676e12fef88df384b2fd107eccb6e798895068cdc70a961,external://anti_uav410/20190925_210802_1_6.txt,val,calibration,fast_motion,,,,,0,938,938,0,1.0,0,0,0,0,1,0,0,0,0,1,1
anti_uav410,20190925_210802_1_8,13cbc96237315baf2ef72891959549d0708e4bb8d8647eaaf29a0b3151b1e82f,external://anti_uav410/20190925_210802_1_8.txt,val,calibration,visibility,,,,,0,706,705,1,0.9985835694050992,1,0,0,0,1,0,0,1,1,1,1
anti_uav410,20190925_213001_1_1,4a8f2ddbe3d7052ecf434f4cc61cc98362921086e928e20a47958faaaef6e738,external://anti_uav410/20190925_213001_1_1.txt,val,calibration,visibility,,,,,0,794,757,37,0.9534005037783375,1,0,0,1,1,1,0,0,1,1,0
anti_uav410,20190925_213001_1_3,2a1ab1d158ab87d269594d9660d7c956620f9148c3bb38351b12f866d4e43e21,external://anti_uav410/20190925_213001_1_3.txt,val,calibration,visibility,,,,,0,926,922,4,0.9956803455723542,1,0,0,0,1,0,0,0,1,1,0
anti_uav410,20190925_222534_1_5,c760ab6c53cdc196a3b743edb3902987fa0ee3cca846d0d7829a245dbb8b0253,external://anti_uav410/20190925_222534_1_5.txt,val,calibration,nominal,,,,,0,1000,1000,0,1.0,0,0,0,0,0,0,0,0,1,1,0
anti_uav410,20190925_222534_1_7,4dca435ec3a78643586cafbd34e8f7e7d77b5eb91bcedf3c9d34fef4764b597b,external://anti_uav410/20190925_222534_1_7.txt,val,calibration,visibility,,,,,0,1000,999,1,0.999,1,0,0,0,0,0,0,0,0,1,0
anti_uav410,20190925_222534_1_8,8053ef63d253aec40f375ef07d12c4512384492818cb5642970a2995c45c3f70,external://anti_uav410/20190925_222534_1_8.txt,val,calibration,nominal,,,,,0,938,938,0,1.0,0,0,0,0,0,0,0,0,0,1,0
anti_uav410,20190926_095902_1_3,143a1d69b03cefa41b3b3e9effb8263e4af4be53974152e01fc473e610ff70c0,external://anti_uav410/20190926_095902_1_3.txt,val,calibration,visibility,,,,,0,1000,756,244,0.756,3,0,1,1,1,1,0,0,1,1,1
anti_uav410,20190926_095902_1_8,55681ec509d562dedb68f5d4dac799ce7ff0454db899df96930476d211627aba,external://anti_uav410/20190926_095902_1_8.txt,val,calibration,visibility,,,,,0,1000,979,21,0.979,1,0,1,0,0,1,0,0,1,1,0
anti_uav410,20190926_103046_1_2,fc692c99f70e7680fef94b52d042a1e583214e9e20b304f895b0ffa7e6aedf96,external://anti_uav410/20190926_103046_1_2.txt,val,calibration,nominal,,,,,0,1000,1000,0,1.0,0,1,0,0,0,0,0,0,1,1,0
anti_uav410,20190926_103046_1_8,4fba42b1df5d91d0cb5b55b749f7e7eb1107274300702663a655652c5c31a299,external://anti_uav410/20190926_103046_1_8.txt,val,calibration,nominal,,,,,0,509,509,0,1.0,0,0,0,0,0,0,0,0,0,1,1
anti_uav410,20190926_130341_1_5,8fa14e3acb4b0fddbe4a8f804c48f1fb1b17ef0c7747716c5e0148047dc3fb90,external://anti_uav410/20190926_130341_1_5.txt,val,calibration,nominal,,,,,0,1000,1000,0,1.0,0,1,0,0,0,0,0,0,0,1,1
anti_uav410,20190926_133516_1_2,1cae331067b3f0c0e6ff13ecbdba3e603f39cbbcbc574f0879a31bf2f186da75,external://anti_uav410/20190926_133516_1_2.txt,val,calibration,nominal,,,,,0,1000,1000,0,1.0,0,0,0,0,0,0,0,0,0,1,1
anti_uav410,20190926_133516_1_3,5b78441074a309858847a8064315c0f93a81c9006b75e757c1459d60c17066f8,external://anti_uav410/20190926_133516_1_3.txt,val,calibration,nominal,,,,,0,1000,1000,0,1.0,0,0,0,0,0,0,0,0,0,1,1
anti_uav410,20190926_133516_1_5,7b2f300a1fc8a9eba2dc7f3395ba5a23f87f2ec985086e32151a109e5ae6c302,external://anti_uav410/20190926_133516_1_5.txt,val,calibration,nominal,,,,,0,1000,1000,0,1.0,0,1,0,0,0,0,0,0,1,1,0
anti_uav410,20190926_133516_1_6,6ab21b32bf38c149deb10ccae397aca2e9dbf361712afb5310d78167ddc0ae4d,external://anti_uav410/20190926_133516_1_6.txt,val,calibration,nominal,,,,,0,1000,1000,0,1.0,0,1,0,0,0,0,0,0,1,1,0
anti_uav410,20190926_141816_1_2,205589e626a603cf698d8bd07a6f6c3fe5db87b8e85dcd3d4b642b1d6b96f818,external://anti_uav410/20190926_141816_1_2.txt,val,calibration,nominal,,,,,0,1000,1000,0,1.0,0,0,0,0,0,0,0,0,0,0,1
anti_uav410,20190926_141816_1_4,b11615779bf0edc773c9c0fc3f0cfbb45cdb199a93c220d1cfe9c03926741dd1,external://anti_uav410/20190926_141816_1_4.txt,val,calibration,nominal,,,,,0,1000,1000,0,1.0,0,0,0,0,0,0,0,0,0,1,1
anti_uav410,20190926_141816_1_6,653fbde2caeb1e9d3e59c6e15be8c082e209e1e5b87ba04e5a150267fbf34111,external://anti_uav410/20190926_141816_1_6.txt,val,calibration,nominal,,,,,0,1000,1000,0,1.0,0,1,0,0,0,0,0,0,0,1,0
anti_uav410,20190926_141816_1_9,8385a6e2abd8c0f70a6474f5fe2e29c406a31b277684f225244436117989f592,external://anti_uav410/20190926_141816_1_9.txt,val,calibration,visibility,,,,,0,1000,966,34,0.966,4,1,1,0,0,0,0,0,1,1,1
anti_uav410,20190926_142435_1_9,d81f92fa530c055434566509a98f1a893132069781bee36768036552d401168b,external://anti_uav410/20190926_142435_1_9.txt,val,calibration,nominal,,,,,0,299,299,0,1.0,0,1,0,0,0,0,0,0,0,1,1
anti_uav410,20190926_143632_1_2,bb540bc8b882fb01b663d5bddfa75858f1c577c9ca8b4dd30dd5c98cd7ae86b4,external://anti_uav410/20190926_143632_1_2.txt,val,calibration,nominal,,,,,0,1000,1000,0,1.0,0,0,0,0,0,0,0,0,0,1,1
anti_uav410,20190926_143632_1_4,095452bb8b491fbc3b8c94eaa7f53bff5e35f9b71466ffa139f6cf235699fbe9,external://anti_uav410/20190926_143632_1_4.txt,val,calibration,nominal,,,,,0,1000,1000,0,1.0,0,0,0,0,0,0,0,0,0,1,0
anti_uav410,20190926_143632_1_8,60d9d0810e8473a29f794a1719972d2e74f6c1d8ea7dae758575203772194cff,external://anti_uav410/20190926_143632_1_8.txt,val,calibration,visibility,,,,,0,584,580,4,0.9931506849315068,1,1,0,1,0,0,0,0,1,1,0
anti_uav410,20190926_144550_1_1,a40404146b69096e5cf7d1c77217cf009a6c8204346878a7960b425faaf005e2,external://anti_uav410/20190926_144550_1_1.txt,val,calibration,nominal,,,,,0,1000,1000,0,1.0,0,1,0,0,0,0,0,0,1,1,0
anti_uav410,20190926_144550_1_10,459c4dd7bdc7df3d8b01ba6275ad149ac78aab91ddd28aa97c4952a86d55b28e,external://anti_uav410/20190926_144550_1_10.txt,val,calibration,nominal,,,,,0,174,174,0,1.0,0,0,0,0,0,0,0,0,0,1,1
anti_uav410,20190926_144550_1_4,36243d2dcc10e29aaf1ae53d1788251a22c43676120f96b8f9ebe22422ade23f,external://anti_uav410/20190926_144550_1_4.txt,val,calibration,nominal,,,,,0,1000,1000,0,1.0,0,1,0,0,0,0,0,0,1,1,0
anti_uav410,20190926_144550_1_7,d7a79ff9791f66ad38487342288a01fd172532e417adfcee95c21c5ca9577966,external://anti_uav410/20190926_144550_1_7.txt,val,calibration,nominal,,,,,0,1000,1000,0,1.0,0,1,0,0,0,0,0,0,0,1,0
anti_uav410,20190926_183400_1_1,50993d8ff72a2ef7df9102e03166b595836f5d5af87f87a7e6b0cda430ba5723,external://anti_uav410/20190926_183400_1_1.txt,val,calibration,scale_small,,,,,0,1000,1000,0,1.0,0,0,0,1,0,0,0,0,0,0,1
anti_uav410,20190926_183400_1_4,5f3d64630b19ad8a22b70226d0df8d836d637db092c06785c437f50ce4ecbff8,external://anti_uav410/20190926_183400_1_4.txt,val,calibration,nominal,,,,,0,1000,1000,0,1.0,0,0,0,0,0,0,0,0,0,1,0
anti_uav410,20190926_183400_1_6,1a545d5da0c5888e396fd09c26e20fd14afe4dcadf4dff4d30d1868aac05bb9b,external://anti_uav410/20190926_183400_1_6.txt,val,calibration,nominal,,,,,0,1000,1000,0,1.0,0,1,0,0,0,0,0,0,0,1,0
anti_uav410,20190926_183941_1_3,bcc931e6fdefb3fa6864ae823e98954d481a694727b89191669111708084794e,external://anti_uav410/20190926_183941_1_3.txt,val,calibration,visibility,,,,,0,1000,907,93,0.907,3,0,0,1,1,1,0,0,1,1,0
anti_uav410,20190926_183941_1_5,4ea24b3a5004b26cd412b787173bc13eefb56d17e0f97fbe6f1163589fa94373,external://anti_uav410/20190926_183941_1_5.txt,val,calibration,nominal,,,,,0,989,989,0,1.0,0,0,0,0,0,0,0,0,1,1,0
anti_uav410,20190926_195921_1_1,5d928a1ade0d673d66c1c01b69babdd82e193d78802e86056e98d979072dcc6c,external://anti_uav410/20190926_195921_1_1.txt,val,calibration,nominal,,,,,0,1000,1000,0,1.0,0,1,0,0,0,0,0,0,1,1,0
anti_uav410,20190926_195921_1_5,d5c92449af80737232694e865cbea06606151ab533a1a68780e1e4f08fe3f006,external://anti_uav410/20190926_195921_1_5.txt,val,calibration,nominal,,,,,0,1000,1000,0,1.0,0,1,0,0,0,0,0,0,0,1,0
anti_uav410,20190926_195921_1_6,b7ccbbf61055405f5e90c406fbb9a3bf8602fa564bf92a7d46784352f4707b25,external://anti_uav410/20190926_195921_1_6.txt,val,calibration,nominal,,,,,0,1000,1000,0,1.0,0,1,0,0,0,0,0,0,1,1,0
anti_uav410,20190926_195921_1_8,f653890c26c74892bfaf16d1d4207ab2e2ad0e5faa87a72fab3f6b8944d8d802,external://anti_uav410/20190926_195921_1_8.txt,val,calibration,scale_small,,,,,0,1000,1000,0,1.0,0,1,0,1,0,0,0,0,1,1,0
anti_uav410,20190926_200510_1_2,27650605792189d3bc80511a81a44389ac1e52803ee304a8fe555e9dad279aa4,external://anti_uav410/20190926_200510_1_2.txt,val,calibration,nominal,,,,,0,1000,1000,0,1.0,0,1,0,0,0,0,0,0,1,1,0
anti_uav410,20190926_200510_1_3,fd7258d3fc6e921cae3494a9060a201ccaef8141879822c63c0912bc87d07985,external://anti_uav410/20190926_200510_1_3.txt,val,calibration,nominal,,,,,0,1000,1000,0,1.0,0,1,0,0,0,0,0,0,1,1,0
anti_uav410,20190926_200510_1_4,9b43e2a371164a92336f65fb7971e574af9d50c592cd6617c5385d41fa1302ee,external://anti_uav410/20190926_200510_1_4.txt,val,calibration,nominal,,,,,0,1000,1000,0,1.0,0,1,0,0,0,0,0,0,0,1,0
anti_uav410,20190926_200510_1_5,dad846d82574e324915877cda8d2dec4b539e3e17ffa52192de83dc361df716d,external://anti_uav410/20190926_200510_1_5.txt,val,calibration,nominal,,,,,0,1000,1000,0,1.0,0,1,0,0,0,0,0,0,0,1,1
anti_uav410,20190926_200510_1_6,5a32df6fac13beb267e6145ff28b9f5a83a34881909141dab3812d8faf0b2e2a,external://anti_uav410/20190926_200510_1_6.txt,val,calibration,nominal,,,,,0,1000,1000,0,1.0,0,1,0,0,0,0,0,0,0,1,0
anti_uav410,20190926_200510_1_7,328458ffcd3ece263aa33adaa779ea1c292e6e5be02424c4018cb861b8b6f094,external://anti_uav410/20190926_200510_1_7.txt,val,calibration,nominal,,,,,0,1000,1000,0,1.0,0,1,0,0,0,0,0,0,0,1,0
anti_uav410,20190926_200510_1_8,222867a1323604cfd8b85c03c75b167eaccb558e41caab2112bee4b9419952b3,external://anti_uav410/20190926_200510_1_8.txt,val,calibration,visibility,,,,,0,493,479,14,0.9716024340770791,1,1,1,0,0,0,0,0,0,1,1
anti_uav410,3700000000002_091732_1,185be8405ed8b37c0d71d1ff5907f59ee533a41ea6fc39d2c590519dbe1f00a3,external://anti_uav410/3700000000002_091732_1.txt,val,calibration,visibility,,,,,0,1480,1480,0,1.0,0,0,1,0,0,0,1,1,1,0,0
anti_uav410,3700000000002_105009_1,3b1e86569194b40b56b70e4f38c7bc4e38f032c1b0c582102b6053fd48739224,external://anti_uav410/3700000000002_105009_1.txt,val,calibration,visibility,,,,,0,1500,1115,385,0.7433333333333333,1,1,1,0,1,0,1,1,1,0,0
anti_uav410,3700000000002_105103_3,2fbdedaca6f5dae5b8985546c05b0a2715783710d3468d55264e190c456cb8b8,external://anti_uav410/3700000000002_105103_3.txt,val,calibration,visibility,,,,,0,1500,1479,21,0.986,1,1,1,0,1,0,1,1,1,0,0
anti_uav410,3700000000002_105103_6,3affb84c029dc988517c082ec294c5768f6fb20993a90562c5c68aed03fa45f6,external://anti_uav410/3700000000002_105103_6.txt,val,calibration,fast_motion,,,,,0,1500,1500,0,1.0,0,1,0,0,1,0,1,1,1,0,0
anti_uav410,3700000000002_105103_8,7ef6e38deb8bedc2046152d8e24f559839b858b10c6c787cf0515505412c940b,external://anti_uav410/3700000000002_105103_8.txt,val,calibration,visibility,,,,,0,1500,1329,171,0.886,3,1,1,0,1,0,1,1,1,0,0
anti_uav410,3700000000002_105837_2,e5a73d0aeadde8566aa20910040f3fa00bc58e0bbc40cbc7d42eeddd8acd7915,external://anti_uav410/3700000000002_105837_2.txt,val,calibration,scale_small,,,,,0,1500,1500,0,1.0,0,1,0,0,0,0,1,1,1,0,0
anti_uav410,3700000000002_110352_1,6fdff324b28ba9ddd397027ea089529bc9875f58334784aad04da0714f7e7a35,external://anti_uav410/3700000000002_110352_1.txt,val,calibration,scale_small,,,,,0,1500,1500,0,1.0,0,1,0,0,0,0,1,1,1,0,0
anti_uav410,3700000000002_110743_1,dc2ca11bfe9ab9d94ab0415a7332fc7a8a86cc3b95cf1f1035563727fb89d435,external://anti_uav410/3700000000002_110743_1.txt,val,calibration,visibility,,,,,0,1500,973,527,0.6486666666666666,5,1,1,0,0,0,1,1,1,0,0
anti_uav410,3700000000002_111356_3,c417e54ce207851fa77df8bb7605ba0c298426fabe0a8f18312ba6e4d2f49072,external://anti_uav410/3700000000002_111356_3.txt,val,calibration,visibility,,,,,0,1469,1469,0,1.0,0,1,1,0,1,0,1,1,1,0,0
anti_uav410,3700000000002_143252_1,119901c07516954f98313fcf464e2293a52b127a53b0e8461f88f047d1a5c6bd,external://anti_uav410/3700000000002_143252_1.txt,val,calibration,visibility,,,,,0,1500,1500,0,1.0,0,1,0,0,1,1,1,0,1,0,0
anti_uav410,3700000000002_143252_3,2d5c065671f0dd3d8ad3ab203d62695a5583c62337adacef75c6b3b67aa3b60f,external://anti_uav410/3700000000002_143252_3.txt,val,calibration,visibility,,,,,0,1500,1481,19,0.9873333333333333,5,1,1,0,1,0,1,1,1,0,0
anti_uav410,3700000000002_153139_1,7f869fd5f3978f54b5d0b5e8d7eba8814c272ec30dbc956eec69ba578766283f,external://anti_uav410/3700000000002_153139_1.txt,val,calibration,visibility,,,,,0,1483,1291,192,0.8705327039784221,5,1,1,1,1,1,1,1,1,1,1
anti_uav410,3700000000002_162623_2,e799537789fcc5b85186ed66dea3b5a36093ac81adfa351bc716aed32cf398a1,external://anti_uav410/3700000000002_162623_2.txt,val,calibration,visibility,,,,,0,1500,1440,60,0.96,3,1,1,1,1,1,1,1,1,1,0
anti_uav410,new28_train-new,3af2244e6cffe372127013d113b5dc59deb3363e3dec2e5750d4407f2aca3502,external://anti_uav410/new28_train-new.txt,val,calibration,scale_small,,,,,0,1500,1500,0,1.0,0,1,0,0,0,0,1,1,1,0,0
anti_uav410,new29_train-new,c5928fc86c3a2c8e1a70e99a247cc45688aeebb1e38b52db9e406c6119199421,external://anti_uav410/new29_train-new.txt,val,calibration,scale_small,,,,,0,1500,1500,0,1.0,0,0,0,0,0,0,1,1,1,0,0
anti_uav410,new30_train-new,513d2427b0aa6b39ad279b82ff0a2aeee3f0b1253a7ffa57b1b89303ef1e188c,external://anti_uav410/new30_train-new.txt,val,calibration,visibility,,,,,0,1500,1337,163,0.8913333333333333,1,0,1,0,0,0,1,1,1,0,0
anti_uav410,new36_train-new,2023f97a2b68e605e8dc4fe1514bf2ab4ccc6be2594ee10108cc8585f2319098,external://anti_uav410/new36_train-new.txt,val,calibration,visibility,,,,,0,1500,1496,4,0.9973333333333333,1,1,1,0,1,0,1,1,1,0,0
anti_uav410,new40_train-new,ece1ead2adc4992ea384047091c01e8e7637977a665d555322771a48524bb8da,external://anti_uav410/new40_train-new.txt,val,calibration,fast_motion,,,,,0,1500,1500,0,1.0,0,1,0,0,1,0,1,1,1,0,0
anti_uav410,new8_train-new,32a3a1d8f96dc3ef839f2a2e5d6b4cff6eab41d2af51b4c34d1587d930c771e6,external://anti_uav410/new8_train-new.txt,val,calibration,fast_motion,,,,,0,1500,1500,0,1.0,0,1,0,0,1,0,0,1,1,0,0
anti_uav410,02_6319_1500-2999,418793fcd6218f474aaf1f712abb5b5593ad00bca956c8ce6b32632303e64866,external://anti_uav410/02_6319_1500-2999.txt,test,evaluation,visibility,,,,AU-L04-W06,1,1500,1500,0,1.0,0,1,0,0,0,1,1,1,1,0,0
anti_uav410,02_6321_0274-2773,12b80216c0c5ef778871a17d520ffe3bdea2588782605b7b39be951a2e837a78,external://anti_uav410/02_6321_0274-2773.txt,test,evaluation,scale_small,,,,AU-L08-W02,1,1500,1500,0,1.0,0,0,0,1,0,0,0,1,1,1,1
anti_uav410,03_2499_0962-2461,b961b10b2de4c62fc1ed2deb1c6255d0fff4a087455e8f6d16d4e78196973332,external://anti_uav410/03_2499_0962-2461.txt,test,evaluation,visibility,,,,AU-L08-W03,1,1500,1489,11,0.9926666666666667,1,1,1,0,0,1,1,1,1,0,0
anti_uav410,03_3780_0001-1499,c034130c307074f1edc194fcaeadf4a851a1bb99e720e6658862a7d4054ffc22,external://anti_uav410/03_3780_0001-1499.txt,test,evaluation,fast_motion,,,,AU-L04-W05,1,1500,1500,0,1.0,0,0,0,0,1,0,1,1,1,0,0
anti_uav410,04_8618_1215-2714,b7509d574b422ea2b4b5ca9392753233f90e4984b4ffc306dbddf0130758640a,external://anti_uav410/04_8618_1215-2714.txt,test,evaluation,scale_small,,,,AU-L06-W02,1,1500,1500,0,1.0,0,0,0,0,0,0,1,1,1,0,0
anti_uav410,20190925_101846_1_4,5ebe7b87ef03c41efeeb6ab8a3676d608400399f9ad25f495725fceb4844c2f0,external://anti_uav410/20190925_101846_1_4.txt,test,evaluation,scale_small,,,,AU-L06-W03,1,1000,1000,0,1.0,0,0,0,1,0,0,0,0,1,1,0
anti_uav410,20190925_101846_1_5,909f43827707377733a597191c03b754d762a46e0ea0e91a879f62f850312a26,external://anti_uav410/20190925_101846_1_5.txt,test,evaluation,scale_small,,,,AU-L04-W02,1,1000,1000,0,1.0,0,0,0,1,0,0,0,0,1,0,0
anti_uav410,20190925_111757_1_1,9ef8a57590bccb5f1c57329f6077a4e02948af8d251d6f44af06f473f6351ddf,external://anti_uav410/20190925_111757_1_1.txt,test,evaluation,nominal,,,,AU-L08-W04,1,1000,1000,0,1.0,0,1,0,0,0,0,0,0,0,1,1
anti_uav410,20190925_111757_1_10,1c0bf72cd257afbc24df3275f019f4e780d406be4b5b1f471200f2822cad8aaa,external://anti_uav410/20190925_111757_1_10.txt,test,evaluation,visibility,,,,AU-L04-W07,1,348,131,217,0.3764367816091954,1,1,1,0,0,0,0,0,1,1,0
anti_uav410,20190925_111757_1_2,b92e64b689dadb52bad0dee44c0c84141b046ab5644fd7e02a125acd68b74c6d,external://anti_uav410/20190925_111757_1_2.txt,test,evaluation,visibility,,,,AU-L08-W01,1,1000,994,6,0.994,1,1,0,1,1,0,0,0,1,1,1
anti_uav410,20190925_111757_1_3,d8876472c16dd856e86879b38909860b0691a575ecc63ce66941be4f0963750e,external://anti_uav410/20190925_111757_1_3.txt,test,evaluation,nominal,,,,AU-L04-W03,1,1000,1000,0,1.0,0,1,0,0,0,0,0,0,0,1,1
anti_uav410,20190925_111757_1_4,5e15675247687795d91627dd1c368d99ea2d4da489c6f545a2b0327291748374,external://anti_uav410/20190925_111757_1_4.txt,test,evaluation,nominal,,,,AU-L04-W07,1,1000,1000,0,1.0,0,1,0,0,0,0,0,0,0,1,1
anti_uav410,20190925_111757_1_5,c9da02448a53f172fbb4137bac755f434f239c4a7328fa9a474e55273444ebdd,external://anti_uav410/20190925_111757_1_5.txt,test,evaluation,nominal,,,,AU-L08-W03,1,1000,1000,0,1.0,0,1,0,0,0,0,0,0,0,1,1
anti_uav410,20190925_111757_1_6,144d1b89616682688aa7832eef940e8a8c18f9547c1a17f517cab502988cb6fe,external://anti_uav410/20190925_111757_1_6.txt,test,evaluation,nominal,,,,AU-L04-W06,1,1000,1000,0,1.0,0,1,0,0,0,0,0,0,1,1,0
anti_uav410,20190925_111757_1_7,9126247bd9bff167707957181476c247986588e97fc9a13b0499046b868e478a,external://anti_uav410/20190925_111757_1_7.txt,test,evaluation,visibility,,,,AU-L08-W02,1,1000,889,111,0.889,1,1,1,0,0,0,0,0,1,1,0
anti_uav410,20190925_111757_1_8,037fc717f8d6f58b14964f0d822f55218e238d35cd9b906a642c6c5bbbbb61a0,external://anti_uav410/20190925_111757_1_8.txt,test,evaluation,scale_small,,,,AU-L04-W04,1,948,948,0,1.0,0,1,0,1,0,0,0,0,1,1,0
anti_uav410,20190925_111757_1_9,b506da1c12d3b8e9c21ea90c418692075554ad6aba19ea12916e65c51b4184b6,external://anti_uav410/20190925_111757_1_9.txt,test,evaluation,visibility,,,,AU-L04-W02,1,1000,990,10,0.99,1,1,0,1,1,0,0,1,1,1,1
anti_uav410,20190925_124000_1_1,32a3bf4650018523bf66d695e04e6e0c2bcc70eb715961f06e03ac3989cba48d,external://anti_uav410/20190925_124000_1_1.txt,test,evaluation,nominal,,,,AU-L06-W02,1,1000,1000,0,1.0,0,0,0,0,0,0,0,0,0,1,1
anti_uav410,20190925_124000_1_10,a8f0c34264460d5f69611ba6a50f6f4a587c0ebf7fdfa313d148e5ad707c9ba0,external://anti_uav410/20190925_124000_1_10.txt,test,evaluation,nominal,,,,AU-L04-W08,1,164,164,0,1.0,0,1,0,0,0,0,0,0,1,1,0
anti_uav410,20190925_124000_1_2,079c27fa2a57ea5b01db9a5825f7812da42c9b5de49cde72577b12e907762990,external://anti_uav410/20190925_124000_1_2.txt,test,evaluation,nominal,,,,AU-L04-W05,1,1000,1000,0,1.0,0,1,0,0,0,0,0,0,0,1,1
anti_uav410,20190925_124000_1_3,a593b9bf397adccb732ec42a077cd8d4649819157641778d5ff2d8b57cc04fac,external://anti_uav410/20190925_124000_1_3.txt,test,evaluation,nominal,,,,AU-L06-W01,1,1000,1000,0,1.0,0,1,0,0,0,0,0,0,0,1,1
anti_uav410,20190925_124000_1_4,c99c8923d941c0c5c83f3f273725deae92f8b42a9ca685a0af3dfe439b3785af,external://anti_uav410/20190925_124000_1_4.txt,test,evaluation,scale_small,,,,AU-L02-W01,1,1000,1000,0,1.0,0,1,0,1,0,0,0,0,1,1,1
anti_uav410,20190925_124000_1_5,8345e72fcf95e71f6716c73f03ad7dcd511711079673493c70e0ff17478e0a17,external://anti_uav410/20190925_124000_1_5.txt,test,evaluation,nominal,,,,AU-L06-W06,1,1000,1000,0,1.0,0,1,0,0,0,0,0,0,1,1,0
anti_uav410,20190925_124000_1_6,52b150943ea6abcf8835abe6ef29a2267f2f20bb1f959b911f568ce082e1d2d9,external://anti_uav410/20190925_124000_1_6.txt,test,evaluation,visibility,,,,AU-L04-W03,1,1000,999,1,0.999,1,1,0,0,1,0,0,0,1,1,0
anti_uav410,20190925_124000_1_7,048fc956ffc203cedd2474e5b95ef3588e1453ade0fbb5d0c389cc6e7b0427de,external://anti_uav410/20190925_124000_1_7.txt,test,evaluation,fast_motion,,,,AU-L04-W08,1,1000,1000,0,1.0,0,1,0,0,1,0,0,0,1,1,0
anti_uav410,20190925_124000_1_8,7ca7d8fb3a469713c9314a00f65c8902a17d2882d885b5324565960a5fdd5233,external://anti_uav410/20190925_124000_1_8.txt,test,evaluation,nominal,,,,AU-L04-W05,1,1000,1000,0,1.0,0,1,0,0,0,0,0,0,1,1,0
anti_uav410,20190925_124000_1_9,2597ee1675387bdfcd670f2fafd8272f1ece19394e76238c6e7753301654de40,external://anti_uav410/20190925_124000_1_9.txt,test,evaluation,nominal,,,,AU-L02-W09,1,1000,1000,0,1.0,0,1,0,0,0,0,0,0,1,1,0
anti_uav410,20190925_124612_1_1,42431731b4af1b7937c3695f364dcddc4df58ea181277a20512b90ef77602dfd,external://anti_uav410/20190925_124612_1_1.txt,test,evaluation,nominal,,,,AU-L08-W03,1,1000,1000,0,1.0,0,1,0,0,0,0,0,0,0,1,0
anti_uav410,20190925_124612_1_2,bf682801e0f656402d200f1c2c0f507721a180c80eefdfb440417d84910ebb88,external://anti_uav410/20190925_124612_1_2.txt,test,evaluation,nominal,,,,AU-L06-W03,1,1000,1000,0,1.0,0,1,0,0,0,0,0,0,1,1,1
anti_uav410,20190925_124612_1_3,2f82ceb0bc3d8a1f33f4619dacd4c82d805574ca1f0160d44538d6ef081b2832,external://anti_uav410/20190925_124612_1_3.txt,test,evaluation,visibility,,,,AU-L04-W08,1,1000,930,70,0.93,3,1,1,1,0,0,0,0,1,1,1
anti_uav410,20190925_124612_1_4,ee1d4964be650a462f8afe026535b8f5c757fb593eb0134a783f38b24aeacd86,external://anti_uav410/20190925_124612_1_4.txt,test,evaluation,visibility,,,,AU-L06-W03,1,1000,999,1,0.999,1,1,0,1,0,0,0,0,0,1,1
anti_uav410,20190925_124612_1_5,b334d15af3977035a34c0fd54bd48d67799f984d7eb37284095db2ff12884700,external://anti_uav410/20190925_124612_1_5.txt,test,evaluation,nominal,,,,AU-L04-W02,1,1000,1000,0,1.0,0,1,0,0,0,0,0,0,0,1,0
anti_uav410,20190925_124612_1_6,5db69dc4fb2526d57faf283a97ed3b675d2d07faf238aa0f229de222731e0e0c,external://anti_uav410/20190925_124612_1_6.txt,test,evaluation,nominal,,,,AU-L06-W05,1,1000,1000,0,1.0,0,1,0,0,0,0,0,0,0,1,1
anti_uav410,20190925_124612_1_7,a1303d948ba5429cce50de3444190fd5f9b0b183b70853edb5363b617ceff419,external://anti_uav410/20190925_124612_1_7.txt,test,evaluation,nominal,,,,AU-L02-W07,1,1000,1000,0,1.0,0,1,0,0,0,0,0,0,1,1,1
anti_uav410,20190925_124612_1_8,2875937149641fe8b421945c1197b17a080880a9ab596e313f5eb4bed7bca455,external://anti_uav410/20190925_124612_1_8.txt,test,evaluation,fast_motion,,,,AU-L02-W03,1,923,923,0,1.0,0,1,0,0,1,0,0,0,1,1,0
anti_uav410,20190925_134301_1_1,61d5eac1987ba173c29c664e1bf1b227705c8404bd18b494cca9b97e105ecc8f,external://anti_uav410/20190925_134301_1_1.txt,test,evaluation,scale_small,,,,AU-L06-W04,1,1000,1000,0,1.0,0,1,0,1,0,0,0,0,1,1,0
anti_uav410,20190925_134301_1_2,3682180299a40cac894686e4e9d0f86b5a8732f548ff6a12fab628150c6ed901,external://anti_uav410/20190925_134301_1_2.txt,test,evaluation,nominal,,,,AU-L06-W06,1,1000,1000,0,1.0,0,1,0,0,0,0,0,0,1,1,0
anti_uav410,20190925_134301_1_3,c31763fbdb18c17b1d0152ae3dbf6c6ddf1000c75455e6a9c2d965bc346c51e1,external://anti_uav410/20190925_134301_1_3.txt,test,evaluation,nominal,,,,AU-L02-W03,1,1000,1000,0,1.0,0,1,0,0,0,0,0,0,1,1,0
anti_uav410,20190925_134301_1_4,2472a503dab7aabcfe4d098508815084f0f143646531b48e161ff5c8d50ced60,external://anti_uav410/20190925_134301_1_4.txt,test,evaluation,nominal,,,,AU-L06-W03,1,1000,1000,0,1.0,0,1,0,0,0,0,0,0,1,1,0
anti_uav410,20190925_134301_1_5,26e769707948dd3d63043a4b7eb75ce250c63623671e12d6f46252f139136ba2,external://anti_uav410/20190925_134301_1_5.txt,test,evaluation,scale_small,,,,AU-L04-W03,1,1000,1000,0,1.0,0,1,0,1,0,0,0,0,1,1,0
anti_uav410,20190925_134301_1_6,ddbda667acfcedf5dbe45bc64a6340b083e9ea723312741e9b35e1628442125b,external://anti_uav410/20190925_134301_1_6.txt,test,evaluation,visibility,,,,AU-L06-W02,1,1000,976,24,0.976,2,1,0,0,0,0,0,0,1,1,0
anti_uav410,20190925_134301_1_7,acbcd49826908f97d92a3f6d24142e7fead7afd6f28e33656e2fd28d8ae20e9b,external://anti_uav410/20190925_134301_1_7.txt,test,evaluation,visibility,,,,AU-L02-W01,1,1000,986,14,0.986,3,0,0,0,0,0,0,0,1,1,0
anti_uav410,20190925_134301_1_8,f6b7847e1588c4712031bf2104e7c39502a58e14b8c2b65ca436e604aac3f554,external://anti_uav410/20190925_134301_1_8.txt,test,evaluation,fast_motion,,,,AU-L04-W06,1,1000,1000,0,1.0,0,1,0,0,1,0,0,0,1,1,0
anti_uav410,20190925_134301_1_9,5d11d64c25efdbb132fbf0235bb092d518d704bbc91e1c57a46dba52ab139fcf,external://anti_uav410/20190925_134301_1_9.txt,test,evaluation,nominal,,,,AU-L02-W08,1,619,619,0,1.0,0,1,0,0,0,0,0,0,1,1,0
anti_uav410,20190925_193610_1_1,72ab5136e2f464e963f202ff33af9b048979817b4c35d4778d7259b08ae7a5f7,external://anti_uav410/20190925_193610_1_1.txt,test,evaluation,visibility,,,,AU-L02-W10,1,926,879,47,0.949244060475162,3,0,1,0,1,0,0,0,1,1,0
anti_uav410,20190925_193610_1_2,b1b8e657c53af0c2fb19ae70aa14420ed8dc550fc21ec4627a56cca24fcf53cf,external://anti_uav410/20190925_193610_1_2.txt,test,evaluation,visibility,,,,AU-L08-W04,1,932,879,53,0.9431330472103004,5,0,1,0,1,0,0,0,1,1,0
anti_uav410,20190925_193610_1_3,2441f58a48f5bbf080f9dc881e46e7d75a98496f8b7fde5b5b5ddf9f56a28f9d,external://anti_uav410/20190925_193610_1_3.txt,test,evaluation,visibility,,,,AU-L06-W02,1,950,922,28,0.9705263157894737,3,0,1,1,1,0,0,0,1,1,1
anti_uav410,20190925_193610_1_4,c1f5c5768f55f5b3c53b7e160c9fc3fc627b171aa0a581211cf13c2faed61bec,external://anti_uav410/20190925_193610_1_4.txt,test,evaluation,visibility,,,,AU-L06-W05,1,943,889,54,0.9427359490986215,6,0,1,0,1,0,0,0,1,1,0
anti_uav410,20190925_193610_1_5,9e286a10e2ef3096a5aa43c0a13c4c1a04b8d58a484e344726ea156ece575190,external://anti_uav410/20190925_193610_1_5.txt,test,evaluation,visibility,,,,AU-L06-W04,1,948,934,14,0.9852320675105485,1,0,1,0,1,0,0,0,1,1,0
anti_uav410,20190925_193610_1_6,e369acb3f47aad49423f40db82f9ec82621be1ebe7f729d8e2e6e397a0ee6868,external://anti_uav410/20190925_193610_1_6.txt,test,evaluation,fast_motion,,,,AU-L02-W05,1,923,923,0,1.0,0,0,0,0,1,0,0,0,0,1,0
anti_uav410,20190925_193610_1_7,ab5811b8bb8bf168af7c1a8fbad59964ad73aca326f66ad1cb86a935350f559c,external://anti_uav410/20190925_193610_1_7.txt,test,evaluation,fast_motion,,,,AU-L08-W03,1,939,939,0,1.0,0,0,0,0,1,0,0,0,1,1,0
anti_uav410,20190925_193610_1_8,b363f86ad250b30d504b914c42bd6edad3c34e42dcc2cdebcbef60204da9afb0,external://anti_uav410/20190925_193610_1_8.txt,test,evaluation,fast_motion,,,,AU-L06-W02,1,921,921,0,1.0,0,0,0,1,1,0,0,0,1,1,0
anti_uav410,20190925_193610_1_9,75da92155e39ae5ee6335a183957d9e81e90cce3f0db0d0e33290b1231e593c5,external://anti_uav410/20190925_193610_1_9.txt,test,evaluation,visibility,,,,AU-L02-W02,1,889,888,1,0.9988751406074241,1,0,0,1,1,0,0,1,1,1,0
anti_uav410,20190925_200805_1_1,8e70bb2fe8337d7859f4a455acad684d87a88747c912dc161bc56ce820ed288b,external://anti_uav410/20190925_200805_1_1.txt,test,evaluation,visibility,,,,AU-L06-W04,1,950,949,1,0.9989473684210526,1,1,0,0,1,0,0,0,1,0,0
anti_uav410,20190925_200805_1_2,dbc3c16523eb35e194d7b3e465dd8802a130d192d48948dc3947d3840b6d0ed6,external://anti_uav410/20190925_200805_1_2.txt,test,evaluation,fast_motion,,,,AU-L08-W04,1,934,934,0,1.0,0,1,0,0,1,0,0,0,1,0,0
anti_uav410,20190925_200805_1_3,cc1c50742d9ceb06d6a7b607d97037f9334b909ebc7ba10928d2fecf96839aa6,external://anti_uav410/20190925_200805_1_3.txt,test,evaluation,visibility,,,,AU-L06-W03,1,1000,999,1,0.999,1,1,0,1,1,0,0,1,1,0,0
anti_uav410,20190925_200805_1_4,00694174c602e888e600c37afc5947f432115bba2e2aae2c216aece84b9b998c,external://anti_uav410/20190925_200805_1_4.txt,test,evaluation,fast_motion,,,,AU-L08-W01,1,940,940,0,1.0,0,1,0,1,1,0,0,1,1,0,0
anti_uav410,20190925_200805_1_5,f754e6937631bd2f55c092572bd6005d813efa0f0f5feceb27c76d6baeac9578,external://anti_uav410/20190925_200805_1_5.txt,test,evaluation,visibility,,,,AU-L08-W03,1,1000,944,56,0.944,5,1,1,1,1,0,0,0,1,1,0
anti_uav410,20190925_200805_1_6,f833d3b292962de119136310c978733a95b3449473c885314ce937df7dfa5a3c,external://anti_uav410/20190925_200805_1_6.txt,test,evaluation,visibility,,,,AU-L08-W02,1,862,850,12,0.9860788863109049,1,1,1,0,1,0,0,0,1,1,0
anti_uav410,20190925_200805_1_7,629f7c22af3cafeb54da6d802b8537688d7ea5879e0bcd4e176fc0341289678e,external://anti_uav410/20190925_200805_1_7.txt,test,evaluation,visibility,,,,AU-L04-W01,1,958,951,7,0.9926931106471816,2,1,1,0,1,0,0,0,1,1,0
anti_uav410,20190925_200805_1_8,6530250e0bca0c8f0e7c0a40eea15a7233850b5e5a39d2f9511b4e6947d998af,external://anti_uav410/20190925_200805_1_8.txt,test,evaluation,visibility,,,,AU-L02-W08,1,930,904,26,0.9720430107526882,4,1,1,1,1,0,0,0,1,1,0
anti_uav410,20190925_200805_1_9,6886fab6c0260f0b8e6d10368e7e5372760928f303f71e7b7757ab3229e5b50e,external://anti_uav410/20190925_200805_1_9.txt,test,evaluation,visibility,,,,AU-L08-W04,1,475,474,1,0.9978947368421053,1,0,1,0,1,0,0,0,1,1,0
anti_uav410,20190926_095902_1_1,d81153ed097958d087e6bf032d166aeedfd71bff12a1f21baa07742ff949b832,external://anti_uav410/20190926_095902_1_1.txt,test,evaluation,visibility,,,,AU-L04-W03,1,1000,995,5,0.995,1,0,1,0,1,0,0,0,0,1,1
anti_uav410,20190926_095902_1_2,3d2278b18c8649417eb4714357c3776bb787e753478604c0ee5b51b433797980,external://anti_uav410/20190926_095902_1_2.txt,test,evaluation,nominal,,,,AU-L04-W01,1,1000,1000,0,1.0,0,0,0,0,0,0,0,0,0,1,1
anti_uav410,20190926_095902_1_4,db609eab5d189ba9d883cfe1d86d9be5084ed4dd0ce13325e365f641ce9fb107,external://anti_uav410/20190926_095902_1_4.txt,test,evaluation,scale_small,,,,AU-L06-W01,1,1000,1000,0,1.0,0,0,0,1,0,0,0,0,0,1,1
anti_uav410,20190926_095902_1_5,d978e7ce839f9a58a1d66f831d649d4a4c71f18c744dc48c2984b278a91c5578,external://anti_uav410/20190926_095902_1_5.txt,test,evaluation,fast_motion,,,,AU-L04-W01,1,1000,1000,0,1.0,0,0,0,0,1,0,0,0,0,1,1
anti_uav410,20190926_095902_1_6,95d72868ab98df53cb5a3b0064786e153e968ead22300e67cafb51fb93f87bca,external://anti_uav410/20190926_095902_1_6.txt,test,evaluation,nominal,,,,AU-L08-W02,1,1000,1000,0,1.0,0,0,0,0,0,0,0,0,0,1,1
anti_uav410,20190926_095902_1_7,ac8b99f0e18278ffb81bbb8f942f16b07211ea8088a1f6814405fe1e228aa3ba,external://anti_uav410/20190926_095902_1_7.txt,test,evaluation,nominal,,,,AU-L08-W03,1,1000,1000,0,1.0,0,0,0,0,0,0,0,0,0,1,0
anti_uav410,20190926_095902_1_9,b9cf08548255fea9a44fc9a1f2c180939c123201d2e91500a927632c2dad2ce9,external://anti_uav410/20190926_095902_1_9.txt,test,evaluation,nominal,,,,AU-L08-W01,1,764,764,0,1.0,0,0,0,0,0,0,0,0,0,1,0
anti_uav410,20190926_102042_1_1,80809a6345fd69e5532434ad92660f3d62169262ece892e0317496438b5a19d0,external://anti_uav410/20190926_102042_1_1.txt,test,evaluation,nominal,,,,AU-L04-W04,1,1000,1000,0,1.0,0,1,0,0,0,0,0,0,0,1,1
anti_uav410,20190926_102042_1_2,0a9766d279e2989340a1fd2efb8bdee572db014a5ed579141af00b8aff76cab2,external://anti_uav410/20190926_102042_1_2.txt,test,evaluation,visibility,,,,AU-L04-W04,1,1000,934,66,0.934,2,1,1,1,1,0,0,1,1,1,0
anti_uav410,20190926_102042_1_3,3758f2922bb8538897f51a4906faa4e319e010fe501a7c2bf524ed7ab48d33b6,external://anti_uav410/20190926_102042_1_3.txt,test,evaluation,nominal,,,,AU-L02-W06,1,1000,1000,0,1.0,0,1,0,0,0,0,0,0,0,1,0
anti_uav410,20190926_102042_1_4,e89217f0f09848aaccfd102285c46c77953a76e0292e28e8826299543093c432,external://anti_uav410/20190926_102042_1_4.txt,test,evaluation,nominal,,,,AU-L08-W04,1,1000,1000,0,1.0,0,1,0,0,0,0,0,0,0,1,0
anti_uav410,20190926_102042_1_5,6577c8470243a38a6a0da93759d0dd7c049ccc8701e72746c704a20f864087fb,external://anti_uav410/20190926_102042_1_5.txt,test,evaluation,nominal,,,,AU-L08-W01,1,1000,1000,0,1.0,0,1,0,0,0,0,0,0,0,1,0
anti_uav410,20190926_102042_1_6,0ea81ca5304a083ca313c3a20eb6c7ae23f4689e15c7f419e4f8aba94fccaaf0,external://anti_uav410/20190926_102042_1_6.txt,test,evaluation,nominal,,,,AU-L06-W05,1,1000,1000,0,1.0,0,0,0,0,0,0,0,0,1,1,0
anti_uav410,20190926_102042_1_7,74fe65bc3c0ab35a7000b80bd1a5dbe13f94fac3510772091cc3e4e80869e927,external://anti_uav410/20190926_102042_1_7.txt,test,evaluation,visibility,,,,AU-L06-W06,1,1000,985,15,0.985,1,0,0,0,0,0,0,0,1,1,0
anti_uav410,20190926_102042_1_8,2e36f935707d2f2218d347a6818de3f738ede0695ddd69ec2ae54ac66b520a8d,external://anti_uav410/20190926_102042_1_8.txt,test,evaluation,nominal,,,,AU-L06-W04,1,1000,1000,0,1.0,0,1,0,0,0,0,0,0,1,1,0
anti_uav410,20190926_102042_1_9,67ad10faffb0f37e2fed01c6d066fec64f7b712d08198a487fea790d4d872606,external://anti_uav410/20190926_102042_1_9.txt,test,evaluation,nominal,,,,AU-L02-W05,1,429,429,0,1.0,0,1,0,0,0,0,0,0,1,1,0
anti_uav410,20190926_111509_1_1,34244eebc7e5e523907b49527098885e899aff02072d12e663b73b596de30846,external://anti_uav410/20190926_111509_1_1.txt,test,evaluation,fast_motion,,,,AU-L06-W04,1,1000,1000,0,1.0,0,1,0,0,1,0,0,0,0,0,1
anti_uav410,20190926_111509_1_2,0b0ee387e175f56bd29b588ad11aa7bda3c0ce3d030ec07aa23378613da72c49,external://anti_uav410/20190926_111509_1_2.txt,test,evaluation,nominal,,,,AU-L06-W04,1,1000,1000,0,1.0,0,1,0,0,0,0,0,0,0,1,1
anti_uav410,20190926_111509_1_3,2da850a2e8a2264e4c06348d7d68507909cacd1bc42f79661a9e7f05ba889c1b,external://anti_uav410/20190926_111509_1_3.txt,test,evaluation,visibility,,,,AU-L02-W09,1,1000,980,20,0.98,1,1,1,0,1,0,0,0,0,1,1
anti_uav410,20190926_111509_1_4,00d4a615114f07e67d7aa588a8035a90618dc23af4bf67b8cb279d7add27be89,external://anti_uav410/20190926_111509_1_4.txt,test,evaluation,nominal,,,,AU-L04-W08,1,1000,1000,0,1.0,0,0,0,0,0,0,0,0,0,0,1
anti_uav410,20190926_111509_1_5,94022b6555485ab30ec95d8242f5ee6423b50af7d6448ade38ed6fe68e3038a0,external://anti_uav410/20190926_111509_1_5.txt,test,evaluation,nominal,,,,AU-L08-W02,1,1000,1000,0,1.0,0,0,0,0,0,0,0,0,0,0,1
anti_uav410,20190926_111509_1_6,cc8054e4a9e8875a4781dc478a9544ffbf89af76d5341cc2d84b214ebf22ad25,external://anti_uav410/20190926_111509_1_6.txt,test,evaluation,nominal,,,,AU-L04-W07,1,1000,1000,0,1.0,0,0,0,0,0,0,0,0,0,0,1
anti_uav410,20190926_111509_1_7,0d874aa5a4b8832f18791677bea460613be6408fa16df4d86f57c60939e8a956,external://anti_uav410/20190926_111509_1_7.txt,test,evaluation,nominal,,,,AU-L02-W04,1,1000,1000,0,1.0,0,1,0,0,0,0,0,0,0,1,1
anti_uav410,20190926_111509_1_8,5642da2860933000bd33d174b196be06a55026b2ead903391004ab87eca17d81,external://anti_uav410/20190926_111509_1_8.txt,test,evaluation,nominal,,,,AU-L06-W01,1,1000,1000,0,1.0,0,1,0,0,0,0,0,0,0,1,1
anti_uav410,20190926_111509_1_9,6534d301f283b696f6b0583acb35170cfe7af6b655b7bf24f5f903f72e5ac182,external://anti_uav410/20190926_111509_1_9.txt,test,evaluation,nominal,,,,AU-L08-W02,1,139,139,0,1.0,0,1,0,0,0,0,0,0,0,1,1
anti_uav410,20190926_134054_1_1,f52449accaade338669894d3ed549ab2f2de5c0daa4db5aba1a2adf39e5fd815,external://anti_uav410/20190926_134054_1_1.txt,test,evaluation,nominal,,,,AU-L04-W06,1,1000,1000,0,1.0,0,1,0,0,0,0,0,0,1,1,0
anti_uav410,20190926_134054_1_2,8254238b25b3a0db85638bd3137b6673506379420aa751efa6b02e1e6a437039,external://anti_uav410/20190926_134054_1_2.txt,test,evaluation,nominal,,,,AU-L02-W10,1,1000,1000,0,1.0,0,1,0,0,0,0,0,0,1,1,0
anti_uav410,20190926_134054_1_3,7bd3a036be59cdd9405352ebd089b646eca044ce48b0f4669c5f7767bcb8da3a,external://anti_uav410/20190926_134054_1_3.txt,test,evaluation,nominal,,,,AU-L08-W01,1,1000,1000,0,1.0,0,1,0,0,0,0,0,0,1,1,0
anti_uav410,20190926_134054_1_4,2dcd8ee481afc592291d5ccba373bc48bf22f0b86835ed7382662252837fff43,external://anti_uav410/20190926_134054_1_4.txt,test,evaluation,nominal,,,,AU-L08-W04,1,1000,1000,0,1.0,0,1,0,0,0,0,0,0,1,1,0
anti_uav410,20190926_134054_1_5,39ed056dcbe20494308fbbc8e37f1979777dacca45156c1c44d8f19c220df1c7,external://anti_uav410/20190926_134054_1_5.txt,test,evaluation,nominal,,,,AU-L06-W05,1,1000,1000,0,1.0,0,1,0,0,0,0,0,0,1,1,0
anti_uav410,20190926_134054_1_6,7e8e193ad14f3e6ce585c0b70a3fbbf7cb87654078895f6f203c62b53cce622c,external://anti_uav410/20190926_134054_1_6.txt,test,evaluation,nominal,,,,AU-L06-W06,1,1000,1000,0,1.0,0,1,0,0,0,0,0,0,1,1,0
anti_uav410,20190926_134054_1_7,d126da2d88a62a6a40579b13713561ce73a7a4b8f3765ae866fabd9aa0dea398,external://anti_uav410/20190926_134054_1_7.txt,test,evaluation,fast_motion,,,,AU-L06-W06,1,1000,1000,0,1.0,0,1,0,0,1,0,0,0,1,1,0
anti_uav410,20190926_134054_1_8,6e468cdebbc2a8e8ef99baf73cd563bbe95f0be54019b9a350c79754102555f2,external://anti_uav410/20190926_134054_1_8.txt,test,evaluation,nominal,,,,AU-L06-W02,1,1000,1000,0,1.0,0,0,0,0,0,0,0,0,0,1,0
anti_uav410,3700000000002_130905_1,57ca48435bfb571856929185324fe92d9da2d0284d31753c90bb1770ff507b4d,external://anti_uav410/3700000000002_130905_1.txt,test,evaluation,fast_motion,,,,AU-L02-W04,1,1500,1500,0,1.0,0,0,0,0,1,0,1,1,1,0,0
anti_uav410,3700000000002_132726_2,9748641bbb4535947838472e640bd6f5ec0888a8f77190363eaf70ed85a893ef,external://anti_uav410/3700000000002_132726_2.txt,test,evaluation,visibility,,,,AU-L04-W02,1,1500,1494,6,0.996,3,0,1,1,1,0,1,1,1,0,0
anti_uav410,3700000000002_132726_4,1cfe59211eb07be3f87f9160fb1a5785323085e761596aca26ff73d202f5824b,external://anti_uav410/3700000000002_132726_4.txt,test,evaluation,visibility,,,,AU-L04-W05,1,1500,1461,39,0.974,1,0,1,1,1,0,1,1,1,0,0
anti_uav410,3700000000002_133828_2,bdf523d201cb17422a2c114095be77760ba045ae3eff6377ae5495f0ff7e5ce3,external://anti_uav410/3700000000002_133828_2.txt,test,evaluation,visibility,,,,AU-L08-W01,1,1500,1300,200,0.8666666666666667,2,1,1,0,1,1,1,1,1,0,0
anti_uav410,3700000000002_135232_2,c899868596603607ced2da2b16c857226ad502d400fa0e92f56595f597de390e,external://anti_uav410/3700000000002_135232_2.txt,test,evaluation,visibility,,,,AU-L06-W05,1,1500,1335,165,0.89,4,1,1,1,1,1,0,1,1,0,0
anti_uav410,3700000000002_140908_1,3f0e08c8ba018e01cadbf819261ec37962c239282e2c398d5ae152729d82e04e,external://anti_uav410/3700000000002_140908_1.txt,test,evaluation,visibility,,,,AU-L06-W06,1,1500,1434,66,0.956,5,1,1,0,1,1,1,1,1,0,0
anti_uav410,3700000000002_142320_2,2a39edb25b592f90d3c90b5c184ec5b32c251b27830566135f552eac529c72e4,external://anti_uav410/3700000000002_142320_2.txt,test,evaluation,visibility,,,,AU-L08-W02,1,1500,1500,0,1.0,0,1,1,0,1,1,1,1,1,0,0
anti_uav410,3700000000002_142320_4,b30f0ff9bd7a20a4ff87c9f7f76ef0e41f0e0fe105c8df06635b1e4fa8b83273,external://anti_uav410/3700000000002_142320_4.txt,test,evaluation,visibility,,,,AU-L06-W01,1,1500,1454,46,0.9693333333333334,2,1,1,0,1,1,1,1,1,0,0
anti_uav410,3700000000002_144152_1,97a5105a5a5216a84cb7e7b82b822802251e39c130ea4d7880956b538a132f35,external://anti_uav410/3700000000002_144152_1.txt,test,evaluation,visibility,,,,AU-L02-W07,1,1500,1418,82,0.9453333333333334,2,1,1,0,1,1,1,1,1,0,0
anti_uav410,3700000000002_151056_1,ee76b787995001b4ea0ac7eeb557705986437b635ae7eeebe1cc5974a3001fb8,external://anti_uav410/3700000000002_151056_1.txt,test,evaluation,fast_motion,,,,AU-L08-W02,1,1500,1500,0,1.0,0,1,0,0,1,0,1,1,1,0,0
anti_uav410,3700000000002_151056_4,8be9c59bb4fb7e297a30b131abb48b655caba69c770b31e55041bf6e8285c12e,external://anti_uav410/3700000000002_151056_4.txt,test,evaluation,visibility,,,,AU-L08-W03,1,1500,1500,0,1.0,0,1,1,1,1,0,0,1,1,0,0
anti_uav410,3700000000002_152538_1,b1651e8b817044e2d0514daac38ca45ad7101d6e16205870d29292f8d5ca38bd,external://anti_uav410/3700000000002_152538_1.txt,test,evaluation,visibility,,,,AU-L02-W06,1,1500,1272,228,0.848,2,0,1,0,1,1,1,1,1,0,0
anti_uav410,3700000000002_153139_2,ff52aacfc2181842a5f6d34468d0b279802ffa7aca5ba76a479b82a0fe0a94bd,external://anti_uav410/3700000000002_153139_2.txt,test,evaluation,visibility,,,,AU-L08-W04,1,1500,1466,34,0.9773333333333334,2,1,1,1,1,0,1,1,1,0,0
anti_uav410,3700000000002_153514_1,6f387b9d351bceb6a7eda80b9f04f8c9094b80e584649543752bffdd9d97f62a,external://anti_uav410/3700000000002_153514_1.txt,test,evaluation,fast_motion,,,,AU-L06-W05,1,1500,1500,0,1.0,0,0,0,0,1,0,1,0,1,0,0
anti_uav410,3700000000002_153918_1,f1959bdc0301e7398c10250f4cab28be829f00297cb2017431d6016f441288f0,external://anti_uav410/3700000000002_153918_1.txt,test,evaluation,visibility,,,,AU-L04-W04,1,1500,1195,305,0.7966666666666666,5,1,1,0,1,1,1,1,1,0,0
anti_uav410,3700000000002_153934_1,0615677dcc3bba6c435386e0c3328b8cec7bd63be3e55a74f2d1715db8ace926,external://anti_uav410/3700000000002_153934_1.txt,test,evaluation,visibility,,,,AU-L06-W01,1,1500,1192,308,0.7946666666666666,3,1,1,0,1,1,1,1,1,0,0
anti_uav410,3700000000002_162623_1,3fdccbfb19104a8c66bbba51e5f43c4599fdacf4f0ab85840a159cd81e0ce3c4,external://anti_uav410/3700000000002_162623_1.txt,test,evaluation,visibility,,,,AU-L08-W01,1,1500,1196,304,0.7973333333333333,6,1,1,1,1,1,1,1,1,1,0
anti_uav410,new10_train_newfix,2a20163e98ffceeb5d87be714a6a209b694246c3ff4773825f2fec8c092e8952,external://anti_uav410/new10_train_newfix.txt,test,evaluation,fast_motion,,,,AU-L08-W04,1,1491,1491,0,1.0,0,0,0,0,1,0,0,1,1,0,0
anti_uav410,new11_train_newfix,ada92c7589f7138e9e81758d99b3fe1c92c560d1f9989d54a472e2575805a637,external://anti_uav410/new11_train_newfix.txt,test,evaluation,fast_motion,,,,AU-L06-W01,1,1491,1491,0,1.0,0,0,0,0,1,0,0,0,1,0,0
anti_uav410,new21_train_newfix,9f8d4a687095adfcc2228a068008a77e8792654697493615a4885886dd53edb9,external://anti_uav410/new21_train_newfix.txt,test,evaluation,fast_motion,,,,AU-L04-W07,1,1491,1491,0,1.0,0,1,0,1,1,0,1,1,1,1,0
anti_uav410,new22_train-new,37cdea09b41a9bc54c966f3e2a014b85ddc30e2f46400523659759a14dde4f08,external://anti_uav410/new22_train-new.txt,test,evaluation,scale_small,,,,AU-L04-W01,1,1500,1500,0,1.0,0,1,0,0,0,0,0,1,1,0,0
anti_uav410,new23_train_newfix,ed2e7e60ce36805968d8ac567aab0a3caa542d9390f35ce0e7b13134d47e937f,external://anti_uav410/new23_train_newfix.txt,test,evaluation,scale_small,,,,AU-L08-W03,1,1491,1491,0,1.0,0,1,0,0,0,0,0,1,1,0,0
anti_uav410,new25_train_newfix,6b0c511b6c70cb41e1f7b829372fe4040922b1873477baafb52185fdfd41edf9,external://anti_uav410/new25_train_newfix.txt,test,evaluation,scale_small,,,,AU-L02-W02,1,1491,1491,0,1.0,0,1,0,0,0,0,1,1,1,0,0
anti_uav410,new6_train_newfix,2f032e55b8255263897b944bc4feb3e6c941786ad618f46c236b293481fdb412,external://anti_uav410/new6_train_newfix.txt,test,evaluation,scale_small,,,,AU-L08-W01,1,1491,1491,0,1.0,0,0,0,0,0,0,0,1,1,0,0
anti_uav410,new9_train_newfix,ccaa109a7213957bcb2ca11d582f923c6f7c633c686ecbecad0e805eef9b2234,external://anti_uav410/new9_train_newfix.txt,test,evaluation,fast_motion,,,,AU-L06-W03,1,1491,1491,0,1.0,0,0,0,0,1,0,0,1,1,0,0
