workload_id,dataset,task_id,source_sequence_id,source_sha256,source_stratum,offset_steps,window_mode,replay_path
UZH-indoor_45_12,uzh_fpv,UZH-01,indoor_45_12,24bc112430aad75a4926a9e469a975e4c12385d26e7c3f99adc45f8bb6318ab9,uzh_indoor_oblique_45_medium,0,cleaned_full_motion,replays/uzh_fpv/UZH-indoor_45_12.csv
UZH-indoor_45_13,uzh_fpv,UZH-01,indoor_45_13,aacdc9459323de36c9e4a4020bd0c2778754938233f5bf8d088767c5cd889876,uzh_indoor_oblique_45_high,0,cleaned_full_motion,replays/uzh_fpv/UZH-indoor_45_13.csv
UZH-indoor_45_14,uzh_fpv,UZH-01,indoor_45_14,f555c6b12280b62c84449436ff543559ad6f6abad4de657ce508b6c5605b7466,uzh_indoor_oblique_45_medium,0,cleaned_full_motion,replays/uzh_fpv/UZH-indoor_45_14.csv
UZH-indoor_45_2,uzh_fpv,UZH-01,indoor_45_2,5fb19e2a1cd1c9fc43737fb364000f45fb08163bf1f210e4a1bd1c06b50bf7ed,uzh_indoor_oblique_45_high,0,cleaned_full_motion,replays/uzh_fpv/UZH-indoor_45_2.csv
UZH-indoor_45_4,uzh_fpv,UZH-01,indoor_45_4,00382adc12365f0185bdafdf4b694087ca98046d2f2b9493c1b5f48679e3c0ac,uzh_indoor_oblique_45_high,0,cleaned_full_motion,replays/uzh_fpv/UZH-indoor_45_4.csv
UZH-indoor_45_9,uzh_fpv,UZH-01,indoor_45_9,4a4ade80bbfd53077b7c732651fe4231a1c32d82dd4fccc61ab41b82d9ba89c5,uzh_indoor_oblique_45_medium,0,cleaned_full_motion,replays/uzh_fpv/UZH-indoor_45_9.csv
UZH-indoor_forward_10,uzh_fpv,UZH-01,indoor_forward_10,c884f92821cef5c6007db9cf55171d051432bc40a55947fa3242b94920c6f7bb,uzh_indoor_forward_low,0,cleaned_full_motion,replays/uzh_fpv/UZH-indoor_forward_10.csv
UZH-indoor_forward_3,uzh_fpv,UZH-01,indoor_forward_3,a180ad4f956132010df1c4c0ac049069904f7a86092664422943b9041ba07f21,uzh_indoor_forward_medium,0,cleaned_full_motion,replays/uzh_fpv/UZH-indoor_forward_3.csv
UZH-indoor_forward_5,uzh_fpv,UZH-01,indoor_forward_5,f85f14e8fce097bcbe0598aef10f1c57883b1d41e57607299d95caad32f36054,uzh_indoor_forward_high,0,cleaned_full_motion,replays/uzh_fpv/UZH-indoor_forward_5.csv
UZH-indoor_forward_6,uzh_fpv,UZH-01,indoor_forward_6,4b60dc2540d84497b0a7f1f00562f4dde249a9f1585fd34f789a1560b36643f1,uzh_indoor_forward_low,0,cleaned_full_motion,replays/uzh_fpv/UZH-indoor_forward_6.csv
UZH-indoor_forward_7,uzh_fpv,UZH-01,indoor_forward_7,47eebeec75e45b70eb4dc26c202d8fdfdfaedf9d9f00552cd6a701002a44663d,uzh_indoor_forward_medium,0,cleaned_full_motion,replays/uzh_fpv/UZH-indoor_forward_7.csv
UZH-indoor_forward_9,uzh_fpv,UZH-01,indoor_forward_9,28ac9aabc01432b66d1c37655951e284a0d2a1effa055fd5c24a82116158b376,uzh_indoor_forward_low,0,cleaned_full_motion,replays/uzh_fpv/UZH-indoor_forward_9.csv
UZH-outdoor_45_1,uzh_fpv,UZH-01,outdoor_45_1,5f9776431b9f70d792c003fcd9aa403e5ab160a66eaa588bbf7f62f1dd293a83,uzh_outdoor_oblique_45_low,0,cleaned_full_motion,replays/uzh_fpv/UZH-outdoor_45_1.csv
UZH-outdoor_forward_1,uzh_fpv,UZH-01,outdoor_forward_1,73946f3b7feefe93466c0163cf311773abdd8d937a9fdece3561a7af94b0b25c,uzh_outdoor_forward_high,0,cleaned_full_motion,replays/uzh_fpv/UZH-outdoor_forward_1.csv
UZH-outdoor_forward_3,uzh_fpv,UZH-01,outdoor_forward_3,c61c0aaaf0165a267b9518b6853610f95fe9ffd1cf17b4908964b5159c244679,uzh_outdoor_forward_high,0,cleaned_full_motion,replays/uzh_fpv/UZH-outdoor_forward_3.csv
UZH-outdoor_forward_5,uzh_fpv,UZH-01,outdoor_forward_5,3f1e69c2ad3582e62f3318592baed9d0676fc0eb4c217560c8b9c00823ccc842,uzh_outdoor_forward_low,0,cleaned_full_motion,replays/uzh_fpv/UZH-outdoor_forward_5.csv
AU-L02-W01,anti_uav410,AU-01,20190925_124000_1_4,c99c8923d941c0c5c83f3f273725deae92f8b42a9ca685a0af3dfe439b3785af,scale_small,0,scale,replays/anti_uav410/AU-L02-W01.csv
AU-L02-W01,anti_uav410,AU-02,20190925_134301_1_7,acbcd49826908f97d92a3f6d24142e7fead7afd6f28e33656e2fd28d8ae20e9b,visibility,2,visibility,replays/anti_uav410/AU-L02-W01.csv
AU-L02-W02,anti_uav410,AU-01,new25_train_newfix,6b0c511b6c70cb41e1f7b829372fe4040922b1873477baafb52185fdfd41edf9,scale_small,0,scale,replays/anti_uav410/AU-L02-W02.csv
AU-L02-W02,anti_uav410,AU-02,20190925_193610_1_9,75da92155e39ae5ee6335a183957d9e81e90cce3f0db0d0e33290b1231e593c5,visibility,2,visibility,replays/anti_uav410/AU-L02-W02.csv
AU-L02-W03,anti_uav410,AU-01,20190925_124612_1_8,2875937149641fe8b421945c1197b17a080880a9ab596e313f5eb4bed7bca455,fast_motion,0,motion,replays/anti_uav410/AU-L02-W03.csv
AU-L02-W03,anti_uav410,AU-02,20190925_134301_1_3,c31763fbdb18c17b1d0152ae3dbf6c6ddf1000c75455e6a9c2d965bc346c51e1,nominal,2,motion,replays/anti_uav410/AU-L02-W03.csv
AU-L02-W04,anti_uav410,AU-01,3700000000002_130905_1,57ca48435bfb571856929185324fe92d9da2d0284d31753c90bb1770ff507b4d,fast_motion,0,motion,replays/anti_uav410/AU-L02-W04.csv
AU-L02-W04,anti_uav410,AU-02,20190926_111509_1_7,0d874aa5a4b8832f18791677bea460613be6408fa16df4d86f57c60939e8a956,nominal,2,motion,replays/anti_uav410/AU-L02-W04.csv
AU-L02-W05,anti_uav410,AU-01,20190925_193610_1_6,e369acb3f47aad49423f40db82f9ec82621be1ebe7f729d8e2e6e397a0ee6868,fast_motion,0,motion,replays/anti_uav410/AU-L02-W05.csv
AU-L02-W05,anti_uav410,AU-02,20190926_102042_1_9,67ad10faffb0f37e2fed01c6d066fec64f7b712d08198a487fea790d4d872606,nominal,2,motion,replays/anti_uav410/AU-L02-W05.csv
AU-L02-W06,anti_uav410,AU-01,20190926_102042_1_3,3758f2922bb8538897f51a4906faa4e319e010fe501a7c2bf524ed7ab48d33b6,nominal,0,motion,replays/anti_uav410/AU-L02-W06.csv
AU-L02-W06,anti_uav410,AU-02,3700000000002_152538_1,b1651e8b817044e2d0514daac38ca45ad7101d6e16205870d29292f8d5ca38bd,visibility,2,visibility,replays/anti_uav410/AU-L02-W06.csv
AU-L02-W07,anti_uav410,AU-01,20190925_124612_1_7,a1303d948ba5429cce50de3444190fd5f9b0b183b70853edb5363b617ceff419,nominal,0,motion,replays/anti_uav410/AU-L02-W07.csv
AU-L02-W07,anti_uav410,AU-02,3700000000002_144152_1,97a5105a5a5216a84cb7e7b82b822802251e39c130ea4d7880956b538a132f35,visibility,2,visibility,replays/anti_uav410/AU-L02-W07.csv
AU-L02-W08,anti_uav410,AU-01,20190925_134301_1_9,5d11d64c25efdbb132fbf0235bb092d518d704bbc91e1c57a46dba52ab139fcf,nominal,0,motion,replays/anti_uav410/AU-L02-W08.csv
AU-L02-W08,anti_uav410,AU-02,20190925_200805_1_8,6530250e0bca0c8f0e7c0a40eea15a7233850b5e5a39d2f9511b4e6947d998af,visibility,2,visibility,replays/anti_uav410/AU-L02-W08.csv
AU-L02-W09,anti_uav410,AU-01,20190925_124000_1_9,2597ee1675387bdfcd670f2fafd8272f1ece19394e76238c6e7753301654de40,nominal,0,motion,replays/anti_uav410/AU-L02-W09.csv
AU-L02-W09,anti_uav410,AU-02,20190926_111509_1_3,2da850a2e8a2264e4c06348d7d68507909cacd1bc42f79661a9e7f05ba889c1b,visibility,2,visibility,replays/anti_uav410/AU-L02-W09.csv
AU-L02-W10,anti_uav410,AU-01,20190926_134054_1_2,8254238b25b3a0db85638bd3137b6673506379420aa751efa6b02e1e6a437039,nominal,0,motion,replays/anti_uav410/AU-L02-W10.csv
AU-L02-W10,anti_uav410,AU-02,20190925_193610_1_1,72ab5136e2f464e963f202ff33af9b048979817b4c35d4778d7259b08ae7a5f7,visibility,2,visibility,replays/anti_uav410/AU-L02-W10.csv
AU-L04-W01,anti_uav410,AU-01,20190926_095902_1_5,d978e7ce839f9a58a1d66f831d649d4a4c71f18c744dc48c2984b278a91c5578,fast_motion,0,motion,replays/anti_uav410/AU-L04-W01.csv
AU-L04-W01,anti_uav410,AU-02,20190926_095902_1_2,3d2278b18c8649417eb4714357c3776bb787e753478604c0ee5b51b433797980,nominal,1,motion,replays/anti_uav410/AU-L04-W01.csv
AU-L04-W01,anti_uav410,AU-03,new22_train-new,37cdea09b41a9bc54c966f3e2a014b85ddc30e2f46400523659759a14dde4f08,scale_small,2,scale,replays/anti_uav410/AU-L04-W01.csv
AU-L04-W01,anti_uav410,AU-04,20190925_200805_1_7,629f7c22af3cafeb54da6d802b8537688d7ea5879e0bcd4e176fc0341289678e,visibility,3,visibility,replays/anti_uav410/AU-L04-W01.csv
AU-L04-W02,anti_uav410,AU-01,20190925_124612_1_5,b334d15af3977035a34c0fd54bd48d67799f984d7eb37284095db2ff12884700,nominal,0,motion,replays/anti_uav410/AU-L04-W02.csv
AU-L04-W02,anti_uav410,AU-02,20190925_101846_1_5,909f43827707377733a597191c03b754d762a46e0ea0e91a879f62f850312a26,scale_small,1,scale,replays/anti_uav410/AU-L04-W02.csv
AU-L04-W02,anti_uav410,AU-03,20190925_111757_1_9,b506da1c12d3b8e9c21ea90c418692075554ad6aba19ea12916e65c51b4184b6,visibility,2,visibility,replays/anti_uav410/AU-L04-W02.csv
AU-L04-W02,anti_uav410,AU-04,3700000000002_132726_2,9748641bbb4535947838472e640bd6f5ec0888a8f77190363eaf70ed85a893ef,visibility,3,visibility,replays/anti_uav410/AU-L04-W02.csv
AU-L04-W03,anti_uav410,AU-01,20190925_111757_1_3,d8876472c16dd856e86879b38909860b0691a575ecc63ce66941be4f0963750e,nominal,0,motion,replays/anti_uav410/AU-L04-W03.csv
AU-L04-W03,anti_uav410,AU-02,20190925_134301_1_5,26e769707948dd3d63043a4b7eb75ce250c63623671e12d6f46252f139136ba2,scale_small,1,scale,replays/anti_uav410/AU-L04-W03.csv
AU-L04-W03,anti_uav410,AU-03,20190925_124000_1_6,52b150943ea6abcf8835abe6ef29a2267f2f20bb1f959b911f568ce082e1d2d9,visibility,2,visibility,replays/anti_uav410/AU-L04-W03.csv
AU-L04-W03,anti_uav410,AU-04,20190926_095902_1_1,d81153ed097958d087e6bf032d166aeedfd71bff12a1f21baa07742ff949b832,visibility,3,visibility,replays/anti_uav410/AU-L04-W03.csv
AU-L04-W04,anti_uav410,AU-01,20190926_102042_1_1,80809a6345fd69e5532434ad92660f3d62169262ece892e0317496438b5a19d0,nominal,0,motion,replays/anti_uav410/AU-L04-W04.csv
AU-L04-W04,anti_uav410,AU-02,20190925_111757_1_8,037fc717f8d6f58b14964f0d822f55218e238d35cd9b906a642c6c5bbbbb61a0,scale_small,1,scale,replays/anti_uav410/AU-L04-W04.csv
AU-L04-W04,anti_uav410,AU-03,20190926_102042_1_2,0a9766d279e2989340a1fd2efb8bdee572db014a5ed579141af00b8aff76cab2,visibility,2,visibility,replays/anti_uav410/AU-L04-W04.csv
AU-L04-W04,anti_uav410,AU-04,3700000000002_153918_1,f1959bdc0301e7398c10250f4cab28be829f00297cb2017431d6016f441288f0,visibility,3,visibility,replays/anti_uav410/AU-L04-W04.csv
AU-L04-W05,anti_uav410,AU-01,03_3780_0001-1499,c034130c307074f1edc194fcaeadf4a851a1bb99e720e6658862a7d4054ffc22,fast_motion,0,motion,replays/anti_uav410/AU-L04-W05.csv
AU-L04-W05,anti_uav410,AU-02,20190925_124000_1_2,079c27fa2a57ea5b01db9a5825f7812da42c9b5de49cde72577b12e907762990,nominal,1,motion,replays/anti_uav410/AU-L04-W05.csv
AU-L04-W05,anti_uav410,AU-03,20190925_124000_1_8,7ca7d8fb3a469713c9314a00f65c8902a17d2882d885b5324565960a5fdd5233,nominal,2,motion,replays/anti_uav410/AU-L04-W05.csv
AU-L04-W05,anti_uav410,AU-04,3700000000002_132726_4,1cfe59211eb07be3f87f9160fb1a5785323085e761596aca26ff73d202f5824b,visibility,3,visibility,replays/anti_uav410/AU-L04-W05.csv
AU-L04-W06,anti_uav410,AU-01,20190925_134301_1_8,f6b7847e1588c4712031bf2104e7c39502a58e14b8c2b65ca436e604aac3f554,fast_motion,0,motion,replays/anti_uav410/AU-L04-W06.csv
AU-L04-W06,anti_uav410,AU-02,20190925_111757_1_6,144d1b89616682688aa7832eef940e8a8c18f9547c1a17f517cab502988cb6fe,nominal,1,motion,replays/anti_uav410/AU-L04-W06.csv
AU-L04-W06,anti_uav410,AU-03,20190926_134054_1_1,f52449accaade338669894d3ed549ab2f2de5c0daa4db5aba1a2adf39e5fd815,nominal,2,motion,replays/anti_uav410/AU-L04-W06.csv
AU-L04-W06,anti_uav410,AU-04,02_6319_1500-2999,418793fcd6218f474aaf1f712abb5b5593ad00bca956c8ce6b32632303e64866,visibility,3,visibility,replays/anti_uav410/AU-L04-W06.csv
AU-L04-W07,anti_uav410,AU-01,new21_train_newfix,9f8d4a687095adfcc2228a068008a77e8792654697493615a4885886dd53edb9,fast_motion,0,motion,replays/anti_uav410/AU-L04-W07.csv
AU-L04-W07,anti_uav410,AU-02,20190925_111757_1_4,5e15675247687795d91627dd1c368d99ea2d4da489c6f545a2b0327291748374,nominal,1,motion,replays/anti_uav410/AU-L04-W07.csv
AU-L04-W07,anti_uav410,AU-03,20190926_111509_1_6,cc8054e4a9e8875a4781dc478a9544ffbf89af76d5341cc2d84b214ebf22ad25,nominal,2,motion,replays/anti_uav410/AU-L04-W07.csv
AU-L04-W07,anti_uav410,AU-04,20190925_111757_1_10,1c0bf72cd257afbc24df3275f019f4e780d406be4b5b1f471200f2822cad8aaa,visibility,3,visibility,replays/anti_uav410/AU-L04-W07.csv
AU-L04-W08,anti_uav410,AU-01,20190925_124000_1_7,048fc956ffc203cedd2474e5b95ef3588e1453ade0fbb5d0c389cc6e7b0427de,fast_motion,0,motion,replays/anti_uav410/AU-L04-W08.csv
AU-L04-W08,anti_uav410,AU-02,20190925_124000_1_10,a8f0c34264460d5f69611ba6a50f6f4a587c0ebf7fdfa313d148e5ad707c9ba0,nominal,1,motion,replays/anti_uav410/AU-L04-W08.csv
AU-L04-W08,anti_uav410,AU-03,20190926_111509_1_4,00d4a615114f07e67d7aa588a8035a90618dc23af4bf67b8cb279d7add27be89,nominal,2,motion,replays/anti_uav410/AU-L04-W08.csv
AU-L04-W08,anti_uav410,AU-04,20190925_124612_1_3,2f82ceb0bc3d8a1f33f4619dacd4c82d805574ca1f0160d44538d6ef081b2832,visibility,3,visibility,replays/anti_uav410/AU-L04-W08.csv
AU-L06-W01,anti_uav410,AU-01,new11_train_newfix,ada92c7589f7138e9e81758d99b3fe1c92c560d1f9989d54a472e2575805a637,fast_motion,0,motion,replays/anti_uav410/AU-L06-W01.csv
AU-L06-W01,anti_uav410,AU-02,20190925_124000_1_3,a593b9bf397adccb732ec42a077cd8d4649819157641778d5ff2d8b57cc04fac,nominal,0,motion,replays/anti_uav410/AU-L06-W01.csv
AU-L06-W01,anti_uav410,AU-03,20190926_111509_1_8,5642da2860933000bd33d174b196be06a55026b2ead903391004ab87eca17d81,nominal,1,motion,replays/anti_uav410/AU-L06-W01.csv
AU-L06-W01,anti_uav410,AU-04,20190926_095902_1_4,db609eab5d189ba9d883cfe1d86d9be5084ed4dd0ce13325e365f641ce9fb107,scale_small,2,scale,replays/anti_uav410/AU-L06-W01.csv
AU-L06-W01,anti_uav410,AU-05,3700000000002_142320_4,b30f0ff9bd7a20a4ff87c9f7f76ef0e41f0e0fe105c8df06635b1e4fa8b83273,visibility,3,visibility,replays/anti_uav410/AU-L06-W01.csv
AU-L06-W01,anti_uav410,AU-06,3700000000002_153934_1,0615677dcc3bba6c435386e0c3328b8cec7bd63be3e55a74f2d1715db8ace926,visibility,4,visibility,replays/anti_uav410/AU-L06-W01.csv
AU-L06-W02,anti_uav410,AU-01,20190925_193610_1_8,b363f86ad250b30d504b914c42bd6edad3c34e42dcc2cdebcbef60204da9afb0,fast_motion,0,motion,replays/anti_uav410/AU-L06-W02.csv
AU-L06-W02,anti_uav410,AU-02,20190925_124000_1_1,32a3bf4650018523bf66d695e04e6e0c2bcc70eb715961f06e03ac3989cba48d,nominal,0,motion,replays/anti_uav410/AU-L06-W02.csv
AU-L06-W02,anti_uav410,AU-03,20190926_134054_1_8,6e468cdebbc2a8e8ef99baf73cd563bbe95f0be54019b9a350c79754102555f2,nominal,1,motion,replays/anti_uav410/AU-L06-W02.csv
AU-L06-W02,anti_uav410,AU-04,04_8618_1215-2714,b7509d574b422ea2b4b5ca9392753233f90e4984b4ffc306dbddf0130758640a,scale_small,2,scale,replays/anti_uav410/AU-L06-W02.csv
AU-L06-W02,anti_uav410,AU-05,20190925_134301_1_6,ddbda667acfcedf5dbe45bc64a6340b083e9ea723312741e9b35e1628442125b,visibility,3,visibility,replays/anti_uav410/AU-L06-W02.csv
AU-L06-W02,anti_uav410,AU-06,20190925_193610_1_3,2441f58a48f5bbf080f9dc881e46e7d75a98496f8b7fde5b5b5ddf9f56a28f9d,visibility,4,visibility,replays/anti_uav410/AU-L06-W02.csv
AU-L06-W03,anti_uav410,AU-01,new9_train_newfix,ccaa109a7213957bcb2ca11d582f923c6f7c633c686ecbecad0e805eef9b2234,fast_motion,0,motion,replays/anti_uav410/AU-L06-W03.csv
AU-L06-W03,anti_uav410,AU-02,20190925_124612_1_2,bf682801e0f656402d200f1c2c0f507721a180c80eefdfb440417d84910ebb88,nominal,0,motion,replays/anti_uav410/AU-L06-W03.csv
AU-L06-W03,anti_uav410,AU-03,20190925_134301_1_4,2472a503dab7aabcfe4d098508815084f0f143646531b48e161ff5c8d50ced60,nominal,1,motion,replays/anti_uav410/AU-L06-W03.csv
AU-L06-W03,anti_uav410,AU-04,20190925_101846_1_4,5ebe7b87ef03c41efeeb6ab8a3676d608400399f9ad25f495725fceb4844c2f0,scale_small,2,scale,replays/anti_uav410/AU-L06-W03.csv
AU-L06-W03,anti_uav410,AU-05,20190925_124612_1_4,ee1d4964be650a462f8afe026535b8f5c757fb593eb0134a783f38b24aeacd86,visibility,3,visibility,replays/anti_uav410/AU-L06-W03.csv
AU-L06-W03,anti_uav410,AU-06,20190925_200805_1_3,cc1c50742d9ceb06d6a7b607d97037f9334b909ebc7ba10928d2fecf96839aa6,visibility,4,visibility,replays/anti_uav410/AU-L06-W03.csv
AU-L06-W04,anti_uav410,AU-01,20190926_111509_1_1,34244eebc7e5e523907b49527098885e899aff02072d12e663b73b596de30846,fast_motion,0,motion,replays/anti_uav410/AU-L06-W04.csv
AU-L06-W04,anti_uav410,AU-02,20190926_102042_1_8,2e36f935707d2f2218d347a6818de3f738ede0695ddd69ec2ae54ac66b520a8d,nominal,0,motion,replays/anti_uav410/AU-L06-W04.csv
AU-L06-W04,anti_uav410,AU-03,20190926_111509_1_2,0b0ee387e175f56bd29b588ad11aa7bda3c0ce3d030ec07aa23378613da72c49,nominal,1,motion,replays/anti_uav410/AU-L06-W04.csv
AU-L06-W04,anti_uav410,AU-04,20190925_134301_1_1,61d5eac1987ba173c29c664e1bf1b227705c8404bd18b494cca9b97e105ecc8f,scale_small,2,scale,replays/anti_uav410/AU-L06-W04.csv
AU-L06-W04,anti_uav410,AU-05,20190925_193610_1_5,9e286a10e2ef3096a5aa43c0a13c4c1a04b8d58a484e344726ea156ece575190,visibility,3,visibility,replays/anti_uav410/AU-L06-W04.csv
AU-L06-W04,anti_uav410,AU-06,20190925_200805_1_1,8e70bb2fe8337d7859f4a455acad684d87a88747c912dc161bc56ce820ed288b,visibility,4,visibility,replays/anti_uav410/AU-L06-W04.csv
AU-L06-W05,anti_uav410,AU-01,3700000000002_153514_1,6f387b9d351bceb6a7eda80b9f04f8c9094b80e584649543752bffdd9d97f62a,fast_motion,0,motion,replays/anti_uav410/AU-L06-W05.csv
AU-L06-W05,anti_uav410,AU-02,20190925_124612_1_6,5db69dc4fb2526d57faf283a97ed3b675d2d07faf238aa0f229de222731e0e0c,nominal,0,motion,replays/anti_uav410/AU-L06-W05.csv
AU-L06-W05,anti_uav410,AU-03,20190926_102042_1_6,0ea81ca5304a083ca313c3a20eb6c7ae23f4689e15c7f419e4f8aba94fccaaf0,nominal,1,motion,replays/anti_uav410/AU-L06-W05.csv
AU-L06-W05,anti_uav410,AU-04,20190926_134054_1_5,39ed056dcbe20494308fbbc8e37f1979777dacca45156c1c44d8f19c220df1c7,nominal,2,motion,replays/anti_uav410/AU-L06-W05.csv
AU-L06-W05,anti_uav410,AU-05,20190925_193610_1_4,c1f5c5768f55f5b3c53b7e160c9fc3fc627b171aa0a581211cf13c2faed61bec,visibility,3,visibility,replays/anti_uav410/AU-L06-W05.csv
AU-L06-W05,anti_uav410,AU-06,3700000000002_135232_2,c899868596603607ced2da2b16c857226ad502d400fa0e92f56595f597de390e,visibility,4,visibility,replays/anti_uav410/AU-L06-W05.csv
AU-L06-W06,anti_uav410,AU-01,20190926_134054_1_7,d126da2d88a62a6a40579b13713561ce73a7a4b8f3765ae866fabd9aa0dea398,fast_motion,0,motion,replays/anti_uav410/AU-L06-W06.csv
AU-L06-W06,anti_uav410,AU-02,20190925_124000_1_5,8345e72fcf95e71f6716c73f03ad7dcd511711079673493c70e0ff17478e0a17,nominal,0,motion,replays/anti_uav410/AU-L06-W06.csv
AU-L06-W06,anti_uav410,AU-03,20190925_134301_1_2,3682180299a40cac894686e4e9d0f86b5a8732f548ff6a12fab628150c6ed901,nominal,1,motion,replays/anti_uav410/AU-L06-W06.csv
AU-L06-W06,anti_uav410,AU-04,20190926_134054_1_6,7e8e193ad14f3e6ce585c0b70a3fbbf7cb87654078895f6f203c62b53cce622c,nominal,2,motion,replays/anti_uav410/AU-L06-W06.csv
AU-L06-W06,anti_uav410,AU-05,20190926_102042_1_7,74fe65bc3c0ab35a7000b80bd1a5dbe13f94fac3510772091cc3e4e80869e927,visibility,3,visibility,replays/anti_uav410/AU-L06-W06.csv
AU-L06-W06,anti_uav410,AU-06,3700000000002_140908_1,3f0e08c8ba018e01cadbf819261ec37962c239282e2c398d5ae152729d82e04e,visibility,4,visibility,replays/anti_uav410/AU-L06-W06.csv
AU-L08-W01,anti_uav410,AU-01,20190925_200805_1_4,00694174c602e888e600c37afc5947f432115bba2e2aae2c216aece84b9b998c,fast_motion,0,motion,replays/anti_uav410/AU-L08-W01.csv
AU-L08-W01,anti_uav410,AU-02,20190926_095902_1_9,b9cf08548255fea9a44fc9a1f2c180939c123201d2e91500a927632c2dad2ce9,nominal,0,motion,replays/anti_uav410/AU-L08-W01.csv
AU-L08-W01,anti_uav410,AU-03,20190926_102042_1_5,6577c8470243a38a6a0da93759d0dd7c049ccc8701e72746c704a20f864087fb,nominal,1,motion,replays/anti_uav410/AU-L08-W01.csv
AU-L08-W01,anti_uav410,AU-04,20190926_134054_1_3,7bd3a036be59cdd9405352ebd089b646eca044ce48b0f4669c5f7767bcb8da3a,nominal,1,motion,replays/anti_uav410/AU-L08-W01.csv
AU-L08-W01,anti_uav410,AU-05,new6_train_newfix,2f032e55b8255263897b944bc4feb3e6c941786ad618f46c236b293481fdb412,scale_small,2,scale,replays/anti_uav410/AU-L08-W01.csv
AU-L08-W01,anti_uav410,AU-06,20190925_111757_1_2,b92e64b689dadb52bad0dee44c0c84141b046ab5644fd7e02a125acd68b74c6d,visibility,2,visibility,replays/anti_uav410/AU-L08-W01.csv
AU-L08-W01,anti_uav410,AU-07,3700000000002_133828_2,bdf523d201cb17422a2c114095be77760ba045ae3eff6377ae5495f0ff7e5ce3,visibility,3,visibility,replays/anti_uav410/AU-L08-W01.csv
AU-L08-W01,anti_uav410,AU-08,3700000000002_162623_1,3fdccbfb19104a8c66bbba51e5f43c4599fdacf4f0ab85840a159cd81e0ce3c4,visibility,4,visibility,replays/anti_uav410/AU-L08-W01.csv
AU-L08-W02,anti_uav410,AU-01,3700000000002_151056_1,ee76b787995001b4ea0ac7eeb557705986437b635ae7eeebe1cc5974a3001fb8,fast_motion,0,motion,replays/anti_uav410/AU-L08-W02.csv
AU-L08-W02,anti_uav410,AU-02,20190926_095902_1_6,95d72868ab98df53cb5a3b0064786e153e968ead22300e67cafb51fb93f87bca,nominal,0,motion,replays/anti_uav410/AU-L08-W02.csv
AU-L08-W02,anti_uav410,AU-03,20190926_111509_1_5,94022b6555485ab30ec95d8242f5ee6423b50af7d6448ade38ed6fe68e3038a0,nominal,1,motion,replays/anti_uav410/AU-L08-W02.csv
AU-L08-W02,anti_uav410,AU-04,20190926_111509_1_9,6534d301f283b696f6b0583acb35170cfe7af6b655b7bf24f5f903f72e5ac182,nominal,1,motion,replays/anti_uav410/AU-L08-W02.csv
AU-L08-W02,anti_uav410,AU-05,02_6321_0274-2773,12b80216c0c5ef778871a17d520ffe3bdea2588782605b7b39be951a2e837a78,scale_small,2,scale,replays/anti_uav410/AU-L08-W02.csv
AU-L08-W02,anti_uav410,AU-06,20190925_111757_1_7,9126247bd9bff167707957181476c247986588e97fc9a13b0499046b868e478a,visibility,2,visibility,replays/anti_uav410/AU-L08-W02.csv
AU-L08-W02,anti_uav410,AU-07,20190925_200805_1_6,f833d3b292962de119136310c978733a95b3449473c885314ce937df7dfa5a3c,visibility,3,visibility,replays/anti_uav410/AU-L08-W02.csv
AU-L08-W02,anti_uav410,AU-08,3700000000002_142320_2,2a39edb25b592f90d3c90b5c184ec5b32c251b27830566135f552eac529c72e4,visibility,4,visibility,replays/anti_uav410/AU-L08-W02.csv
AU-L08-W03,anti_uav410,AU-01,20190925_193610_1_7,ab5811b8bb8bf168af7c1a8fbad59964ad73aca326f66ad1cb86a935350f559c,fast_motion,0,motion,replays/anti_uav410/AU-L08-W03.csv
AU-L08-W03,anti_uav410,AU-02,20190925_111757_1_5,c9da02448a53f172fbb4137bac755f434f239c4a7328fa9a474e55273444ebdd,nominal,0,motion,replays/anti_uav410/AU-L08-W03.csv
AU-L08-W03,anti_uav410,AU-03,20190925_124612_1_1,42431731b4af1b7937c3695f364dcddc4df58ea181277a20512b90ef77602dfd,nominal,1,motion,replays/anti_uav410/AU-L08-W03.csv
AU-L08-W03,anti_uav410,AU-04,20190926_095902_1_7,ac8b99f0e18278ffb81bbb8f942f16b07211ea8088a1f6814405fe1e228aa3ba,nominal,1,motion,replays/anti_uav410/AU-L08-W03.csv
AU-L08-W03,anti_uav410,AU-05,new23_train_newfix,ed2e7e60ce36805968d8ac567aab0a3caa542d9390f35ce0e7b13134d47e937f,scale_small,2,scale,replays/anti_uav410/AU-L08-W03.csv
AU-L08-W03,anti_uav410,AU-06,03_2499_0962-2461,b961b10b2de4c62fc1ed2deb1c6255d0fff4a087455e8f6d16d4e78196973332,visibility,2,visibility,replays/anti_uav410/AU-L08-W03.csv
AU-L08-W03,anti_uav410,AU-07,20190925_200805_1_5,f754e6937631bd2f55c092572bd6005d813efa0f0f5feceb27c76d6baeac9578,visibility,3,visibility,replays/anti_uav410/AU-L08-W03.csv
AU-L08-W03,anti_uav410,AU-08,3700000000002_151056_4,8be9c59bb4fb7e297a30b131abb48b655caba69c770b31e55041bf6e8285c12e,visibility,4,visibility,replays/anti_uav410/AU-L08-W03.csv
AU-L08-W04,anti_uav410,AU-01,20190925_200805_1_2,dbc3c16523eb35e194d7b3e465dd8802a130d192d48948dc3947d3840b6d0ed6,fast_motion,0,motion,replays/anti_uav410/AU-L08-W04.csv
AU-L08-W04,anti_uav410,AU-02,new10_train_newfix,2a20163e98ffceeb5d87be714a6a209b694246c3ff4773825f2fec8c092e8952,fast_motion,0,motion,replays/anti_uav410/AU-L08-W04.csv
AU-L08-W04,anti_uav410,AU-03,20190925_111757_1_1,9ef8a57590bccb5f1c57329f6077a4e02948af8d251d6f44af06f473f6351ddf,nominal,1,motion,replays/anti_uav410/AU-L08-W04.csv
AU-L08-W04,anti_uav410,AU-04,20190926_102042_1_4,e89217f0f09848aaccfd102285c46c77953a76e0292e28e8826299543093c432,nominal,1,motion,replays/anti_uav410/AU-L08-W04.csv
AU-L08-W04,anti_uav410,AU-05,20190926_134054_1_4,2dcd8ee481afc592291d5ccba373bc48bf22f0b86835ed7382662252837fff43,nominal,2,motion,replays/anti_uav410/AU-L08-W04.csv
AU-L08-W04,anti_uav410,AU-06,20190925_193610_1_2,b1b8e657c53af0c2fb19ae70aa14420ed8dc550fc21ec4627a56cca24fcf53cf,visibility,2,visibility,replays/anti_uav410/AU-L08-W04.csv
AU-L08-W04,anti_uav410,AU-07,20190925_200805_1_9,6886fab6c0260f0b8e6d10368e7e5372760928f303f71e7b7757ab3229e5b50e,visibility,3,visibility,replays/anti_uav410/AU-L08-W04.csv
AU-L08-W04,anti_uav410,AU-08,3700000000002_153139_2,ff52aacfc2181842a5f6d34468d0b279802ffa7aca5ba76a479b82a0fe0a94bd,visibility,4,visibility,replays/anti_uav410/AU-L08-W04.csv
