dataset,sequence_id,mapping_version,metadata_json,step,source_time,task_id,true_active,observed_active,min_resources,max_resources,type_requirements_json,true_s,true_v,true_h,true_n,true_rho,true_tau,observed_s,observed_v,observed_h,observed_n,observed_rho,observed_tau
anti_uav410,AU-L02-W05,public-trajectory-replay-v2,"{""event_window_version"":""anti-uav-event-window-v1"",""evidence_type"":""measured_image_plane_tracks_with_simulated_response_resources"",""fps"":null,""image_height"":512,""image_width"":640,""measured_dimensions"":[""apparent_size"",""image_plane_speed"",""visibility""],""motion_unit"":""normalized_image_diagonal_per_frame"",""protected_point"":[0.5,0.85],""source_files"":[""D:\\360Downloads\\123\\data\\Anti-UAV410\\annos\\test\\20190925_193610_1_6.txt"",""D:\\360Downloads\\123\\data\\Anti-UAV410\\annos\\test\\20190926_102042_1_9.txt""],""source_sha256"":[""e369acb3f47aad49423f40db82f9ec82621be1ebe7f729d8e2e6e397a0ee6868"",""67ad10faffb0f37e2fed01c6d066fec64f7b712d08198a487fea790d4d872606""],""synthetic_dimensions"":[""spatial_level"",""risk"",""response_window"",""multi_sequence_concurrency"",""resources""],""time_basis"":""frames"",""track_count"":2,""track_windows"":[{""dynamic_background_clutter"":0,""event_center_frame"":106,""fast_motion"":1,""inactive_frames_in_window"":0,""medium_size"":1,""normal_size"":0,""occlusion"":0,""offset_steps"":0,""out_of_view"":0,""requested_window_mode"":""motion"",""scale_variation"":0,""selected_window_mode"":""motion"",""small_size"":0,""source_active_frames"":923,""source_end_frame"":239,""source_frames"":923,""source_inactive_frames"":0,""source_path"":""D:\\360Downloads\\123\\data\\Anti-UAV410\\annos\\test\\20190925_193610_1_6.txt"",""source_sha256"":""e369acb3f47aad49423f40db82f9ec82621be1ebe7f729d8e2e6e397a0ee6868"",""source_start_frame"":0,""source_window_frames"":240,""task_id"":""AU-01"",""thermal_crossover"":0,""tiny_size"":0,""visibility_event_count"":0},{""dynamic_background_clutter"":0,""event_center_frame"":6,""fast_motion"":0,""inactive_frames_in_window"":0,""medium_size"":1,""normal_size"":0,""occlusion"":0,""offset_steps"":2,""out_of_view"":0,""requested_window_mode"":""motion"",""scale_variation"":0,""selected_window_mode"":""motion"",""small_size"":1,""source_active_frames"":429,""source_end_frame"":239,""source_frames"":429,""source_inactive_frames"":0,""source_path"":""D:\\360Downloads\\123\\data\\Anti-UAV410\\annos\\test\\20190926_102042_1_9.txt"",""source_sha256"":""67ad10faffb0f37e2fed01c6d066fec64f7b712d08198a487fea790d4d872606"",""source_start_frame"":0,""source_window_frames"":240,""task_id"":""AU-02"",""thermal_crossover"":1,""tiny_size"":0,""visibility_event_count"":0}]}",0,0.0,AU-01,1,1,1,3,{},0.5289087503018204,0.0,0.5,0.0,0.6026316325118141,1.0,0.5289087503018204,0.0,0.5,0.0,0.6026316325118141,1.0
anti_uav410,AU-L02-W05,public-trajectory-replay-v2,"{""event_window_version"":""anti-uav-event-window-v1"",""evidence_type"":""measured_image_plane_tracks_with_simulated_response_resources"",""fps"":null,""image_height"":512,""image_width"":640,""measured_dimensions"":[""apparent_size"",""image_plane_speed"",""visibility""],""motion_unit"":""normalized_image_diagonal_per_frame"",""protected_point"":[0.5,0.85],""source_files"":[""D:\\360Downloads\\123\\data\\Anti-UAV410\\annos\\test\\20190925_193610_1_6.txt"",""D:\\360Downloads\\123\\data\\Anti-UAV410\\annos\\test\\20190926_102042_1_9.txt""],""source_sha256"":[""e369acb3f47aad49423f40db82f9ec82621be1ebe7f729d8e2e6e397a0ee6868"",""67ad10faffb0f37e2fed01c6d066fec64f7b712d08198a487fea790d4d872606""],""synthetic_dimensions"":[""spatial_level"",""risk"",""response_window"",""multi_sequence_concurrency"",""resources""],""time_basis"":""frames"",""track_count"":2,""track_windows"":[{""dynamic_background_clutter"":0,""event_center_frame"":106,""fast_motion"":1,""inactive_frames_in_window"":0,""medium_size"":1,""normal_size"":0,""occlusion"":0,""offset_steps"":0,""out_of_view"":0,""requested_window_mode"":""motion"",""scale_variation"":0,""selected_window_mode"":""motion"",""small_size"":0,""source_active_frames"":923,""source_end_frame"":239,""source_frames"":923,""source_inactive_frames"":0,""source_path"":""D:\\360Downloads\\123\\data\\Anti-UAV410\\annos\\test\\20190925_193610_1_6.txt"",""source_sha256"":""e369acb3f47aad49423f40db82f9ec82621be1ebe7f729d8e2e6e397a0ee6868"",""source_start_frame"":0,""source_window_frames"":240,""task_id"":""AU-01"",""thermal_crossover"":0,""tiny_size"":0,""visibility_event_count"":0},{""dynamic_background_clutter"":0,""event_center_frame"":6,""fast_motion"":0,""inactive_frames_in_window"":0,""medium_size"":1,""normal_size"":0,""occlusion"":0,""offset_steps"":2,""out_of_view"":0,""requested_window_mode"":""motion"",""scale_variation"":0,""selected_window_mode"":""motion"",""small_size"":1,""source_active_frames"":429,""source_end_frame"":239,""source_frames"":429,""source_inactive_frames"":0,""source_path"":""D:\\360Downloads\\123\\data\\Anti-UAV410\\annos\\test\\20190926_102042_1_9.txt"",""source_sha256"":""67ad10faffb0f37e2fed01c6d066fec64f7b712d08198a487fea790d4d872606"",""source_start_frame"":0,""source_window_frames"":240,""task_id"":""AU-02"",""thermal_crossover"":1,""tiny_size"":0,""visibility_event_count"":0}]}",0,0.0,AU-02,0,0,1,3,{},0.0,0.0,0.5,0.0,0.35,1.0,0.0,0.0,0.5,0.0,0.35,1.0
anti_uav410,AU-L02-W05,public-trajectory-replay-v2,"{""event_window_version"":""anti-uav-event-window-v1"",""evidence_type"":""measured_image_plane_tracks_with_simulated_response_resources"",""fps"":null,""image_height"":512,""image_width"":640,""measured_dimensions"":[""apparent_size"",""image_plane_speed"",""visibility""],""motion_unit"":""normalized_image_diagonal_per_frame"",""protected_point"":[0.5,0.85],""source_files"":[""D:\\360Downloads\\123\\data\\Anti-UAV410\\annos\\test\\20190925_193610_1_6.txt"",""D:\\360Downloads\\123\\data\\Anti-UAV410\\annos\\test\\20190926_102042_1_9.txt""],""source_sha256"":[""e369acb3f47aad49423f40db82f9ec82621be1ebe7f729d8e2e6e397a0ee6868"",""67ad10faffb0f37e2fed01c6d066fec64f7b712d08198a487fea790d4d872606""],""synthetic_dimensions"":[""spatial_level"",""risk"",""response_window"",""multi_sequence_concurrency"",""resources""],""time_basis"":""frames"",""track_count"":2,""track_windows"":[{""dynamic_background_clutter"":0,""event_center_frame"":106,""fast_motion"":1,""inactive_frames_in_window"":0,""medium_size"":1,""normal_size"":0,""occlusion"":0,""offset_steps"":0,""out_of_view"":0,""requested_window_mode"":""motion"",""scale_variation"":0,""selected_window_mode"":""motion"",""small_size"":0,""source_active_frames"":923,""source_end_frame"":239,""source_frames"":923,""source_inactive_frames"":0,""source_path"":""D:\\360Downloads\\123\\data\\Anti-UAV410\\annos\\test\\20190925_193610_1_6.txt"",""source_sha256"":""e369acb3f47aad49423f40db82f9ec82621be1ebe7f729d8e2e6e397a0ee6868"",""source_start_frame"":0,""source_window_frames"":240,""task_id"":""AU-01"",""thermal_crossover"":0,""tiny_size"":0,""visibility_event_count"":0},{""dynamic_background_clutter"":0,""event_center_frame"":6,""fast_motion"":0,""inactive_frames_in_window"":0,""medium_size"":1,""normal_size"":0,""occlusion"":0,""offset_steps"":2,""out_of_view"":0,""requested_window_mode"":""motion"",""scale_variation"":0,""selected_window_mode"":""motion"",""small_size"":1,""source_active_frames"":429,""source_end_frame"":239,""source_frames"":429,""source_inactive_frames"":0,""source_path"":""D:\\360Downloads\\123\\data\\Anti-UAV410\\annos\\test\\20190926_102042_1_9.txt"",""source_sha256"":""67ad10faffb0f37e2fed01c6d066fec64f7b712d08198a487fea790d4d872606"",""source_start_frame"":0,""source_window_frames"":240,""task_id"":""AU-02"",""thermal_crossover"":1,""tiny_size"":0,""visibility_event_count"":0}]}",1,22.0,AU-01,1,1,1,3,{},0.5109743976653277,0.40932000204076746,0.5,0.0,0.6100642872674982,1.0,0.5109743976653277,0.40932000204076746,0.5,0.0,0.6100642872674982,1.0
anti_uav410,AU-L02-W05,public-trajectory-replay-v2,"{""event_window_version"":""anti-uav-event-window-v1"",""evidence_type"":""measured_image_plane_tracks_with_simulated_response_resources"",""fps"":null,""image_height"":512,""image_width"":640,""measured_dimensions"":[""apparent_size"",""image_plane_speed"",""visibility""],""motion_unit"":""normalized_image_diagonal_per_frame"",""protected_point"":[0.5,0.85],""source_files"":[""D:\\360Downloads\\123\\data\\Anti-UAV410\\annos\\test\\20190925_193610_1_6.txt"",""D:\\360Downloads\\123\\data\\Anti-UAV410\\annos\\test\\20190926_102042_1_9.txt""],""source_sha256"":[""e369acb3f47aad49423f40db82f9ec82621be1ebe7f729d8e2e6e397a0ee6868"",""67ad10faffb0f37e2fed01c6d066fec64f7b712d08198a487fea790d4d872606""],""synthetic_dimensions"":[""spatial_level"",""risk"",""response_window"",""multi_sequence_concurrency"",""resources""],""time_basis"":""frames"",""track_count"":2,""track_windows"":[{""dynamic_background_clutter"":0,""event_center_frame"":106,""fast_motion"":1,""inactive_frames_in_window"":0,""medium_size"":1,""normal_size"":0,""occlusion"":0,""offset_steps"":0,""out_of_view"":0,""requested_window_mode"":""motion"",""scale_variation"":0,""selected_window_mode"":""motion"",""small_size"":0,""source_active_frames"":923,""source_end_frame"":239,""source_frames"":923,""source_inactive_frames"":0,""source_path"":""D:\\360Downloads\\123\\data\\Anti-UAV410\\annos\\test\\20190925_193610_1_6.txt"",""source_sha256"":""e369acb3f47aad49423f40db82f9ec82621be1ebe7f729d8e2e6e397a0ee6868"",""source_start_frame"":0,""source_window_frames"":240,""task_id"":""AU-01"",""thermal_crossover"":0,""tiny_size"":0,""visibility_event_count"":0},{""dynamic_background_clutter"":0,""event_center_frame"":6,""fast_motion"":0,""inactive_frames_in_window"":0,""medium_size"":1,""normal_size"":0,""occlusion"":0,""offset_steps"":2,""out_of_view"":0,""requested_window_mode"":""motion"",""scale_variation"":0,""selected_window_mode"":""motion"",""small_size"":1,""source_active_frames"":429,""source_end_frame"":239,""source_frames"":429,""source_inactive_frames"":0,""source_path"":""D:\\360Downloads\\123\\data\\Anti-UAV410\\annos\\test\\20190926_102042_1_9.txt"",""source_sha256"":""67ad10faffb0f37e2fed01c6d066fec64f7b712d08198a487fea790d4d872606"",""source_start_frame"":0,""source_window_frames"":240,""task_id"":""AU-02"",""thermal_crossover"":1,""tiny_size"":0,""visibility_event_count"":0}]}",1,22.0,AU-02,0,0,1,3,{},0.0,0.0,0.5,0.0,0.35,1.0,0.0,0.0,0.5,0.0,0.35,1.0
anti_uav410,AU-L02-W05,public-trajectory-replay-v2,"{""event_window_version"":""anti-uav-event-window-v1"",""evidence_type"":""measured_image_plane_tracks_with_simulated_response_resources"",""fps"":null,""image_height"":512,""image_width"":640,""measured_dimensions"":[""apparent_size"",""image_plane_speed"",""visibility""],""motion_unit"":""normalized_image_diagonal_per_frame"",""protected_point"":[0.5,0.85],""source_files"":[""D:\\360Downloads\\123\\data\\Anti-UAV410\\annos\\test\\20190925_193610_1_6.txt"",""D:\\360Downloads\\123\\data\\Anti-UAV410\\annos\\test\\20190926_102042_1_9.txt""],""source_sha256"":[""e369acb3f47aad49423f40db82f9ec82621be1ebe7f729d8e2e6e397a0ee6868"",""67ad10faffb0f37e2fed01c6d066fec64f7b712d08198a487fea790d4d872606""],""synthetic_dimensions"":[""spatial_level"",""risk"",""response_window"",""multi_sequence_concurrency"",""resources""],""time_basis"":""frames"",""track_count"":2,""track_windows"":[{""dynamic_background_clutter"":0,""event_center_frame"":106,""fast_motion"":1,""inactive_frames_in_window"":0,""medium_size"":1,""normal_size"":0,""occlusion"":0,""offset_steps"":0,""out_of_view"":0,""requested_window_mode"":""motion"",""scale_variation"":0,""selected_window_mode"":""motion"",""small_size"":0,""source_active_frames"":923,""source_end_frame"":239,""source_frames"":923,""source_inactive_frames"":0,""source_path"":""D:\\360Downloads\\123\\data\\Anti-UAV410\\annos\\test\\20190925_193610_1_6.txt"",""source_sha256"":""e369acb3f47aad49423f40db82f9ec82621be1ebe7f729d8e2e6e397a0ee6868"",""source_start_frame"":0,""source_window_frames"":240,""task_id"":""AU-01"",""thermal_crossover"":0,""tiny_size"":0,""visibility_event_count"":0},{""dynamic_background_clutter"":0,""event_center_frame"":6,""fast_motion"":0,""inactive_frames_in_window"":0,""medium_size"":1,""normal_size"":0,""occlusion"":0,""offset_steps"":2,""out_of_view"":0,""requested_window_mode"":""motion"",""scale_variation"":0,""selected_window_mode"":""motion"",""small_size"":1,""source_active_frames"":429,""source_end_frame"":239,""source_frames"":429,""source_inactive_frames"":0,""source_path"":""D:\\360Downloads\\123\\data\\Anti-UAV410\\annos\\test\\20190926_102042_1_9.txt"",""source_sha256"":""67ad10faffb0f37e2fed01c6d066fec64f7b712d08198a487fea790d4d872606"",""source_start_frame"":0,""source_window_frames"":240,""task_id"":""AU-02"",""thermal_crossover"":1,""tiny_size"":0,""visibility_event_count"":0}]}",2,21.5,AU-01,1,1,1,3,{},0.5543420040991668,0.6069573966859976,0.5,0.47128361513473027,0.6723459725394999,1.0,0.5543420040991668,0.6069573966859976,0.5,0.47128361513473027,0.6723459725394999,1.0
anti_uav410,AU-L02-W05,public-trajectory-replay-v2,"{""event_window_version"":""anti-uav-event-window-v1"",""evidence_type"":""measured_image_plane_tracks_with_simulated_response_resources"",""fps"":null,""image_height"":512,""image_width"":640,""measured_dimensions"":[""apparent_size"",""image_plane_speed"",""visibility""],""motion_unit"":""normalized_image_diagonal_per_frame"",""protected_point"":[0.5,0.85],""source_files"":[""D:\\360Downloads\\123\\data\\Anti-UAV410\\annos\\test\\20190925_193610_1_6.txt"",""D:\\360Downloads\\123\\data\\Anti-UAV410\\annos\\test\\20190926_102042_1_9.txt""],""source_sha256"":[""e369acb3f47aad49423f40db82f9ec82621be1ebe7f729d8e2e6e397a0ee6868"",""67ad10faffb0f37e2fed01c6d066fec64f7b712d08198a487fea790d4d872606""],""synthetic_dimensions"":[""spatial_level"",""risk"",""response_window"",""multi_sequence_concurrency"",""resources""],""time_basis"":""frames"",""track_count"":2,""track_windows"":[{""dynamic_background_clutter"":0,""event_center_frame"":106,""fast_motion"":1,""inactive_frames_in_window"":0,""medium_size"":1,""normal_size"":0,""occlusion"":0,""offset_steps"":0,""out_of_view"":0,""requested_window_mode"":""motion"",""scale_variation"":0,""selected_window_mode"":""motion"",""small_size"":0,""source_active_frames"":923,""source_end_frame"":239,""source_frames"":923,""source_inactive_frames"":0,""source_path"":""D:\\360Downloads\\123\\data\\Anti-UAV410\\annos\\test\\20190925_193610_1_6.txt"",""source_sha256"":""e369acb3f47aad49423f40db82f9ec82621be1ebe7f729d8e2e6e397a0ee6868"",""source_start_frame"":0,""source_window_frames"":240,""task_id"":""AU-01"",""thermal_crossover"":0,""tiny_size"":0,""visibility_event_count"":0},{""dynamic_background_clutter"":0,""event_center_frame"":6,""fast_motion"":0,""inactive_frames_in_window"":0,""medium_size"":1,""normal_size"":0,""occlusion"":0,""offset_steps"":2,""out_of_view"":0,""requested_window_mode"":""motion"",""scale_variation"":0,""selected_window_mode"":""motion"",""small_size"":1,""source_active_frames"":429,""source_end_frame"":239,""source_frames"":429,""source_inactive_frames"":0,""source_path"":""D:\\360Downloads\\123\\data\\Anti-UAV410\\annos\\test\\20190926_102042_1_9.txt"",""source_sha256"":""67ad10faffb0f37e2fed01c6d066fec64f7b712d08198a487fea790d4d872606"",""source_start_frame"":0,""source_window_frames"":240,""task_id"":""AU-02"",""thermal_crossover"":1,""tiny_size"":0,""visibility_event_count"":0}]}",2,21.5,AU-02,1,1,1,3,{},0.5362702567763304,0.0,0.5,0.47128361513473027,0.6086207824217506,1.0,0.5362702567763304,0.0,0.5,0.47128361513473027,0.6086207824217506,1.0
anti_uav410,AU-L02-W05,public-trajectory-replay-v2,"{""event_window_version"":""anti-uav-event-window-v1"",""evidence_type"":""measured_image_plane_tracks_with_simulated_response_resources"",""fps"":null,""image_height"":512,""image_width"":640,""measured_dimensions"":[""apparent_size"",""image_plane_speed"",""visibility""],""motion_unit"":""normalized_image_diagonal_per_frame"",""protected_point"":[0.5,0.85],""source_files"":[""D:\\360Downloads\\123\\data\\Anti-UAV410\\annos\\test\\20190925_193610_1_6.txt"",""D:\\360Downloads\\123\\data\\Anti-UAV410\\annos\\test\\20190926_102042_1_9.txt""],""source_sha256"":[""e369acb3f47aad49423f40db82f9ec82621be1ebe7f729d8e2e6e397a0ee6868"",""67ad10faffb0f37e2fed01c6d066fec64f7b712d08198a487fea790d4d872606""],""synthetic_dimensions"":[""spatial_level"",""risk"",""response_window"",""multi_sequence_concurrency"",""resources""],""time_basis"":""frames"",""track_count"":2,""track_windows"":[{""dynamic_background_clutter"":0,""event_center_frame"":106,""fast_motion"":1,""inactive_frames_in_window"":0,""medium_size"":1,""normal_size"":0,""occlusion"":0,""offset_steps"":0,""out_of_view"":0,""requested_window_mode"":""motion"",""scale_variation"":0,""selected_window_mode"":""motion"",""small_size"":0,""source_active_frames"":923,""source_end_frame"":239,""source_frames"":923,""source_inactive_frames"":0,""source_path"":""D:\\360Downloads\\123\\data\\Anti-UAV410\\annos\\test\\20190925_193610_1_6.txt"",""source_sha256"":""e369acb3f47aad49423f40db82f9ec82621be1ebe7f729d8e2e6e397a0ee6868"",""source_start_frame"":0,""source_window_frames"":240,""task_id"":""AU-01"",""thermal_crossover"":0,""tiny_size"":0,""visibility_event_count"":0},{""dynamic_background_clutter"":0,""event_center_frame"":6,""fast_motion"":0,""inactive_frames_in_window"":0,""medium_size"":1,""normal_size"":0,""occlusion"":0,""offset_steps"":2,""out_of_view"":0,""requested_window_mode"":""motion"",""scale_variation"":0,""selected_window_mode"":""motion"",""small_size"":1,""source_active_frames"":429,""source_end_frame"":239,""source_frames"":429,""source_inactive_frames"":0,""source_path"":""D:\\360Downloads\\123\\data\\Anti-UAV410\\annos\\test\\20190926_102042_1_9.txt"",""source_sha256"":""67ad10faffb0f37e2fed01c6d066fec64f7b712d08198a487fea790d4d872606"",""source_start_frame"":0,""source_window_frames"":240,""task_id"":""AU-02"",""thermal_crossover"":1,""tiny_size"":0,""visibility_event_count"":0}]}",3,46.0,AU-01,1,1,1,3,{},0.5200188944717672,0.4947076020127789,0.5,0.15613101244087524,0.5877980066043093,1.0,0.5200188944717672,0.4947076020127789,0.5,0.15613101244087524,0.5877980066043093,1.0
anti_uav410,AU-L02-W05,public-trajectory-replay-v2,"{""event_window_version"":""anti-uav-event-window-v1"",""evidence_type"":""measured_image_plane_tracks_with_simulated_response_resources"",""fps"":null,""image_height"":512,""image_width"":640,""measured_dimensions"":[""apparent_size"",""image_plane_speed"",""visibility""],""motion_unit"":""normalized_image_diagonal_per_frame"",""protected_point"":[0.5,0.85],""source_files"":[""D:\\360Downloads\\123\\data\\Anti-UAV410\\annos\\test\\20190925_193610_1_6.txt"",""D:\\360Downloads\\123\\data\\Anti-UAV410\\annos\\test\\20190926_102042_1_9.txt""],""source_sha256"":[""e369acb3f47aad49423f40db82f9ec82621be1ebe7f729d8e2e6e397a0ee6868"",""67ad10faffb0f37e2fed01c6d066fec64f7b712d08198a487fea790d4d872606""],""synthetic_dimensions"":[""spatial_level"",""risk"",""response_window"",""multi_sequence_concurrency"",""resources""],""time_basis"":""frames"",""track_count"":2,""track_windows"":[{""dynamic_background_clutter"":0,""event_center_frame"":106,""fast_motion"":1,""inactive_frames_in_window"":0,""medium_size"":1,""normal_size"":0,""occlusion"":0,""offset_steps"":0,""out_of_view"":0,""requested_window_mode"":""motion"",""scale_variation"":0,""selected_window_mode"":""motion"",""small_size"":0,""source_active_frames"":923,""source_end_frame"":239,""source_frames"":923,""source_inactive_frames"":0,""source_path"":""D:\\360Downloads\\123\\data\\Anti-UAV410\\annos\\test\\20190925_193610_1_6.txt"",""source_sha256"":""e369acb3f47aad49423f40db82f9ec82621be1ebe7f729d8e2e6e397a0ee6868"",""source_start_frame"":0,""source_window_frames"":240,""task_id"":""AU-01"",""thermal_crossover"":0,""tiny_size"":0,""visibility_event_count"":0},{""dynamic_background_clutter"":0,""event_center_frame"":6,""fast_motion"":0,""inactive_frames_in_window"":0,""medium_size"":1,""normal_size"":0,""occlusion"":0,""offset_steps"":2,""out_of_view"":0,""requested_window_mode"":""motion"",""scale_variation"":0,""selected_window_mode"":""motion"",""small_size"":1,""source_active_frames"":429,""source_end_frame"":239,""source_frames"":429,""source_inactive_frames"":0,""source_path"":""D:\\360Downloads\\123\\data\\Anti-UAV410\\annos\\test\\20190926_102042_1_9.txt"",""source_sha256"":""67ad10faffb0f37e2fed01c6d066fec64f7b712d08198a487fea790d4d872606"",""source_start_frame"":0,""source_window_frames"":240,""task_id"":""AU-02"",""thermal_crossover"":1,""tiny_size"":0,""visibility_event_count"":0}]}",3,46.0,AU-02,1,1,1,3,{},0.5384394043785243,0.2536864668309229,0.5,0.15613101244087524,0.5523807790755786,1.0,0.5384394043785243,0.2536864668309229,0.5,0.15613101244087524,0.5523807790755786,1.0
anti_uav410,AU-L02-W05,public-trajectory-replay-v2,"{""event_window_version"":""anti-uav-event-window-v1"",""evidence_type"":""measured_image_plane_tracks_with_simulated_response_resources"",""fps"":null,""image_height"":512,""image_width"":640,""measured_dimensions"":[""apparent_size"",""image_plane_speed"",""visibility""],""motion_unit"":""normalized_image_diagonal_per_frame"",""protected_point"":[0.5,0.85],""source_files"":[""D:\\360Downloads\\123\\data\\Anti-UAV410\\annos\\test\\20190925_193610_1_6.txt"",""D:\\360Downloads\\123\\data\\Anti-UAV410\\annos\\test\\20190926_102042_1_9.txt""],""source_sha256"":[""e369acb3f47aad49423f40db82f9ec82621be1ebe7f729d8e2e6e397a0ee6868"",""67ad10faffb0f37e2fed01c6d066fec64f7b712d08198a487fea790d4d872606""],""synthetic_dimensions"":[""spatial_level"",""risk"",""response_window"",""multi_sequence_concurrency"",""resources""],""time_basis"":""frames"",""track_count"":2,""track_windows"":[{""dynamic_background_clutter"":0,""event_center_frame"":106,""fast_motion"":1,""inactive_frames_in_window"":0,""medium_size"":1,""normal_size"":0,""occlusion"":0,""offset_steps"":0,""out_of_view"":0,""requested_window_mode"":""motion"",""scale_variation"":0,""selected_window_mode"":""motion"",""small_size"":0,""source_active_frames"":923,""source_end_frame"":239,""source_frames"":923,""source_inactive_frames"":0,""source_path"":""D:\\360Downloads\\123\\data\\Anti-UAV410\\annos\\test\\20190925_193610_1_6.txt"",""source_sha256"":""e369acb3f47aad49423f40db82f9ec82621be1ebe7f729d8e2e6e397a0ee6868"",""source_start_frame"":0,""source_window_frames"":240,""task_id"":""AU-01"",""thermal_crossover"":0,""tiny_size"":0,""visibility_event_count"":0},{""dynamic_background_clutter"":0,""event_center_frame"":6,""fast_motion"":0,""inactive_frames_in_window"":0,""medium_size"":1,""normal_size"":0,""occlusion"":0,""offset_steps"":2,""out_of_view"":0,""requested_window_mode"":""motion"",""scale_variation"":0,""selected_window_mode"":""motion"",""small_size"":1,""source_active_frames"":429,""source_end_frame"":239,""source_frames"":429,""source_inactive_frames"":0,""source_path"":""D:\\360Downloads\\123\\data\\Anti-UAV410\\annos\\test\\20190926_102042_1_9.txt"",""source_sha256"":""67ad10faffb0f37e2fed01c6d066fec64f7b712d08198a487fea790d4d872606"",""source_start_frame"":0,""source_window_frames"":240,""task_id"":""AU-02"",""thermal_crossover"":1,""tiny_size"":0,""visibility_event_count"":0}]}",4,70.0,AU-01,1,1,1,3,{},0.5556784599836104,0.48591333343773696,0.5,0.44382681359018217,0.5448919694081987,1.0,0.5556784599836104,0.48591333343773696,0.5,0.44382681359018217,0.5448919694081987,1.0
anti_uav410,AU-L02-W05,public-trajectory-replay-v2,"{""event_window_version"":""anti-uav-event-window-v1"",""evidence_type"":""measured_image_plane_tracks_with_simulated_response_resources"",""fps"":null,""image_height"":512,""image_width"":640,""measured_dimensions"":[""apparent_size"",""image_plane_speed"",""visibility""],""motion_unit"":""normalized_image_diagonal_per_frame"",""protected_point"":[0.5,0.85],""source_files"":[""D:\\360Downloads\\123\\data\\Anti-UAV410\\annos\\test\\20190925_193610_1_6.txt"",""D:\\360Downloads\\123\\data\\Anti-UAV410\\annos\\test\\20190926_102042_1_9.txt""],""source_sha256"":[""e369acb3f47aad49423f40db82f9ec82621be1ebe7f729d8e2e6e397a0ee6868"",""67ad10faffb0f37e2fed01c6d066fec64f7b712d08198a487fea790d4d872606""],""synthetic_dimensions"":[""spatial_level"",""risk"",""response_window"",""multi_sequence_concurrency"",""resources""],""time_basis"":""frames"",""track_count"":2,""track_windows"":[{""dynamic_background_clutter"":0,""event_center_frame"":106,""fast_motion"":1,""inactive_frames_in_window"":0,""medium_size"":1,""normal_size"":0,""occlusion"":0,""offset_steps"":0,""out_of_view"":0,""requested_window_mode"":""motion"",""scale_variation"":0,""selected_window_mode"":""motion"",""small_size"":0,""source_active_frames"":923,""source_end_frame"":239,""source_frames"":923,""source_inactive_frames"":0,""source_path"":""D:\\360Downloads\\123\\data\\Anti-UAV410\\annos\\test\\20190925_193610_1_6.txt"",""source_sha256"":""e369acb3f47aad49423f40db82f9ec82621be1ebe7f729d8e2e6e397a0ee6868"",""source_start_frame"":0,""source_window_frames"":240,""task_id"":""AU-01"",""thermal_crossover"":0,""tiny_size"":0,""visibility_event_count"":0},{""dynamic_background_clutter"":0,""event_center_frame"":6,""fast_motion"":0,""inactive_frames_in_window"":0,""medium_size"":1,""normal_size"":0,""occlusion"":0,""offset_steps"":2,""out_of_view"":0,""requested_window_mode"":""motion"",""scale_variation"":0,""selected_window_mode"":""motion"",""small_size"":1,""source_active_frames"":429,""source_end_frame"":239,""source_frames"":429,""source_inactive_frames"":0,""source_path"":""D:\\360Downloads\\123\\data\\Anti-UAV410\\annos\\test\\20190926_102042_1_9.txt"",""source_sha256"":""67ad10faffb0f37e2fed01c6d066fec64f7b712d08198a487fea790d4d872606"",""source_start_frame"":0,""source_window_frames"":240,""task_id"":""AU-02"",""thermal_crossover"":1,""tiny_size"":0,""visibility_event_count"":0}]}",4,70.0,AU-02,1,1,1,3,{},0.46630220259036415,0.22384561648592907,0.5,0.44382681359018217,0.6448449828971037,0.6607862219673288,0.46630220259036415,0.22384561648592907,0.5,0.44382681359018217,0.6448449828971037,0.6607862219673288
anti_uav410,AU-L02-W05,public-trajectory-replay-v2,"{""event_window_version"":""anti-uav-event-window-v1"",""evidence_type"":""measured_image_plane_tracks_with_simulated_response_resources"",""fps"":null,""image_height"":512,""image_width"":640,""measured_dimensions"":[""apparent_size"",""image_plane_speed"",""visibility""],""motion_unit"":""normalized_image_diagonal_per_frame"",""protected_point"":[0.5,0.85],""source_files"":[""D:\\360Downloads\\123\\data\\Anti-UAV410\\annos\\test\\20190925_193610_1_6.txt"",""D:\\360Downloads\\123\\data\\Anti-UAV410\\annos\\test\\20190926_102042_1_9.txt""],""source_sha256"":[""e369acb3f47aad49423f40db82f9ec82621be1ebe7f729d8e2e6e397a0ee6868"",""67ad10faffb0f37e2fed01c6d066fec64f7b712d08198a487fea790d4d872606""],""synthetic_dimensions"":[""spatial_level"",""risk"",""response_window"",""multi_sequence_concurrency"",""resources""],""time_basis"":""frames"",""track_count"":2,""track_windows"":[{""dynamic_background_clutter"":0,""event_center_frame"":106,""fast_motion"":1,""inactive_frames_in_window"":0,""medium_size"":1,""normal_size"":0,""occlusion"":0,""offset_steps"":0,""out_of_view"":0,""requested_window_mode"":""motion"",""scale_variation"":0,""selected_window_mode"":""motion"",""small_size"":0,""source_active_frames"":923,""source_end_frame"":239,""source_frames"":923,""source_inactive_frames"":0,""source_path"":""D:\\360Downloads\\123\\data\\Anti-UAV410\\annos\\test\\20190925_193610_1_6.txt"",""source_sha256"":""e369acb3f47aad49423f40db82f9ec82621be1ebe7f729d8e2e6e397a0ee6868"",""source_start_frame"":0,""source_window_frames"":240,""task_id"":""AU-01"",""thermal_crossover"":0,""tiny_size"":0,""visibility_event_count"":0},{""dynamic_background_clutter"":0,""event_center_frame"":6,""fast_motion"":0,""inactive_frames_in_window"":0,""medium_size"":1,""normal_size"":0,""occlusion"":0,""offset_steps"":2,""out_of_view"":0,""requested_window_mode"":""motion"",""scale_variation"":0,""selected_window_mode"":""motion"",""small_size"":1,""source_active_frames"":429,""source_end_frame"":239,""source_frames"":429,""source_inactive_frames"":0,""source_path"":""D:\\360Downloads\\123\\data\\Anti-UAV410\\annos\\test\\20190926_102042_1_9.txt"",""source_sha256"":""67ad10faffb0f37e2fed01c6d066fec64f7b712d08198a487fea790d4d872606"",""source_start_frame"":0,""source_window_frames"":240,""task_id"":""AU-02"",""thermal_crossover"":1,""tiny_size"":0,""visibility_event_count"":0}]}",5,94.5,AU-01,1,1,1,3,{},0.5348853100636388,0.7686108733806797,0.5,0.0,0.6142393497194678,0.39617505072028925,0.5348853100636388,0.7686108733806797,0.5,0.0,0.6142393497194678,0.39617505072028925
anti_uav410,AU-L02-W05,public-trajectory-replay-v2,"{""event_window_version"":""anti-uav-event-window-v1"",""evidence_type"":""measured_image_plane_tracks_with_simulated_response_resources"",""fps"":null,""image_height"":512,""image_width"":640,""measured_dimensions"":[""apparent_size"",""image_plane_speed"",""visibility""],""motion_unit"":""normalized_image_diagonal_per_frame"",""protected_point"":[0.5,0.85],""source_files"":[""D:\\360Downloads\\123\\data\\Anti-UAV410\\annos\\test\\20190925_193610_1_6.txt"",""D:\\360Downloads\\123\\data\\Anti-UAV410\\annos\\test\\20190926_102042_1_9.txt""],""source_sha256"":[""e369acb3f47aad49423f40db82f9ec82621be1ebe7f729d8e2e6e397a0ee6868"",""67ad10faffb0f37e2fed01c6d066fec64f7b712d08198a487fea790d4d872606""],""synthetic_dimensions"":[""spatial_level"",""risk"",""response_window"",""multi_sequence_concurrency"",""resources""],""time_basis"":""frames"",""track_count"":2,""track_windows"":[{""dynamic_background_clutter"":0,""event_center_frame"":106,""fast_motion"":1,""inactive_frames_in_window"":0,""medium_size"":1,""normal_size"":0,""occlusion"":0,""offset_steps"":0,""out_of_view"":0,""requested_window_mode"":""motion"",""scale_variation"":0,""selected_window_mode"":""motion"",""small_size"":0,""source_active_frames"":923,""source_end_frame"":239,""source_frames"":923,""source_inactive_frames"":0,""source_path"":""D:\\360Downloads\\123\\data\\Anti-UAV410\\annos\\test\\20190925_193610_1_6.txt"",""source_sha256"":""e369acb3f47aad49423f40db82f9ec82621be1ebe7f729d8e2e6e397a0ee6868"",""source_start_frame"":0,""source_window_frames"":240,""task_id"":""AU-01"",""thermal_crossover"":0,""tiny_size"":0,""visibility_event_count"":0},{""dynamic_background_clutter"":0,""event_center_frame"":6,""fast_motion"":0,""inactive_frames_in_window"":0,""medium_size"":1,""normal_size"":0,""occlusion"":0,""offset_steps"":2,""out_of_view"":0,""requested_window_mode"":""motion"",""scale_variation"":0,""selected_window_mode"":""motion"",""small_size"":1,""source_active_frames"":429,""source_end_frame"":239,""source_frames"":429,""source_inactive_frames"":0,""source_path"":""D:\\360Downloads\\123\\data\\Anti-UAV410\\annos\\test\\20190926_102042_1_9.txt"",""source_sha256"":""67ad10faffb0f37e2fed01c6d066fec64f7b712d08198a487fea790d4d872606"",""source_start_frame"":0,""source_window_frames"":240,""task_id"":""AU-02"",""thermal_crossover"":1,""tiny_size"":0,""visibility_event_count"":0}]}",5,94.5,AU-02,1,1,1,3,{},0.5317061715910265,0.4190840162209361,0.5,0.0,0.7456269513412939,0.2,0.5317061715910265,0.4190840162209361,0.5,0.0,0.7456269513412939,0.2
anti_uav410,AU-L02-W05,public-trajectory-replay-v2,"{""event_window_version"":""anti-uav-event-window-v1"",""evidence_type"":""measured_image_plane_tracks_with_simulated_response_resources"",""fps"":null,""image_height"":512,""image_width"":640,""measured_dimensions"":[""apparent_size"",""image_plane_speed"",""visibility""],""motion_unit"":""normalized_image_diagonal_per_frame"",""protected_point"":[0.5,0.85],""source_files"":[""D:\\360Downloads\\123\\data\\Anti-UAV410\\annos\\test\\20190925_193610_1_6.txt"",""D:\\360Downloads\\123\\data\\Anti-UAV410\\annos\\test\\20190926_102042_1_9.txt""],""source_sha256"":[""e369acb3f47aad49423f40db82f9ec82621be1ebe7f729d8e2e6e397a0ee6868"",""67ad10faffb0f37e2fed01c6d066fec64f7b712d08198a487fea790d4d872606""],""synthetic_dimensions"":[""spatial_level"",""risk"",""response_window"",""multi_sequence_concurrency"",""resources""],""time_basis"":""frames"",""track_count"":2,""track_windows"":[{""dynamic_background_clutter"":0,""event_center_frame"":106,""fast_motion"":1,""inactive_frames_in_window"":0,""medium_size"":1,""normal_size"":0,""occlusion"":0,""offset_steps"":0,""out_of_view"":0,""requested_window_mode"":""motion"",""scale_variation"":0,""selected_window_mode"":""motion"",""small_size"":0,""source_active_frames"":923,""source_end_frame"":239,""source_frames"":923,""source_inactive_frames"":0,""source_path"":""D:\\360Downloads\\123\\data\\Anti-UAV410\\annos\\test\\20190925_193610_1_6.txt"",""source_sha256"":""e369acb3f47aad49423f40db82f9ec82621be1ebe7f729d8e2e6e397a0ee6868"",""source_start_frame"":0,""source_window_frames"":240,""task_id"":""AU-01"",""thermal_crossover"":0,""tiny_size"":0,""visibility_event_count"":0},{""dynamic_background_clutter"":0,""event_center_frame"":6,""fast_motion"":0,""inactive_frames_in_window"":0,""medium_size"":1,""normal_size"":0,""occlusion"":0,""offset_steps"":2,""out_of_view"":0,""requested_window_mode"":""motion"",""scale_variation"":0,""selected_window_mode"":""motion"",""small_size"":1,""source_active_frames"":429,""source_end_frame"":239,""source_frames"":429,""source_inactive_frames"":0,""source_path"":""D:\\360Downloads\\123\\data\\Anti-UAV410\\annos\\test\\20190926_102042_1_9.txt"",""source_sha256"":""67ad10faffb0f37e2fed01c6d066fec64f7b712d08198a487fea790d4d872606"",""source_start_frame"":0,""source_window_frames"":240,""task_id"":""AU-02"",""thermal_crossover"":1,""tiny_size"":0,""visibility_event_count"":0}]}",6,118.0,AU-01,1,1,1,3,{},0.5281067653821159,0.3884235730298322,0.5,0.4855505825399352,0.6668910283023984,0.48951946480509917,0.5281067653821159,0.3884235730298322,0.5,0.4855505825399352,0.6668910283023984,0.48951946480509917
anti_uav410,AU-L02-W05,public-trajectory-replay-v2,"{""event_window_version"":""anti-uav-event-window-v1"",""evidence_type"":""measured_image_plane_tracks_with_simulated_response_resources"",""fps"":null,""image_height"":512,""image_width"":640,""measured_dimensions"":[""apparent_size"",""image_plane_speed"",""visibility""],""motion_unit"":""normalized_image_diagonal_per_frame"",""protected_point"":[0.5,0.85],""source_files"":[""D:\\360Downloads\\123\\data\\Anti-UAV410\\annos\\test\\20190925_193610_1_6.txt"",""D:\\360Downloads\\123\\data\\Anti-UAV410\\annos\\test\\20190926_102042_1_9.txt""],""source_sha256"":[""e369acb3f47aad49423f40db82f9ec82621be1ebe7f729d8e2e6e397a0ee6868"",""67ad10faffb0f37e2fed01c6d066fec64f7b712d08198a487fea790d4d872606""],""synthetic_dimensions"":[""spatial_level"",""risk"",""response_window"",""multi_sequence_concurrency"",""resources""],""time_basis"":""frames"",""track_count"":2,""track_windows"":[{""dynamic_background_clutter"":0,""event_center_frame"":106,""fast_motion"":1,""inactive_frames_in_window"":0,""medium_size"":1,""normal_size"":0,""occlusion"":0,""offset_steps"":0,""out_of_view"":0,""requested_window_mode"":""motion"",""scale_variation"":0,""selected_window_mode"":""motion"",""small_size"":0,""source_active_frames"":923,""source_end_frame"":239,""source_frames"":923,""source_inactive_frames"":0,""source_path"":""D:\\360Downloads\\123\\data\\Anti-UAV410\\annos\\test\\20190925_193610_1_6.txt"",""source_sha256"":""e369acb3f47aad49423f40db82f9ec82621be1ebe7f729d8e2e6e397a0ee6868"",""source_start_frame"":0,""source_window_frames"":240,""task_id"":""AU-01"",""thermal_crossover"":0,""tiny_size"":0,""visibility_event_count"":0},{""dynamic_background_clutter"":0,""event_center_frame"":6,""fast_motion"":0,""inactive_frames_in_window"":0,""medium_size"":1,""normal_size"":0,""occlusion"":0,""offset_steps"":2,""out_of_view"":0,""requested_window_mode"":""motion"",""scale_variation"":0,""selected_window_mode"":""motion"",""small_size"":1,""source_active_frames"":429,""source_end_frame"":239,""source_frames"":429,""source_inactive_frames"":0,""source_path"":""D:\\360Downloads\\123\\data\\Anti-UAV410\\annos\\test\\20190926_102042_1_9.txt"",""source_sha256"":""67ad10faffb0f37e2fed01c6d066fec64f7b712d08198a487fea790d4d872606"",""source_start_frame"":0,""source_window_frames"":240,""task_id"":""AU-02"",""thermal_crossover"":1,""tiny_size"":0,""visibility_event_count"":0}]}",6,118.0,AU-02,1,1,1,3,{},0.555487734575561,0.22485955800768356,0.5,0.4855505825399352,0.6599022963138526,1.0,0.555487734575561,0.22485955800768356,0.5,0.4855505825399352,0.6599022963138526,1.0
anti_uav410,AU-L02-W05,public-trajectory-replay-v2,"{""event_window_version"":""anti-uav-event-window-v1"",""evidence_type"":""measured_image_plane_tracks_with_simulated_response_resources"",""fps"":null,""image_height"":512,""image_width"":640,""measured_dimensions"":[""apparent_size"",""image_plane_speed"",""visibility""],""motion_unit"":""normalized_image_diagonal_per_frame"",""protected_point"":[0.5,0.85],""source_files"":[""D:\\360Downloads\\123\\data\\Anti-UAV410\\annos\\test\\20190925_193610_1_6.txt"",""D:\\360Downloads\\123\\data\\Anti-UAV410\\annos\\test\\20190926_102042_1_9.txt""],""source_sha256"":[""e369acb3f47aad49423f40db82f9ec82621be1ebe7f729d8e2e6e397a0ee6868"",""67ad10faffb0f37e2fed01c6d066fec64f7b712d08198a487fea790d4d872606""],""synthetic_dimensions"":[""spatial_level"",""risk"",""response_window"",""multi_sequence_concurrency"",""resources""],""time_basis"":""frames"",""track_count"":2,""track_windows"":[{""dynamic_background_clutter"":0,""event_center_frame"":106,""fast_motion"":1,""inactive_frames_in_window"":0,""medium_size"":1,""normal_size"":0,""occlusion"":0,""offset_steps"":0,""out_of_view"":0,""requested_window_mode"":""motion"",""scale_variation"":0,""selected_window_mode"":""motion"",""small_size"":0,""source_active_frames"":923,""source_end_frame"":239,""source_frames"":923,""source_inactive_frames"":0,""source_path"":""D:\\360Downloads\\123\\data\\Anti-UAV410\\annos\\test\\20190925_193610_1_6.txt"",""source_sha256"":""e369acb3f47aad49423f40db82f9ec82621be1ebe7f729d8e2e6e397a0ee6868"",""source_start_frame"":0,""source_window_frames"":240,""task_id"":""AU-01"",""thermal_crossover"":0,""tiny_size"":0,""visibility_event_count"":0},{""dynamic_background_clutter"":0,""event_center_frame"":6,""fast_motion"":0,""inactive_frames_in_window"":0,""medium_size"":1,""normal_size"":0,""occlusion"":0,""offset_steps"":2,""out_of_view"":0,""requested_window_mode"":""motion"",""scale_variation"":0,""selected_window_mode"":""motion"",""small_size"":1,""source_active_frames"":429,""source_end_frame"":239,""source_frames"":429,""source_inactive_frames"":0,""source_path"":""D:\\360Downloads\\123\\data\\Anti-UAV410\\annos\\test\\20190926_102042_1_9.txt"",""source_sha256"":""67ad10faffb0f37e2fed01c6d066fec64f7b712d08198a487fea790d4d872606"",""source_start_frame"":0,""source_window_frames"":240,""task_id"":""AU-02"",""thermal_crossover"":1,""tiny_size"":0,""visibility_event_count"":0}]}",7,142.5,AU-01,1,1,1,3,{},0.5258950006967289,0.3759524734235308,0.5,0.8779548463426342,0.6805664071024004,1.0,0.5258950006967289,0.3759524734235308,0.5,0.8779548463426342,0.6805664071024004,1.0
anti_uav410,AU-L02-W05,public-trajectory-replay-v2,"{""event_window_version"":""anti-uav-event-window-v1"",""evidence_type"":""measured_image_plane_tracks_with_simulated_response_resources"",""fps"":null,""image_height"":512,""image_width"":640,""measured_dimensions"":[""apparent_size"",""image_plane_speed"",""visibility""],""motion_unit"":""normalized_image_diagonal_per_frame"",""protected_point"":[0.5,0.85],""source_files"":[""D:\\360Downloads\\123\\data\\Anti-UAV410\\annos\\test\\20190925_193610_1_6.txt"",""D:\\360Downloads\\123\\data\\Anti-UAV410\\annos\\test\\20190926_102042_1_9.txt""],""source_sha256"":[""e369acb3f47aad49423f40db82f9ec82621be1ebe7f729d8e2e6e397a0ee6868"",""67ad10faffb0f37e2fed01c6d066fec64f7b712d08198a487fea790d4d872606""],""synthetic_dimensions"":[""spatial_level"",""risk"",""response_window"",""multi_sequence_concurrency"",""resources""],""time_basis"":""frames"",""track_count"":2,""track_windows"":[{""dynamic_background_clutter"":0,""event_center_frame"":106,""fast_motion"":1,""inactive_frames_in_window"":0,""medium_size"":1,""normal_size"":0,""occlusion"":0,""offset_steps"":0,""out_of_view"":0,""requested_window_mode"":""motion"",""scale_variation"":0,""selected_window_mode"":""motion"",""small_size"":0,""source_active_frames"":923,""source_end_frame"":239,""source_frames"":923,""source_inactive_frames"":0,""source_path"":""D:\\360Downloads\\123\\data\\Anti-UAV410\\annos\\test\\20190925_193610_1_6.txt"",""source_sha256"":""e369acb3f47aad49423f40db82f9ec82621be1ebe7f729d8e2e6e397a0ee6868"",""source_start_frame"":0,""source_window_frames"":240,""task_id"":""AU-01"",""thermal_crossover"":0,""tiny_size"":0,""visibility_event_count"":0},{""dynamic_background_clutter"":0,""event_center_frame"":6,""fast_motion"":0,""inactive_frames_in_window"":0,""medium_size"":1,""normal_size"":0,""occlusion"":0,""offset_steps"":2,""out_of_view"":0,""requested_window_mode"":""motion"",""scale_variation"":0,""selected_window_mode"":""motion"",""small_size"":1,""source_active_frames"":429,""source_end_frame"":239,""source_frames"":429,""source_inactive_frames"":0,""source_path"":""D:\\360Downloads\\123\\data\\Anti-UAV410\\annos\\test\\20190926_102042_1_9.txt"",""source_sha256"":""67ad10faffb0f37e2fed01c6d066fec64f7b712d08198a487fea790d4d872606"",""source_start_frame"":0,""source_window_frames"":240,""task_id"":""AU-02"",""thermal_crossover"":1,""tiny_size"":0,""visibility_event_count"":0}]}",7,142.5,AU-02,1,1,1,3,{},0.5447005381081221,0.12342574944909485,0.5,0.8779548463426342,0.6703948395887629,1.0,0.5447005381081221,0.12342574944909485,0.5,0.8779548463426342,0.6703948395887629,1.0
anti_uav410,AU-L02-W05,public-trajectory-replay-v2,"{""event_window_version"":""anti-uav-event-window-v1"",""evidence_type"":""measured_image_plane_tracks_with_simulated_response_resources"",""fps"":null,""image_height"":512,""image_width"":640,""measured_dimensions"":[""apparent_size"",""image_plane_speed"",""visibility""],""motion_unit"":""normalized_image_diagonal_per_frame"",""protected_point"":[0.5,0.85],""source_files"":[""D:\\360Downloads\\123\\data\\Anti-UAV410\\annos\\test\\20190925_193610_1_6.txt"",""D:\\360Downloads\\123\\data\\Anti-UAV410\\annos\\test\\20190926_102042_1_9.txt""],""source_sha256"":[""e369acb3f47aad49423f40db82f9ec82621be1ebe7f729d8e2e6e397a0ee6868"",""67ad10faffb0f37e2fed01c6d066fec64f7b712d08198a487fea790d4d872606""],""synthetic_dimensions"":[""spatial_level"",""risk"",""response_window"",""multi_sequence_concurrency"",""resources""],""time_basis"":""frames"",""track_count"":2,""track_windows"":[{""dynamic_background_clutter"":0,""event_center_frame"":106,""fast_motion"":1,""inactive_frames_in_window"":0,""medium_size"":1,""normal_size"":0,""occlusion"":0,""offset_steps"":0,""out_of_view"":0,""requested_window_mode"":""motion"",""scale_variation"":0,""selected_window_mode"":""motion"",""small_size"":0,""source_active_frames"":923,""source_end_frame"":239,""source_frames"":923,""source_inactive_frames"":0,""source_path"":""D:\\360Downloads\\123\\data\\Anti-UAV410\\annos\\test\\20190925_193610_1_6.txt"",""source_sha256"":""e369acb3f47aad49423f40db82f9ec82621be1ebe7f729d8e2e6e397a0ee6868"",""source_start_frame"":0,""source_window_frames"":240,""task_id"":""AU-01"",""thermal_crossover"":0,""tiny_size"":0,""visibility_event_count"":0},{""dynamic_background_clutter"":0,""event_center_frame"":6,""fast_motion"":0,""inactive_frames_in_window"":0,""medium_size"":1,""normal_size"":0,""occlusion"":0,""offset_steps"":2,""out_of_view"":0,""requested_window_mode"":""motion"",""scale_variation"":0,""selected_window_mode"":""motion"",""small_size"":1,""source_active_frames"":429,""source_end_frame"":239,""source_frames"":429,""source_inactive_frames"":0,""source_path"":""D:\\360Downloads\\123\\data\\Anti-UAV410\\annos\\test\\20190926_102042_1_9.txt"",""source_sha256"":""67ad10faffb0f37e2fed01c6d066fec64f7b712d08198a487fea790d4d872606"",""source_start_frame"":0,""source_window_frames"":240,""task_id"":""AU-02"",""thermal_crossover"":1,""tiny_size"":0,""visibility_event_count"":0}]}",8,166.5,AU-01,1,1,1,3,{},0.5130439662720194,0.3951754825727294,0.5,0.04467179590516501,0.5752305860639108,1.0,0.5130439662720194,0.3951754825727294,0.5,0.04467179590516501,0.5752305860639108,1.0
anti_uav410,AU-L02-W05,public-trajectory-replay-v2,"{""event_window_version"":""anti-uav-event-window-v1"",""evidence_type"":""measured_image_plane_tracks_with_simulated_response_resources"",""fps"":null,""image_height"":512,""image_width"":640,""measured_dimensions"":[""apparent_size"",""image_plane_speed"",""visibility""],""motion_unit"":""normalized_image_diagonal_per_frame"",""protected_point"":[0.5,0.85],""source_files"":[""D:\\360Downloads\\123\\data\\Anti-UAV410\\annos\\test\\20190925_193610_1_6.txt"",""D:\\360Downloads\\123\\data\\Anti-UAV410\\annos\\test\\20190926_102042_1_9.txt""],""source_sha256"":[""e369acb3f47aad49423f40db82f9ec82621be1ebe7f729d8e2e6e397a0ee6868"",""67ad10faffb0f37e2fed01c6d066fec64f7b712d08198a487fea790d4d872606""],""synthetic_dimensions"":[""spatial_level"",""risk"",""response_window"",""multi_sequence_concurrency"",""resources""],""time_basis"":""frames"",""track_count"":2,""track_windows"":[{""dynamic_background_clutter"":0,""event_center_frame"":106,""fast_motion"":1,""inactive_frames_in_window"":0,""medium_size"":1,""normal_size"":0,""occlusion"":0,""offset_steps"":0,""out_of_view"":0,""requested_window_mode"":""motion"",""scale_variation"":0,""selected_window_mode"":""motion"",""small_size"":0,""source_active_frames"":923,""source_end_frame"":239,""source_frames"":923,""source_inactive_frames"":0,""source_path"":""D:\\360Downloads\\123\\data\\Anti-UAV410\\annos\\test\\20190925_193610_1_6.txt"",""source_sha256"":""e369acb3f47aad49423f40db82f9ec82621be1ebe7f729d8e2e6e397a0ee6868"",""source_start_frame"":0,""source_window_frames"":240,""task_id"":""AU-01"",""thermal_crossover"":0,""tiny_size"":0,""visibility_event_count"":0},{""dynamic_background_clutter"":0,""event_center_frame"":6,""fast_motion"":0,""inactive_frames_in_window"":0,""medium_size"":1,""normal_size"":0,""occlusion"":0,""offset_steps"":2,""out_of_view"":0,""requested_window_mode"":""motion"",""scale_variation"":0,""selected_window_mode"":""motion"",""small_size"":1,""source_active_frames"":429,""source_end_frame"":239,""source_frames"":429,""source_inactive_frames"":0,""source_path"":""D:\\360Downloads\\123\\data\\Anti-UAV410\\annos\\test\\20190926_102042_1_9.txt"",""source_sha256"":""67ad10faffb0f37e2fed01c6d066fec64f7b712d08198a487fea790d4d872606"",""source_start_frame"":0,""source_window_frames"":240,""task_id"":""AU-02"",""thermal_crossover"":1,""tiny_size"":0,""visibility_event_count"":0}]}",8,166.5,AU-02,1,1,1,3,{},0.5109743976653277,0.31300080128205127,0.5,0.04467179590516501,0.5149942204790969,1.0,0.5109743976653277,0.31300080128205127,0.5,0.04467179590516501,0.5149942204790969,1.0
anti_uav410,AU-L02-W05,public-trajectory-replay-v2,"{""event_window_version"":""anti-uav-event-window-v1"",""evidence_type"":""measured_image_plane_tracks_with_simulated_response_resources"",""fps"":null,""image_height"":512,""image_width"":640,""measured_dimensions"":[""apparent_size"",""image_plane_speed"",""visibility""],""motion_unit"":""normalized_image_diagonal_per_frame"",""protected_point"":[0.5,0.85],""source_files"":[""D:\\360Downloads\\123\\data\\Anti-UAV410\\annos\\test\\20190925_193610_1_6.txt"",""D:\\360Downloads\\123\\data\\Anti-UAV410\\annos\\test\\20190926_102042_1_9.txt""],""source_sha256"":[""e369acb3f47aad49423f40db82f9ec82621be1ebe7f729d8e2e6e397a0ee6868"",""67ad10faffb0f37e2fed01c6d066fec64f7b712d08198a487fea790d4d872606""],""synthetic_dimensions"":[""spatial_level"",""risk"",""response_window"",""multi_sequence_concurrency"",""resources""],""time_basis"":""frames"",""track_count"":2,""track_windows"":[{""dynamic_background_clutter"":0,""event_center_frame"":106,""fast_motion"":1,""inactive_frames_in_window"":0,""medium_size"":1,""normal_size"":0,""occlusion"":0,""offset_steps"":0,""out_of_view"":0,""requested_window_mode"":""motion"",""scale_variation"":0,""selected_window_mode"":""motion"",""small_size"":0,""source_active_frames"":923,""source_end_frame"":239,""source_frames"":923,""source_inactive_frames"":0,""source_path"":""D:\\360Downloads\\123\\data\\Anti-UAV410\\annos\\test\\20190925_193610_1_6.txt"",""source_sha256"":""e369acb3f47aad49423f40db82f9ec82621be1ebe7f729d8e2e6e397a0ee6868"",""source_start_frame"":0,""source_window_frames"":240,""task_id"":""AU-01"",""thermal_crossover"":0,""tiny_size"":0,""visibility_event_count"":0},{""dynamic_background_clutter"":0,""event_center_frame"":6,""fast_motion"":0,""inactive_frames_in_window"":0,""medium_size"":1,""normal_size"":0,""occlusion"":0,""offset_steps"":2,""out_of_view"":0,""requested_window_mode"":""motion"",""scale_variation"":0,""selected_window_mode"":""motion"",""small_size"":1,""source_active_frames"":429,""source_end_frame"":239,""source_frames"":429,""source_inactive_frames"":0,""source_path"":""D:\\360Downloads\\123\\data\\Anti-UAV410\\annos\\test\\20190926_102042_1_9.txt"",""source_sha256"":""67ad10faffb0f37e2fed01c6d066fec64f7b712d08198a487fea790d4d872606"",""source_start_frame"":0,""source_window_frames"":240,""task_id"":""AU-02"",""thermal_crossover"":1,""tiny_size"":0,""visibility_event_count"":0}]}",9,191.0,AU-01,1,1,1,3,{},0.4784159653873395,0.21765815626075688,0.5,0.0,0.582745063387147,1.0,0.4784159653873395,0.21765815626075688,0.5,0.0,0.582745063387147,1.0
anti_uav410,AU-L02-W05,public-trajectory-replay-v2,"{""event_window_version"":""anti-uav-event-window-v1"",""evidence_type"":""measured_image_plane_tracks_with_simulated_response_resources"",""fps"":null,""image_height"":512,""image_width"":640,""measured_dimensions"":[""apparent_size"",""image_plane_speed"",""visibility""],""motion_unit"":""normalized_image_diagonal_per_frame"",""protected_point"":[0.5,0.85],""source_files"":[""D:\\360Downloads\\123\\data\\Anti-UAV410\\annos\\test\\20190925_193610_1_6.txt"",""D:\\360Downloads\\123\\data\\Anti-UAV410\\annos\\test\\20190926_102042_1_9.txt""],""source_sha256"":[""e369acb3f47aad49423f40db82f9ec82621be1ebe7f729d8e2e6e397a0ee6868"",""67ad10faffb0f37e2fed01c6d066fec64f7b712d08198a487fea790d4d872606""],""synthetic_dimensions"":[""spatial_level"",""risk"",""response_window"",""multi_sequence_concurrency"",""resources""],""time_basis"":""frames"",""track_count"":2,""track_windows"":[{""dynamic_background_clutter"":0,""event_center_frame"":106,""fast_motion"":1,""inactive_frames_in_window"":0,""medium_size"":1,""normal_size"":0,""occlusion"":0,""offset_steps"":0,""out_of_view"":0,""requested_window_mode"":""motion"",""scale_variation"":0,""selected_window_mode"":""motion"",""small_size"":0,""source_active_frames"":923,""source_end_frame"":239,""source_frames"":923,""source_inactive_frames"":0,""source_path"":""D:\\360Downloads\\123\\data\\Anti-UAV410\\annos\\test\\20190925_193610_1_6.txt"",""source_sha256"":""e369acb3f47aad49423f40db82f9ec82621be1ebe7f729d8e2e6e397a0ee6868"",""source_start_frame"":0,""source_window_frames"":240,""task_id"":""AU-01"",""thermal_crossover"":0,""tiny_size"":0,""visibility_event_count"":0},{""dynamic_background_clutter"":0,""event_center_frame"":6,""fast_motion"":0,""inactive_frames_in_window"":0,""medium_size"":1,""normal_size"":0,""occlusion"":0,""offset_steps"":2,""out_of_view"":0,""requested_window_mode"":""motion"",""scale_variation"":0,""selected_window_mode"":""motion"",""small_size"":1,""source_active_frames"":429,""source_end_frame"":239,""source_frames"":429,""source_inactive_frames"":0,""source_path"":""D:\\360Downloads\\123\\data\\Anti-UAV410\\annos\\test\\20190926_102042_1_9.txt"",""source_sha256"":""67ad10faffb0f37e2fed01c6d066fec64f7b712d08198a487fea790d4d872606"",""source_start_frame"":0,""source_window_frames"":240,""task_id"":""AU-02"",""thermal_crossover"":1,""tiny_size"":0,""visibility_event_count"":0}]}",9,191.0,AU-02,1,1,1,3,{},0.5332981097987602,0.3227866023904922,0.5,0.0,0.43746021721700945,1.0,0.5332981097987602,0.3227866023904922,0.5,0.0,0.43746021721700945,1.0
anti_uav410,AU-L02-W05,public-trajectory-replay-v2,"{""event_window_version"":""anti-uav-event-window-v1"",""evidence_type"":""measured_image_plane_tracks_with_simulated_response_resources"",""fps"":null,""image_height"":512,""image_width"":640,""measured_dimensions"":[""apparent_size"",""image_plane_speed"",""visibility""],""motion_unit"":""normalized_image_diagonal_per_frame"",""protected_point"":[0.5,0.85],""source_files"":[""D:\\360Downloads\\123\\data\\Anti-UAV410\\annos\\test\\20190925_193610_1_6.txt"",""D:\\360Downloads\\123\\data\\Anti-UAV410\\annos\\test\\20190926_102042_1_9.txt""],""source_sha256"":[""e369acb3f47aad49423f40db82f9ec82621be1ebe7f729d8e2e6e397a0ee6868"",""67ad10faffb0f37e2fed01c6d066fec64f7b712d08198a487fea790d4d872606""],""synthetic_dimensions"":[""spatial_level"",""risk"",""response_window"",""multi_sequence_concurrency"",""resources""],""time_basis"":""frames"",""track_count"":2,""track_windows"":[{""dynamic_background_clutter"":0,""event_center_frame"":106,""fast_motion"":1,""inactive_frames_in_window"":0,""medium_size"":1,""normal_size"":0,""occlusion"":0,""offset_steps"":0,""out_of_view"":0,""requested_window_mode"":""motion"",""scale_variation"":0,""selected_window_mode"":""motion"",""small_size"":0,""source_active_frames"":923,""source_end_frame"":239,""source_frames"":923,""source_inactive_frames"":0,""source_path"":""D:\\360Downloads\\123\\data\\Anti-UAV410\\annos\\test\\20190925_193610_1_6.txt"",""source_sha256"":""e369acb3f47aad49423f40db82f9ec82621be1ebe7f729d8e2e6e397a0ee6868"",""source_start_frame"":0,""source_window_frames"":240,""task_id"":""AU-01"",""thermal_crossover"":0,""tiny_size"":0,""visibility_event_count"":0},{""dynamic_background_clutter"":0,""event_center_frame"":6,""fast_motion"":0,""inactive_frames_in_window"":0,""medium_size"":1,""normal_size"":0,""occlusion"":0,""offset_steps"":2,""out_of_view"":0,""requested_window_mode"":""motion"",""scale_variation"":0,""selected_window_mode"":""motion"",""small_size"":1,""source_active_frames"":429,""source_end_frame"":239,""source_frames"":429,""source_inactive_frames"":0,""source_path"":""D:\\360Downloads\\123\\data\\Anti-UAV410\\annos\\test\\20190926_102042_1_9.txt"",""source_sha256"":""67ad10faffb0f37e2fed01c6d066fec64f7b712d08198a487fea790d4d872606"",""source_start_frame"":0,""source_window_frames"":240,""task_id"":""AU-02"",""thermal_crossover"":1,""tiny_size"":0,""visibility_event_count"":0}]}",10,214.5,AU-01,1,1,1,3,{},0.5140756262044188,0.22220433139256757,0.5,0.48695662856190935,0.6187692395872361,1.0,0.5140756262044188,0.22220433139256757,0.5,0.48695662856190935,0.6187692395872361,1.0
anti_uav410,AU-L02-W05,public-trajectory-replay-v2,"{""event_window_version"":""anti-uav-event-window-v1"",""evidence_type"":""measured_image_plane_tracks_with_simulated_response_resources"",""fps"":null,""image_height"":512,""image_width"":640,""measured_dimensions"":[""apparent_size"",""image_plane_speed"",""visibility""],""motion_unit"":""normalized_image_diagonal_per_frame"",""protected_point"":[0.5,0.85],""source_files"":[""D:\\360Downloads\\123\\data\\Anti-UAV410\\annos\\test\\20190925_193610_1_6.txt"",""D:\\360Downloads\\123\\data\\Anti-UAV410\\annos\\test\\20190926_102042_1_9.txt""],""source_sha256"":[""e369acb3f47aad49423f40db82f9ec82621be1ebe7f729d8e2e6e397a0ee6868"",""67ad10faffb0f37e2fed01c6d066fec64f7b712d08198a487fea790d4d872606""],""synthetic_dimensions"":[""spatial_level"",""risk"",""response_window"",""multi_sequence_concurrency"",""resources""],""time_basis"":""frames"",""track_count"":2,""track_windows"":[{""dynamic_background_clutter"":0,""event_center_frame"":106,""fast_motion"":1,""inactive_frames_in_window"":0,""medium_size"":1,""normal_size"":0,""occlusion"":0,""offset_steps"":0,""out_of_view"":0,""requested_window_mode"":""motion"",""scale_variation"":0,""selected_window_mode"":""motion"",""small_size"":0,""source_active_frames"":923,""source_end_frame"":239,""source_frames"":923,""source_inactive_frames"":0,""source_path"":""D:\\360Downloads\\123\\data\\Anti-UAV410\\annos\\test\\20190925_193610_1_6.txt"",""source_sha256"":""e369acb3f47aad49423f40db82f9ec82621be1ebe7f729d8e2e6e397a0ee6868"",""source_start_frame"":0,""source_window_frames"":240,""task_id"":""AU-01"",""thermal_crossover"":0,""tiny_size"":0,""visibility_event_count"":0},{""dynamic_background_clutter"":0,""event_center_frame"":6,""fast_motion"":0,""inactive_frames_in_window"":0,""medium_size"":1,""normal_size"":0,""occlusion"":0,""offset_steps"":2,""out_of_view"":0,""requested_window_mode"":""motion"",""scale_variation"":0,""selected_window_mode"":""motion"",""small_size"":1,""source_active_frames"":429,""source_end_frame"":239,""source_frames"":429,""source_inactive_frames"":0,""source_path"":""D:\\360Downloads\\123\\data\\Anti-UAV410\\annos\\test\\20190926_102042_1_9.txt"",""source_sha256"":""67ad10faffb0f37e2fed01c6d066fec64f7b712d08198a487fea790d4d872606"",""source_start_frame"":0,""source_window_frames"":240,""task_id"":""AU-02"",""thermal_crossover"":1,""tiny_size"":0,""visibility_event_count"":0}]}",10,214.5,AU-02,1,1,1,3,{},0.555487734575561,0.38798306156756124,0.5,0.48695662856190935,0.6957324042668078,0.25655224454118997,0.555487734575561,0.38798306156756124,0.5,0.48695662856190935,0.6957324042668078,0.25655224454118997
anti_uav410,AU-L02-W05,public-trajectory-replay-v2,"{""event_window_version"":""anti-uav-event-window-v1"",""evidence_type"":""measured_image_plane_tracks_with_simulated_response_resources"",""fps"":null,""image_height"":512,""image_width"":640,""measured_dimensions"":[""apparent_size"",""image_plane_speed"",""visibility""],""motion_unit"":""normalized_image_diagonal_per_frame"",""protected_point"":[0.5,0.85],""source_files"":[""D:\\360Downloads\\123\\data\\Anti-UAV410\\annos\\test\\20190925_193610_1_6.txt"",""D:\\360Downloads\\123\\data\\Anti-UAV410\\annos\\test\\20190926_102042_1_9.txt""],""source_sha256"":[""e369acb3f47aad49423f40db82f9ec82621be1ebe7f729d8e2e6e397a0ee6868"",""67ad10faffb0f37e2fed01c6d066fec64f7b712d08198a487fea790d4d872606""],""synthetic_dimensions"":[""spatial_level"",""risk"",""response_window"",""multi_sequence_concurrency"",""resources""],""time_basis"":""frames"",""track_count"":2,""track_windows"":[{""dynamic_background_clutter"":0,""event_center_frame"":106,""fast_motion"":1,""inactive_frames_in_window"":0,""medium_size"":1,""normal_size"":0,""occlusion"":0,""offset_steps"":0,""out_of_view"":0,""requested_window_mode"":""motion"",""scale_variation"":0,""selected_window_mode"":""motion"",""small_size"":0,""source_active_frames"":923,""source_end_frame"":239,""source_frames"":923,""source_inactive_frames"":0,""source_path"":""D:\\360Downloads\\123\\data\\Anti-UAV410\\annos\\test\\20190925_193610_1_6.txt"",""source_sha256"":""e369acb3f47aad49423f40db82f9ec82621be1ebe7f729d8e2e6e397a0ee6868"",""source_start_frame"":0,""source_window_frames"":240,""task_id"":""AU-01"",""thermal_crossover"":0,""tiny_size"":0,""visibility_event_count"":0},{""dynamic_background_clutter"":0,""event_center_frame"":6,""fast_motion"":0,""inactive_frames_in_window"":0,""medium_size"":1,""normal_size"":0,""occlusion"":0,""offset_steps"":2,""out_of_view"":0,""requested_window_mode"":""motion"",""scale_variation"":0,""selected_window_mode"":""motion"",""small_size"":1,""source_active_frames"":429,""source_end_frame"":239,""source_frames"":429,""source_inactive_frames"":0,""source_path"":""D:\\360Downloads\\123\\data\\Anti-UAV410\\annos\\test\\20190926_102042_1_9.txt"",""source_sha256"":""67ad10faffb0f37e2fed01c6d066fec64f7b712d08198a487fea790d4d872606"",""source_start_frame"":0,""source_window_frames"":240,""task_id"":""AU-02"",""thermal_crossover"":1,""tiny_size"":0,""visibility_event_count"":0}]}",11,239.0,AU-01,1,1,1,3,{},0.5348853100636388,0.7025203500904779,0.5,0.3977332652996992,0.566887375571723,1.0,0.5348853100636388,0.7025203500904779,0.5,0.3977332652996992,0.566887375571723,1.0
anti_uav410,AU-L02-W05,public-trajectory-replay-v2,"{""event_window_version"":""anti-uav-event-window-v1"",""evidence_type"":""measured_image_plane_tracks_with_simulated_response_resources"",""fps"":null,""image_height"":512,""image_width"":640,""measured_dimensions"":[""apparent_size"",""image_plane_speed"",""visibility""],""motion_unit"":""normalized_image_diagonal_per_frame"",""protected_point"":[0.5,0.85],""source_files"":[""D:\\360Downloads\\123\\data\\Anti-UAV410\\annos\\test\\20190925_193610_1_6.txt"",""D:\\360Downloads\\123\\data\\Anti-UAV410\\annos\\test\\20190926_102042_1_9.txt""],""source_sha256"":[""e369acb3f47aad49423f40db82f9ec82621be1ebe7f729d8e2e6e397a0ee6868"",""67ad10faffb0f37e2fed01c6d066fec64f7b712d08198a487fea790d4d872606""],""synthetic_dimensions"":[""spatial_level"",""risk"",""response_window"",""multi_sequence_concurrency"",""resources""],""time_basis"":""frames"",""track_count"":2,""track_windows"":[{""dynamic_background_clutter"":0,""event_center_frame"":106,""fast_motion"":1,""inactive_frames_in_window"":0,""medium_size"":1,""normal_size"":0,""occlusion"":0,""offset_steps"":0,""out_of_view"":0,""requested_window_mode"":""motion"",""scale_variation"":0,""selected_window_mode"":""motion"",""small_size"":0,""source_active_frames"":923,""source_end_frame"":239,""source_frames"":923,""source_inactive_frames"":0,""source_path"":""D:\\360Downloads\\123\\data\\Anti-UAV410\\annos\\test\\20190925_193610_1_6.txt"",""source_sha256"":""e369acb3f47aad49423f40db82f9ec82621be1ebe7f729d8e2e6e397a0ee6868"",""source_start_frame"":0,""source_window_frames"":240,""task_id"":""AU-01"",""thermal_crossover"":0,""tiny_size"":0,""visibility_event_count"":0},{""dynamic_background_clutter"":0,""event_center_frame"":6,""fast_motion"":0,""inactive_frames_in_window"":0,""medium_size"":1,""normal_size"":0,""occlusion"":0,""offset_steps"":2,""out_of_view"":0,""requested_window_mode"":""motion"",""scale_variation"":0,""selected_window_mode"":""motion"",""small_size"":1,""source_active_frames"":429,""source_end_frame"":239,""source_frames"":429,""source_inactive_frames"":0,""source_path"":""D:\\360Downloads\\123\\data\\Anti-UAV410\\annos\\test\\20190926_102042_1_9.txt"",""source_sha256"":""67ad10faffb0f37e2fed01c6d066fec64f7b712d08198a487fea790d4d872606"",""source_start_frame"":0,""source_window_frames"":240,""task_id"":""AU-02"",""thermal_crossover"":1,""tiny_size"":0,""visibility_event_count"":0}]}",11,239.0,AU-02,1,1,1,3,{},0.5317061715910265,0.2544399926493918,0.5,0.3977332652996992,0.7011529298459397,0.2678632392690388,0.5317061715910265,0.2544399926493918,0.5,0.3977332652996992,0.7011529298459397,0.2678632392690388
