family_id,section,dataset,task_load,number_of_comparisons,metrics,correction
candidate_mechanism.anti_uav410.load_2,candidate mechanism,anti_uav410,2,4,candidate_feasible_before_dominance;candidate_after_dominance;candidate_after_diversity;nodes,Holm step-down within family
candidate_mechanism.anti_uav410.load_4,candidate mechanism,anti_uav410,4,4,candidate_feasible_before_dominance;candidate_after_dominance;candidate_after_diversity;nodes,Holm step-down within family
candidate_mechanism.anti_uav410.load_6,candidate mechanism,anti_uav410,6,4,candidate_feasible_before_dominance;candidate_after_dominance;candidate_after_diversity;nodes,Holm step-down within family
candidate_mechanism.anti_uav410.load_8,candidate mechanism,anti_uav410,8,4,candidate_feasible_before_dominance;candidate_after_dominance;candidate_after_diversity;nodes,Holm step-down within family
candidate_mechanism.uzh_fpv.load_1,candidate mechanism,uzh_fpv,1,4,candidate_feasible_before_dominance;candidate_after_dominance;candidate_after_diversity;nodes,Holm step-down within family
computational.anti_uav410.load_2,computational boundary,anti_uav410,2,4,end_to_end_runtime_ms;fallback;node_limit_run_indicator;fallback_optimality_gap_bound,Holm step-down within family
computational.anti_uav410.load_4,computational boundary,anti_uav410,4,4,end_to_end_runtime_ms;fallback;node_limit_run_indicator;fallback_optimality_gap_bound,Holm step-down within family
computational.anti_uav410.load_6,computational boundary,anti_uav410,6,4,end_to_end_runtime_ms;fallback;node_limit_run_indicator;fallback_optimality_gap_bound,Holm step-down within family
computational.anti_uav410.load_8,computational boundary,anti_uav410,8,4,end_to_end_runtime_ms;fallback;node_limit_run_indicator;fallback_optimality_gap_bound,Holm step-down within family
computational.uzh_fpv.load_1,computational boundary,uzh_fpv,1,4,end_to_end_runtime_ms;fallback;node_limit_run_indicator;fallback_optimality_gap_bound,Holm step-down within family
performance.anti_uav410.load_2,primary performance,anti_uav410,2,4,external_objective;independent_service_score;independent_coverage;common_task_response_time,Holm step-down within family
performance.anti_uav410.load_4,primary performance,anti_uav410,4,4,external_objective;independent_service_score;independent_coverage;common_task_response_time,Holm step-down within family
performance.anti_uav410.load_6,primary performance,anti_uav410,6,4,external_objective;independent_service_score;independent_coverage;common_task_response_time,Holm step-down within family
performance.anti_uav410.load_8,primary performance,anti_uav410,8,4,external_objective;independent_service_score;independent_coverage;common_task_response_time,Holm step-down within family
performance.uzh_fpv.load_1,primary performance,uzh_fpv,1,4,external_objective;independent_service_score;independent_coverage;common_task_response_time,Holm step-down within family
