dataset,task_load,stratum_id,stratum_label,independent_cluster,method_b,seeds_with_common_tasks,seeds_without_common_tasks,common_task_periods_total,ca_hmcd_mean_response_time,baseline_mean_response_time,mean_difference_a_minus_b
anti_uav410,2,anti_uav410.load_2,Anti-UAV410 load 2,AU-L02-W01,External-Auction,30,0,330,0.4078553448,0.408107622,-0.0002522772
anti_uav410,2,anti_uav410.load_2,Anti-UAV410 load 2,AU-L02-W01,Greedy,30,0,330,0.4078553448,0.4079008776,-4.55328e-05
anti_uav410,2,anti_uav410.load_2,Anti-UAV410 load 2,AU-L02-W01,No-Stability,30,0,330,0.4078553448,0.4296561988,-0.021800854
anti_uav410,2,anti_uav410.load_2,Anti-UAV410 load 2,AU-L02-W01,No-Synergy,30,0,330,0.4078553448,0.4078553448,0.0
anti_uav410,2,anti_uav410.load_2,Anti-UAV410 load 2,AU-L02-W01,Random,30,0,241,0.4086813344,0.4255077408,-0.0168264064
anti_uav410,2,anti_uav410.load_2,Anti-UAV410 load 2,AU-L02-W02,External-Auction,30,0,600,0.3469453215,0.3471831111,-0.0002377896
anti_uav410,2,anti_uav410.load_2,Anti-UAV410 load 2,AU-L02-W02,Greedy,30,0,600,0.3469453215,0.3468682301,7.70914e-05
anti_uav410,2,anti_uav410.load_2,Anti-UAV410 load 2,AU-L02-W02,No-Stability,30,0,600,0.3469453215,0.3627543214,-0.0158089999
anti_uav410,2,anti_uav410.load_2,Anti-UAV410 load 2,AU-L02-W02,No-Synergy,30,0,600,0.3469453215,0.3469453215,0.0
anti_uav410,2,anti_uav410.load_2,Anti-UAV410 load 2,AU-L02-W02,Random,30,0,448,0.3467692473,0.3674824881,-0.0207132407
anti_uav410,2,anti_uav410.load_2,Anti-UAV410 load 2,AU-L02-W03,External-Auction,30,0,630,0.4408461596,0.4447981149,-0.0039519552
anti_uav410,2,anti_uav410.load_2,Anti-UAV410 load 2,AU-L02-W03,Greedy,30,0,630,0.4408461596,0.4437425973,-0.0028964376
anti_uav410,2,anti_uav410.load_2,Anti-UAV410 load 2,AU-L02-W03,No-Stability,30,0,630,0.4408461596,0.4620894237,-0.021243264
anti_uav410,2,anti_uav410.load_2,Anti-UAV410 load 2,AU-L02-W03,No-Synergy,30,0,630,0.4408461596,0.4396825753,0.0011635843
anti_uav410,2,anti_uav410.load_2,Anti-UAV410 load 2,AU-L02-W03,Random,30,0,470,0.4395296503,0.4546787061,-0.0151490558
anti_uav410,2,anti_uav410.load_2,Anti-UAV410 load 2,AU-L02-W04,External-Auction,30,0,570,0.3779942216,0.3793974064,-0.0014031848
anti_uav410,2,anti_uav410.load_2,Anti-UAV410 load 2,AU-L02-W04,Greedy,30,0,570,0.3779942216,0.378243688,-0.0002494664
anti_uav410,2,anti_uav410.load_2,Anti-UAV410 load 2,AU-L02-W04,No-Stability,30,0,570,0.3779942216,0.4010410205,-0.0230467989
anti_uav410,2,anti_uav410.load_2,Anti-UAV410 load 2,AU-L02-W04,No-Synergy,30,0,570,0.3779942216,0.3779327777,6.14439e-05
anti_uav410,2,anti_uav410.load_2,Anti-UAV410 load 2,AU-L02-W04,Random,30,0,433,0.3800287765,0.3976994659,-0.0176706894
anti_uav410,2,anti_uav410.load_2,Anti-UAV410 load 2,AU-L02-W05,External-Auction,30,0,539,0.4708788165,0.4722969265,-0.00141811
anti_uav410,2,anti_uav410.load_2,Anti-UAV410 load 2,AU-L02-W05,Greedy,30,0,538,0.4708779972,0.4713860496,-0.0005080524
anti_uav410,2,anti_uav410.load_2,Anti-UAV410 load 2,AU-L02-W05,No-Stability,30,0,539,0.4708788165,0.499129014,-0.0282501975
anti_uav410,2,anti_uav410.load_2,Anti-UAV410 load 2,AU-L02-W05,No-Synergy,30,0,539,0.4708788165,0.4697190142,0.0011598023
anti_uav410,2,anti_uav410.load_2,Anti-UAV410 load 2,AU-L02-W05,Random,30,0,412,0.4727360805,0.4923880014,-0.0196519209
anti_uav410,2,anti_uav410.load_2,Anti-UAV410 load 2,AU-L02-W06,External-Auction,30,0,360,0.4167233649,0.4167233649,0.0
anti_uav410,2,anti_uav410.load_2,Anti-UAV410 load 2,AU-L02-W06,Greedy,30,0,360,0.4167233649,0.4167233649,0.0
anti_uav410,2,anti_uav410.load_2,Anti-UAV410 load 2,AU-L02-W06,No-Stability,30,0,360,0.4167233649,0.445918144,-0.029194779
anti_uav410,2,anti_uav410.load_2,Anti-UAV410 load 2,AU-L02-W06,No-Synergy,30,0,360,0.4167233649,0.4167233649,0.0
anti_uav410,2,anti_uav410.load_2,Anti-UAV410 load 2,AU-L02-W06,Random,30,0,272,0.4122696129,0.4382311731,-0.0259615601
anti_uav410,2,anti_uav410.load_2,Anti-UAV410 load 2,AU-L02-W07,External-Auction,30,0,540,0.3903464246,0.3902851869,6.12376e-05
anti_uav410,2,anti_uav410.load_2,Anti-UAV410 load 2,AU-L02-W07,Greedy,30,0,540,0.3903464246,0.3902426833,0.0001037412
anti_uav410,2,anti_uav410.load_2,Anti-UAV410 load 2,AU-L02-W07,No-Stability,30,0,540,0.3903464246,0.4102790161,-0.0199325916
anti_uav410,2,anti_uav410.load_2,Anti-UAV410 load 2,AU-L02-W07,No-Synergy,30,0,540,0.3903464246,0.3903464246,0.0
anti_uav410,2,anti_uav410.load_2,Anti-UAV410 load 2,AU-L02-W07,Random,30,0,410,0.3888057475,0.405693502,-0.0168877544
anti_uav410,2,anti_uav410.load_2,Anti-UAV410 load 2,AU-L02-W08,External-Auction,30,0,528,0.3957277755,0.3989568436,-0.003229068
anti_uav410,2,anti_uav410.load_2,Anti-UAV410 load 2,AU-L02-W08,Greedy,30,0,528,0.3957277755,0.3968852019,-0.0011574264
anti_uav410,2,anti_uav410.load_2,Anti-UAV410 load 2,AU-L02-W08,No-Stability,30,0,528,0.3957277755,0.4200713631,-0.0243435875
anti_uav410,2,anti_uav410.load_2,Anti-UAV410 load 2,AU-L02-W08,No-Synergy,30,0,528,0.3957277755,0.3956575209,7.02546e-05
anti_uav410,2,anti_uav410.load_2,Anti-UAV410 load 2,AU-L02-W08,Random,30,0,385,0.3935202225,0.4121162306,-0.018596008
anti_uav410,2,anti_uav410.load_2,Anti-UAV410 load 2,AU-L02-W09,External-Auction,30,0,479,0.493268122,0.4933617248,-9.36027e-05
anti_uav410,2,anti_uav410.load_2,Anti-UAV410 load 2,AU-L02-W09,Greedy,30,0,481,0.4937483962,0.4937483962,0.0
anti_uav410,2,anti_uav410.load_2,Anti-UAV410 load 2,AU-L02-W09,No-Stability,30,0,481,0.4937483962,0.5222450923,-0.0284966962
anti_uav410,2,anti_uav410.load_2,Anti-UAV410 load 2,AU-L02-W09,No-Synergy,30,0,481,0.4937483962,0.4937483962,0.0
anti_uav410,2,anti_uav410.load_2,Anti-UAV410 load 2,AU-L02-W09,Random,30,0,381,0.4923924247,0.5248131185,-0.0324206939
anti_uav410,2,anti_uav410.load_2,Anti-UAV410 load 2,AU-L02-W10,External-Auction,30,0,360,0.4521204575,0.4543177397,-0.0021972821
anti_uav410,2,anti_uav410.load_2,Anti-UAV410 load 2,AU-L02-W10,Greedy,30,0,360,0.4521204575,0.4540770194,-0.0019565619
anti_uav410,2,anti_uav410.load_2,Anti-UAV410 load 2,AU-L02-W10,No-Stability,30,0,360,0.4521204575,0.4787958149,-0.0266753574
anti_uav410,2,anti_uav410.load_2,Anti-UAV410 load 2,AU-L02-W10,No-Synergy,30,0,360,0.4521204575,0.4521204575,0.0
anti_uav410,2,anti_uav410.load_2,Anti-UAV410 load 2,AU-L02-W10,Random,30,0,275,0.4530160733,0.4752815976,-0.0222655242
anti_uav410,4,anti_uav410.load_4,Anti-UAV410 load 4,AU-L04-W01,External-Auction,30,0,882,0.4316871447,0.435899185,-0.0042120403
anti_uav410,4,anti_uav410.load_4,Anti-UAV410 load 4,AU-L04-W01,Greedy,30,0,899,0.4343396176,0.4351028357,-0.0007632181
anti_uav410,4,anti_uav410.load_4,Anti-UAV410 load 4,AU-L04-W01,No-Stability,30,0,908,0.4355059181,0.4620056654,-0.0264997473
anti_uav410,4,anti_uav410.load_4,Anti-UAV410 load 4,AU-L04-W01,No-Synergy,30,0,908,0.4355059181,0.4341358118,0.0013701063
anti_uav410,4,anti_uav410.load_4,Anti-UAV410 load 4,AU-L04-W01,Random,30,0,659,0.4329160607,0.4478376702,-0.0149216095
anti_uav410,4,anti_uav410.load_4,Anti-UAV410 load 4,AU-L04-W02,External-Auction,30,0,855,0.3923265534,0.4010216251,-0.0086950717
anti_uav410,4,anti_uav410.load_4,Anti-UAV410 load 4,AU-L04-W02,Greedy,30,0,853,0.3932149304,0.3974228606,-0.0042079302
anti_uav410,4,anti_uav410.load_4,Anti-UAV410 load 4,AU-L04-W02,No-Stability,30,0,877,0.3927158999,0.4129586278,-0.0202427279
anti_uav410,4,anti_uav410.load_4,Anti-UAV410 load 4,AU-L04-W02,No-Synergy,30,0,877,0.3927158999,0.3929119984,-0.0001960985
anti_uav410,4,anti_uav410.load_4,Anti-UAV410 load 4,AU-L04-W02,Random,30,0,633,0.3931435265,0.4069241454,-0.0137806188
anti_uav410,4,anti_uav410.load_4,Anti-UAV410 load 4,AU-L04-W03,External-Auction,30,0,1030,0.4491618352,0.4519684023,-0.0028065672
anti_uav410,4,anti_uav410.load_4,Anti-UAV410 load 4,AU-L04-W03,Greedy,30,0,1044,0.4515684508,0.4520904723,-0.0005220215
anti_uav410,4,anti_uav410.load_4,Anti-UAV410 load 4,AU-L04-W03,No-Stability,30,0,1063,0.452935915,0.474092105,-0.02115619
anti_uav410,4,anti_uav410.load_4,Anti-UAV410 load 4,AU-L04-W03,No-Synergy,30,0,1063,0.452935915,0.4523699559,0.0005659591
anti_uav410,4,anti_uav410.load_4,Anti-UAV410 load 4,AU-L04-W03,Random,30,0,737,0.4510205524,0.4662675665,-0.0152470141
anti_uav410,4,anti_uav410.load_4,Anti-UAV410 load 4,AU-L04-W04,External-Auction,30,0,918,0.4166577273,0.4280069849,-0.0113492577
anti_uav410,4,anti_uav410.load_4,Anti-UAV410 load 4,AU-L04-W04,Greedy,30,0,918,0.4169641821,0.4303850961,-0.013420914
anti_uav410,4,anti_uav410.load_4,Anti-UAV410 load 4,AU-L04-W04,No-Stability,30,0,926,0.4164782523,0.4422431655,-0.0257649132
anti_uav410,4,anti_uav410.load_4,Anti-UAV410 load 4,AU-L04-W04,No-Synergy,30,0,926,0.4164782523,0.4143950189,0.0020832334
anti_uav410,4,anti_uav410.load_4,Anti-UAV410 load 4,AU-L04-W04,Random,30,0,679,0.4178290353,0.4334373925,-0.0156083571
anti_uav410,4,anti_uav410.load_4,Anti-UAV410 load 4,AU-L04-W05,External-Auction,30,0,1020,0.3860393279,0.3915848981,-0.0055455701
anti_uav410,4,anti_uav410.load_4,Anti-UAV410 load 4,AU-L04-W05,Greedy,30,0,1026,0.3856370049,0.3890469758,-0.0034099709
anti_uav410,4,anti_uav410.load_4,Anti-UAV410 load 4,AU-L04-W05,No-Stability,30,0,1035,0.3845752283,0.4037897879,-0.0192145596
anti_uav410,4,anti_uav410.load_4,Anti-UAV410 load 4,AU-L04-W05,No-Synergy,30,0,1035,0.3845752283,0.3845027114,7.25168e-05
anti_uav410,4,anti_uav410.load_4,Anti-UAV410 load 4,AU-L04-W05,Random,30,0,747,0.3810589866,0.3967128688,-0.0156538822
anti_uav410,4,anti_uav410.load_4,Anti-UAV410 load 4,AU-L04-W06,External-Auction,30,0,1029,0.3954041035,0.4002230279,-0.0048189244
anti_uav410,4,anti_uav410.load_4,Anti-UAV410 load 4,AU-L04-W06,Greedy,30,0,1041,0.3944832408,0.3955502774,-0.0010670366
anti_uav410,4,anti_uav410.load_4,Anti-UAV410 load 4,AU-L04-W06,No-Stability,30,0,1075,0.3953714598,0.4122909867,-0.016919527
anti_uav410,4,anti_uav410.load_4,Anti-UAV410 load 4,AU-L04-W06,No-Synergy,30,0,1077,0.3955819216,0.3951024328,0.0004794888
anti_uav410,4,anti_uav410.load_4,Anti-UAV410 load 4,AU-L04-W06,Random,30,0,768,0.3944971166,0.4079547331,-0.0134576165
anti_uav410,4,anti_uav410.load_4,Anti-UAV410 load 4,AU-L04-W07,External-Auction,30,0,978,0.4834434044,0.484633541,-0.0011901366
anti_uav410,4,anti_uav410.load_4,Anti-UAV410 load 4,AU-L04-W07,Greedy,30,0,974,0.4833776278,0.4897008133,-0.0063231855
anti_uav410,4,anti_uav410.load_4,Anti-UAV410 load 4,AU-L04-W07,No-Stability,30,0,988,0.484145968,0.5056830847,-0.0215371167
anti_uav410,4,anti_uav410.load_4,Anti-UAV410 load 4,AU-L04-W07,No-Synergy,30,0,988,0.484145968,0.4827213115,0.0014246565
anti_uav410,4,anti_uav410.load_4,Anti-UAV410 load 4,AU-L04-W07,Random,30,0,724,0.4825618729,0.4928064721,-0.0102445992
anti_uav410,4,anti_uav410.load_4,Anti-UAV410 load 4,AU-L04-W08,External-Auction,30,0,1014,0.4828141876,0.4852964622,-0.0024822746
anti_uav410,4,anti_uav410.load_4,Anti-UAV410 load 4,AU-L04-W08,Greedy,30,0,1019,0.4841111297,0.4857140081,-0.0016028784
anti_uav410,4,anti_uav410.load_4,Anti-UAV410 load 4,AU-L04-W08,No-Stability,30,0,1030,0.4831131796,0.5094523788,-0.0263391992
anti_uav410,4,anti_uav410.load_4,Anti-UAV410 load 4,AU-L04-W08,No-Synergy,30,0,1030,0.4831131796,0.4829704811,0.0001426985
anti_uav410,4,anti_uav410.load_4,Anti-UAV410 load 4,AU-L04-W08,Random,30,0,725,0.4810794374,0.5004934597,-0.0194140224
anti_uav410,6,anti_uav410.load_6,Anti-UAV410 load 6,AU-L06-W01,External-Auction,30,0,1321,0.4535487693,0.4618573916,-0.0083086223
anti_uav410,6,anti_uav410.load_6,Anti-UAV410 load 6,AU-L06-W01,Greedy,30,0,1345,0.4537100314,0.4599880776,-0.0062780462
anti_uav410,6,anti_uav410.load_6,Anti-UAV410 load 6,AU-L06-W01,No-Stability,30,0,1373,0.4558383352,0.4723313343,-0.0164929991
anti_uav410,6,anti_uav410.load_6,Anti-UAV410 load 6,AU-L06-W01,No-Synergy,30,0,1400,0.4541210548,0.4529048093,0.0012162454
anti_uav410,6,anti_uav410.load_6,Anti-UAV410 load 6,AU-L06-W01,Random,30,0,896,0.4450807118,0.4544190924,-0.0093383805
anti_uav410,6,anti_uav410.load_6,Anti-UAV410 load 6,AU-L06-W02,External-Auction,30,0,1163,0.4612912229,0.465920389,-0.0046291662
anti_uav410,6,anti_uav410.load_6,Anti-UAV410 load 6,AU-L06-W02,Greedy,30,0,1167,0.4610644344,0.4622455152,-0.0011810808
anti_uav410,6,anti_uav410.load_6,Anti-UAV410 load 6,AU-L06-W02,No-Stability,30,0,1227,0.461065677,0.4737776514,-0.0127119744
anti_uav410,6,anti_uav410.load_6,Anti-UAV410 load 6,AU-L06-W02,No-Synergy,30,0,1244,0.4611746612,0.4606782453,0.0004964159
anti_uav410,6,anti_uav410.load_6,Anti-UAV410 load 6,AU-L06-W02,Random,30,0,810,0.4596941262,0.4690440054,-0.0093498792
anti_uav410,6,anti_uav410.load_6,Anti-UAV410 load 6,AU-L06-W03,External-Auction,30,0,1290,0.3755488271,0.3826265841,-0.007077757
anti_uav410,6,anti_uav410.load_6,Anti-UAV410 load 6,AU-L06-W03,Greedy,30,0,1293,0.3752806796,0.3781909839,-0.0029103043
anti_uav410,6,anti_uav410.load_6,Anti-UAV410 load 6,AU-L06-W03,No-Stability,30,0,1414,0.3774192486,0.3847217126,-0.007302464
anti_uav410,6,anti_uav410.load_6,Anti-UAV410 load 6,AU-L06-W03,No-Synergy,30,0,1499,0.3856151299,0.3831540995,0.0024610303
anti_uav410,6,anti_uav410.load_6,Anti-UAV410 load 6,AU-L06-W03,Random,30,0,918,0.3816416526,0.3865862689,-0.0049446163
anti_uav410,6,anti_uav410.load_6,Anti-UAV410 load 6,AU-L06-W04,External-Auction,30,0,1426,0.4930621891,0.4949237701,-0.001861581
anti_uav410,6,anti_uav410.load_6,Anti-UAV410 load 6,AU-L06-W04,Greedy,30,0,1410,0.493784117,0.4953456121,-0.0015614951
anti_uav410,6,anti_uav410.load_6,Anti-UAV410 load 6,AU-L06-W04,No-Stability,30,0,1499,0.4929455058,0.5046564159,-0.0117109101
anti_uav410,6,anti_uav410.load_6,Anti-UAV410 load 6,AU-L06-W04,No-Synergy,30,0,1533,0.4956369779,0.4948371515,0.0007998264
anti_uav410,6,anti_uav410.load_6,Anti-UAV410 load 6,AU-L06-W04,Random,30,0,1022,0.4949415273,0.4987682653,-0.003826738
anti_uav410,6,anti_uav410.load_6,Anti-UAV410 load 6,AU-L06-W05,External-Auction,30,0,1332,0.44479766,0.4536631878,-0.0088655278
anti_uav410,6,anti_uav410.load_6,Anti-UAV410 load 6,AU-L06-W05,Greedy,30,0,1311,0.445850213,0.4524511537,-0.0066009407
anti_uav410,6,anti_uav410.load_6,Anti-UAV410 load 6,AU-L06-W05,No-Stability,30,0,1375,0.4425743924,0.4510103114,-0.008435919
anti_uav410,6,anti_uav410.load_6,Anti-UAV410 load 6,AU-L06-W05,No-Synergy,30,0,1429,0.4476392507,0.4468135579,0.0008256927
anti_uav410,6,anti_uav410.load_6,Anti-UAV410 load 6,AU-L06-W05,Random,30,0,909,0.4463725156,0.4474029771,-0.0010304615
anti_uav410,6,anti_uav410.load_6,Anti-UAV410 load 6,AU-L06-W06,External-Auction,30,0,1212,0.4230685089,0.4273219354,-0.0042534265
anti_uav410,6,anti_uav410.load_6,Anti-UAV410 load 6,AU-L06-W06,Greedy,30,0,1219,0.4236725431,0.4265999042,-0.0029273611
anti_uav410,6,anti_uav410.load_6,Anti-UAV410 load 6,AU-L06-W06,No-Stability,30,0,1277,0.422888414,0.4294806037,-0.0065921898
anti_uav410,6,anti_uav410.load_6,Anti-UAV410 load 6,AU-L06-W06,No-Synergy,30,0,1324,0.4205754493,0.4185204281,0.0020550213
anti_uav410,6,anti_uav410.load_6,Anti-UAV410 load 6,AU-L06-W06,Random,30,0,863,0.4183240725,0.4199940437,-0.0016699712
anti_uav410,8,anti_uav410.load_8,Anti-UAV410 load 8,AU-L08-W01,External-Auction,30,0,1501,0.3979984126,0.3985317966,-0.0005333841
anti_uav410,8,anti_uav410.load_8,Anti-UAV410 load 8,AU-L08-W01,Greedy,30,0,1471,0.3987805995,0.3989732685,-0.000192669
anti_uav410,8,anti_uav410.load_8,Anti-UAV410 load 8,AU-L08-W01,No-Stability,30,0,1503,0.3822618267,0.3867049107,-0.004443084
anti_uav410,8,anti_uav410.load_8,Anti-UAV410 load 8,AU-L08-W01,No-Synergy,30,0,1726,0.3941714402,0.3941257286,4.57116e-05
anti_uav410,8,anti_uav410.load_8,Anti-UAV410 load 8,AU-L08-W01,Random,30,0,989,0.3844213064,0.3855779835,-0.0011566771
anti_uav410,8,anti_uav410.load_8,Anti-UAV410 load 8,AU-L08-W02,External-Auction,30,0,1550,0.4157712262,0.414963395,0.0008078312
anti_uav410,8,anti_uav410.load_8,Anti-UAV410 load 8,AU-L08-W02,Greedy,30,0,1569,0.4145755314,0.4120112942,0.0025642373
anti_uav410,8,anti_uav410.load_8,Anti-UAV410 load 8,AU-L08-W02,No-Stability,30,0,1607,0.4152508326,0.4200289396,-0.0047781069
anti_uav410,8,anti_uav410.load_8,Anti-UAV410 load 8,AU-L08-W02,No-Synergy,30,0,1715,0.4196808793,0.4188044289,0.0008764504
anti_uav410,8,anti_uav410.load_8,Anti-UAV410 load 8,AU-L08-W02,Random,30,0,1084,0.407829344,0.4117127892,-0.0038834452
anti_uav410,8,anti_uav410.load_8,Anti-UAV410 load 8,AU-L08-W03,External-Auction,30,0,1531,0.4227767628,0.4257340255,-0.0029572627
anti_uav410,8,anti_uav410.load_8,Anti-UAV410 load 8,AU-L08-W03,Greedy,30,0,1531,0.422346333,0.4248596113,-0.0025132783
anti_uav410,8,anti_uav410.load_8,Anti-UAV410 load 8,AU-L08-W03,No-Stability,30,0,1632,0.4212811935,0.4294731403,-0.0081919467
anti_uav410,8,anti_uav410.load_8,Anti-UAV410 load 8,AU-L08-W03,No-Synergy,30,0,1830,0.4230551926,0.4230512834,3.9092e-06
anti_uav410,8,anti_uav410.load_8,Anti-UAV410 load 8,AU-L08-W03,Random,30,0,1071,0.4158194902,0.4194395964,-0.0036201062
anti_uav410,8,anti_uav410.load_8,Anti-UAV410 load 8,AU-L08-W04,External-Auction,30,0,1573,0.4107345894,0.4114900782,-0.0007554888
anti_uav410,8,anti_uav410.load_8,Anti-UAV410 load 8,AU-L08-W04,Greedy,30,0,1579,0.4100015296,0.4110498275,-0.0010482979
anti_uav410,8,anti_uav410.load_8,Anti-UAV410 load 8,AU-L08-W04,No-Stability,30,0,1609,0.4121419077,0.4153664213,-0.0032245136
anti_uav410,8,anti_uav410.load_8,Anti-UAV410 load 8,AU-L08-W04,No-Synergy,30,0,1707,0.4099244378,0.4099250244,-5.866e-07
anti_uav410,8,anti_uav410.load_8,Anti-UAV410 load 8,AU-L08-W04,Random,30,0,1039,0.4106143135,0.4118395331,-0.0012252196
uzh_fpv,1,uzh_fpv.load_1,UZH-FPV single-target replay,indoor_45_12,External-Auction,30,0,326,0.4097371128,0.4097371128,0.0
uzh_fpv,1,uzh_fpv.load_1,UZH-FPV single-target replay,indoor_45_12,Greedy,30,0,326,0.4097371128,0.4097371128,0.0
uzh_fpv,1,uzh_fpv.load_1,UZH-FPV single-target replay,indoor_45_12,No-Stability,30,0,326,0.4097371128,0.4271880563,-0.0174509435
uzh_fpv,1,uzh_fpv.load_1,UZH-FPV single-target replay,indoor_45_12,No-Synergy,30,0,326,0.4097371128,0.4097371128,0.0
uzh_fpv,1,uzh_fpv.load_1,UZH-FPV single-target replay,indoor_45_12,Random,30,0,233,0.4105527513,0.4343265253,-0.023773774
uzh_fpv,1,uzh_fpv.load_1,UZH-FPV single-target replay,indoor_45_13,External-Auction,30,0,327,0.4029470619,0.4029166827,3.03792e-05
uzh_fpv,1,uzh_fpv.load_1,UZH-FPV single-target replay,indoor_45_13,Greedy,30,0,327,0.4029470619,0.4029470619,0.0
uzh_fpv,1,uzh_fpv.load_1,UZH-FPV single-target replay,indoor_45_13,No-Stability,30,0,327,0.4029470619,0.4187341737,-0.0157871119
uzh_fpv,1,uzh_fpv.load_1,UZH-FPV single-target replay,indoor_45_13,No-Synergy,30,0,327,0.4029470619,0.4029470619,0.0
uzh_fpv,1,uzh_fpv.load_1,UZH-FPV single-target replay,indoor_45_13,Random,30,0,240,0.4022659508,0.4279832256,-0.0257172748
uzh_fpv,1,uzh_fpv.load_1,UZH-FPV single-target replay,indoor_45_14,External-Auction,30,0,271,0.395919871,0.3958931028,2.67682e-05
uzh_fpv,1,uzh_fpv.load_1,UZH-FPV single-target replay,indoor_45_14,Greedy,30,0,271,0.395919871,0.395919871,0.0
uzh_fpv,1,uzh_fpv.load_1,UZH-FPV single-target replay,indoor_45_14,No-Stability,30,0,271,0.395919871,0.4138437922,-0.0179239212
uzh_fpv,1,uzh_fpv.load_1,UZH-FPV single-target replay,indoor_45_14,No-Synergy,30,0,271,0.395919871,0.395919871,0.0
uzh_fpv,1,uzh_fpv.load_1,UZH-FPV single-target replay,indoor_45_14,Random,30,0,218,0.3960981078,0.42047169,-0.0243735822
uzh_fpv,1,uzh_fpv.load_1,UZH-FPV single-target replay,indoor_45_2,External-Auction,30,0,283,0.4089091808,0.4089853779,-7.6197e-05
uzh_fpv,1,uzh_fpv.load_1,UZH-FPV single-target replay,indoor_45_2,Greedy,30,0,283,0.4089091808,0.4089091808,0.0
uzh_fpv,1,uzh_fpv.load_1,UZH-FPV single-target replay,indoor_45_2,No-Stability,30,0,283,0.4089091808,0.4281015126,-0.0191923318
uzh_fpv,1,uzh_fpv.load_1,UZH-FPV single-target replay,indoor_45_2,No-Synergy,30,0,283,0.4089091808,0.4089091808,0.0
uzh_fpv,1,uzh_fpv.load_1,UZH-FPV single-target replay,indoor_45_2,Random,30,0,214,0.4101237054,0.4325314097,-0.0224077043
uzh_fpv,1,uzh_fpv.load_1,UZH-FPV single-target replay,indoor_45_4,External-Auction,30,0,233,0.4048234988,0.4046309641,0.0001925347
uzh_fpv,1,uzh_fpv.load_1,UZH-FPV single-target replay,indoor_45_4,Greedy,30,0,233,0.4048234988,0.4048234988,0.0
uzh_fpv,1,uzh_fpv.load_1,UZH-FPV single-target replay,indoor_45_4,No-Stability,30,0,233,0.4048234988,0.4235505378,-0.018727039
uzh_fpv,1,uzh_fpv.load_1,UZH-FPV single-target replay,indoor_45_4,No-Synergy,30,0,233,0.4048234988,0.4048234988,0.0
uzh_fpv,1,uzh_fpv.load_1,UZH-FPV single-target replay,indoor_45_4,Random,30,0,177,0.4035781905,0.4200840067,-0.0165058162
uzh_fpv,1,uzh_fpv.load_1,UZH-FPV single-target replay,indoor_45_9,External-Auction,30,0,210,0.3958770836,0.3958770836,0.0
uzh_fpv,1,uzh_fpv.load_1,UZH-FPV single-target replay,indoor_45_9,Greedy,30,0,210,0.3958770836,0.3958770836,0.0
uzh_fpv,1,uzh_fpv.load_1,UZH-FPV single-target replay,indoor_45_9,No-Stability,30,0,210,0.3958770836,0.4102258438,-0.0143487602
uzh_fpv,1,uzh_fpv.load_1,UZH-FPV single-target replay,indoor_45_9,No-Synergy,30,0,210,0.3958770836,0.3958770836,0.0
uzh_fpv,1,uzh_fpv.load_1,UZH-FPV single-target replay,indoor_45_9,Random,30,0,158,0.3969551297,0.4177181745,-0.0207630447
uzh_fpv,1,uzh_fpv.load_1,UZH-FPV single-target replay,indoor_forward_10,External-Auction,30,0,319,0.3882341372,0.3882341372,0.0
uzh_fpv,1,uzh_fpv.load_1,UZH-FPV single-target replay,indoor_forward_10,Greedy,30,0,319,0.3882341372,0.3882341372,0.0
uzh_fpv,1,uzh_fpv.load_1,UZH-FPV single-target replay,indoor_forward_10,No-Stability,30,0,319,0.3882341372,0.4011952891,-0.0129611519
uzh_fpv,1,uzh_fpv.load_1,UZH-FPV single-target replay,indoor_forward_10,No-Synergy,30,0,319,0.3882341372,0.3882341372,0.0
uzh_fpv,1,uzh_fpv.load_1,UZH-FPV single-target replay,indoor_forward_10,Random,30,0,241,0.3887705709,0.4060453525,-0.0172747816
uzh_fpv,1,uzh_fpv.load_1,UZH-FPV single-target replay,indoor_forward_3,External-Auction,30,0,327,0.3870920449,0.3870920449,0.0
uzh_fpv,1,uzh_fpv.load_1,UZH-FPV single-target replay,indoor_forward_3,Greedy,30,0,327,0.3870920449,0.3870920449,0.0
uzh_fpv,1,uzh_fpv.load_1,UZH-FPV single-target replay,indoor_forward_3,No-Stability,30,0,327,0.3870920449,0.4073505337,-0.0202584887
uzh_fpv,1,uzh_fpv.load_1,UZH-FPV single-target replay,indoor_forward_3,No-Synergy,30,0,327,0.3870920449,0.3870920449,0.0
uzh_fpv,1,uzh_fpv.load_1,UZH-FPV single-target replay,indoor_forward_3,Random,30,0,242,0.3878244752,0.4071443709,-0.0193198958
uzh_fpv,1,uzh_fpv.load_1,UZH-FPV single-target replay,indoor_forward_5,External-Auction,30,0,237,0.3875909733,0.3875909733,0.0
uzh_fpv,1,uzh_fpv.load_1,UZH-FPV single-target replay,indoor_forward_5,Greedy,30,0,237,0.3875909733,0.3875909733,0.0
uzh_fpv,1,uzh_fpv.load_1,UZH-FPV single-target replay,indoor_forward_5,No-Stability,30,0,237,0.3875909733,0.3982717409,-0.0106807676
uzh_fpv,1,uzh_fpv.load_1,UZH-FPV single-target replay,indoor_forward_5,No-Synergy,30,0,237,0.3875909733,0.3875909733,0.0
uzh_fpv,1,uzh_fpv.load_1,UZH-FPV single-target replay,indoor_forward_5,Random,30,0,175,0.38747187,0.401890665,-0.0144187951
uzh_fpv,1,uzh_fpv.load_1,UZH-FPV single-target replay,indoor_forward_6,External-Auction,30,0,323,0.3971586242,0.3971586242,0.0
uzh_fpv,1,uzh_fpv.load_1,UZH-FPV single-target replay,indoor_forward_6,Greedy,30,0,323,0.3971586242,0.3971586242,0.0
uzh_fpv,1,uzh_fpv.load_1,UZH-FPV single-target replay,indoor_forward_6,No-Stability,30,0,323,0.3971586242,0.4062824427,-0.0091238185
uzh_fpv,1,uzh_fpv.load_1,UZH-FPV single-target replay,indoor_forward_6,No-Synergy,30,0,323,0.3971586242,0.3971586242,0.0
uzh_fpv,1,uzh_fpv.load_1,UZH-FPV single-target replay,indoor_forward_6,Random,30,0,252,0.3952894383,0.4101599141,-0.0148704758
uzh_fpv,1,uzh_fpv.load_1,UZH-FPV single-target replay,indoor_forward_7,External-Auction,30,0,311,0.385118651,0.385118651,0.0
uzh_fpv,1,uzh_fpv.load_1,UZH-FPV single-target replay,indoor_forward_7,Greedy,30,0,311,0.385118651,0.385118651,0.0
uzh_fpv,1,uzh_fpv.load_1,UZH-FPV single-target replay,indoor_forward_7,No-Stability,30,0,311,0.385118651,0.3910395764,-0.0059209254
uzh_fpv,1,uzh_fpv.load_1,UZH-FPV single-target replay,indoor_forward_7,No-Synergy,30,0,311,0.385118651,0.385118651,0.0
uzh_fpv,1,uzh_fpv.load_1,UZH-FPV single-target replay,indoor_forward_7,Random,30,0,230,0.3850456173,0.4033248071,-0.0182791898
uzh_fpv,1,uzh_fpv.load_1,UZH-FPV single-target replay,indoor_forward_9,External-Auction,30,0,322,0.384839566,0.385123343,-0.000283777
uzh_fpv,1,uzh_fpv.load_1,UZH-FPV single-target replay,indoor_forward_9,Greedy,30,0,322,0.384839566,0.384839566,0.0
uzh_fpv,1,uzh_fpv.load_1,UZH-FPV single-target replay,indoor_forward_9,No-Stability,30,0,322,0.384839566,0.3932509058,-0.0084113398
uzh_fpv,1,uzh_fpv.load_1,UZH-FPV single-target replay,indoor_forward_9,No-Synergy,30,0,322,0.384839566,0.384839566,0.0
uzh_fpv,1,uzh_fpv.load_1,UZH-FPV single-target replay,indoor_forward_9,Random,30,0,236,0.3852099258,0.4007281631,-0.0155182373
uzh_fpv,1,uzh_fpv.load_1,UZH-FPV single-target replay,outdoor_45_1,External-Auction,30,0,315,0.4326389913,0.4328095151,-0.0001705238
uzh_fpv,1,uzh_fpv.load_1,UZH-FPV single-target replay,outdoor_45_1,Greedy,30,0,315,0.4326389913,0.4326389913,0.0
uzh_fpv,1,uzh_fpv.load_1,UZH-FPV single-target replay,outdoor_45_1,No-Stability,30,0,315,0.4326389913,0.4516743812,-0.0190353899
uzh_fpv,1,uzh_fpv.load_1,UZH-FPV single-target replay,outdoor_45_1,No-Synergy,30,0,315,0.4326389913,0.4326389913,0.0
uzh_fpv,1,uzh_fpv.load_1,UZH-FPV single-target replay,outdoor_45_1,Random,30,0,231,0.4355432074,0.4580573848,-0.0225141774
uzh_fpv,1,uzh_fpv.load_1,UZH-FPV single-target replay,outdoor_forward_1,External-Auction,30,0,328,0.4235672813,0.4235672813,0.0
uzh_fpv,1,uzh_fpv.load_1,UZH-FPV single-target replay,outdoor_forward_1,Greedy,30,0,328,0.4235672813,0.4235672813,0.0
uzh_fpv,1,uzh_fpv.load_1,UZH-FPV single-target replay,outdoor_forward_1,No-Stability,30,0,328,0.4235672813,0.4328244613,-0.00925718
uzh_fpv,1,uzh_fpv.load_1,UZH-FPV single-target replay,outdoor_forward_1,No-Synergy,30,0,328,0.4235672813,0.4235672813,0.0
uzh_fpv,1,uzh_fpv.load_1,UZH-FPV single-target replay,outdoor_forward_1,Random,30,0,256,0.4197549932,0.4383070742,-0.018552081
uzh_fpv,1,uzh_fpv.load_1,UZH-FPV single-target replay,outdoor_forward_3,External-Auction,30,0,317,0.3929547361,0.3929787069,-2.39708e-05
uzh_fpv,1,uzh_fpv.load_1,UZH-FPV single-target replay,outdoor_forward_3,Greedy,30,0,317,0.3929547361,0.3929547361,0.0
uzh_fpv,1,uzh_fpv.load_1,UZH-FPV single-target replay,outdoor_forward_3,No-Stability,30,0,317,0.3929547361,0.4038599425,-0.0109052064
uzh_fpv,1,uzh_fpv.load_1,UZH-FPV single-target replay,outdoor_forward_3,No-Synergy,30,0,317,0.3929547361,0.3929547361,0.0
uzh_fpv,1,uzh_fpv.load_1,UZH-FPV single-target replay,outdoor_forward_3,Random,30,0,228,0.3926478194,0.410947317,-0.0182994976
uzh_fpv,1,uzh_fpv.load_1,UZH-FPV single-target replay,outdoor_forward_5,External-Auction,30,0,327,0.4083427697,0.4083427697,0.0
uzh_fpv,1,uzh_fpv.load_1,UZH-FPV single-target replay,outdoor_forward_5,Greedy,30,0,327,0.4083427697,0.4083427697,0.0
uzh_fpv,1,uzh_fpv.load_1,UZH-FPV single-target replay,outdoor_forward_5,No-Stability,30,0,327,0.4083427697,0.4164553338,-0.0081125642
uzh_fpv,1,uzh_fpv.load_1,UZH-FPV single-target replay,outdoor_forward_5,No-Synergy,30,0,327,0.4083427697,0.4083427697,0.0
uzh_fpv,1,uzh_fpv.load_1,UZH-FPV single-target replay,outdoor_forward_5,Random,30,0,247,0.404066255,0.4189493316,-0.0148830767
