scenario,method,method_label,seeds,periods,external_objective_mean,independent_service_score_mean,independent_coverage_mean,external_switch_count_mean,external_physical_cost_mean,feasibility_rate_mean,fallback_mean,end_to_end_runtime_ms_mean,end_to_end_runtime_ms_median,end_to_end_runtime_ms_p95,end_to_end_runtime_ms_max,candidate_generation_share,deadline_hit_rate_50ms,deadline_hit_wilson_low_50ms,deadline_hit_wilson_high_50ms,deadline_hit_rate_100ms,deadline_hit_wilson_low_100ms,deadline_hit_wilson_high_100ms,deadline_hit_rate_200ms,deadline_hit_wilson_low_200ms,deadline_hit_wilson_high_200ms,deadline_hit_rate_500ms,deadline_hit_wilson_low_500ms,deadline_hit_wilson_high_500ms
airport_corridor,CA-HMCD,CA-HMCD-FixedK,30,360,-0.6307357140973889,0.19129726447375617,0.16296296296296295,0.9972222222222222,0.9137159102172565,1.0,0.0,10.304457222206212,9.499699999651057,17.090889999735737,30.085999999755586,0.8969670880233009,1.0,0.9894419431113063,0.9999999999999999,1.0,0.9894419431113063,0.9999999999999999,1.0,0.9894419431113063,0.9999999999999999,1.0,0.9894419431113063,0.9999999999999999
airport_corridor,External-Auction,External-Auction,30,360,-0.6454434393783518,0.18674612921103675,0.15185185185185185,0.9583333333333334,0.8722867795823638,1.0,0.0,8.511560277742724,7.926149999548215,14.710439999680604,19.815099999505037,0.9012515962239795,1.0,0.9894419431113063,0.9999999999999999,1.0,0.9894419431113063,0.9999999999999999,1.0,0.9894419431113063,0.9999999999999999,1.0,0.9894419431113063,0.9999999999999999
airport_corridor,Genetic-Algorithm,Genetic-Algorithm,30,360,-0.6307357140973889,0.19129726447375617,0.16296296296296295,0.9972222222222222,0.9137159102172565,1.0,0.0,271.4862730555397,267.2538000001623,347.5792450000881,385.89759999922535,0.03320191469130722,0.0,8.673617379884035e-19,0.010558056888693504,0.0,8.673617379884035e-19,0.010558056888693504,0.013888888888888888,0.005946705720899717,0.032095849587552294,1.0,0.9894419431113063,0.9999999999999999
airport_corridor,Greedy,Greedy,30,360,-0.6377869580725867,0.18908070774928273,0.1564814814814815,0.9916666666666667,0.9067771464869742,1.0,0.0,9.964317222203237,9.27880000017467,17.835070000364794,23.599099999955797,0.9258918133456376,1.0,0.9894419431113063,0.9999999999999999,1.0,0.9894419431113063,0.9999999999999999,1.0,0.9894419431113063,0.9999999999999999,1.0,0.9894419431113063,0.9999999999999999
airport_corridor,HiGHS-MILP,CA-HMCD-Exact,30,360,-0.6307357140973889,0.19129726447375617,0.16296296296296295,0.9972222222222222,0.9137159102172565,1.0,0.0,23.17126611108304,12.03075000012177,34.50125999956982,725.1949999999852,0.6551488025680916,0.9888888888888889,0.9717834877186631,0.9956708566568366,0.9888888888888889,0.9717834877186631,0.9956708566568366,0.9888888888888889,0.9717834877186631,0.9956708566568366,0.9888888888888889,0.9717834877186631,0.9956708566568366
energy_facility,CA-HMCD,CA-HMCD-FixedK,30,360,-0.793004482444931,0.1554802029253356,0.13055555555555556,0.975,1.050086549987815,1.0,0.0,10.9317213888845,10.176249999858555,18.42652999994244,36.02370000044175,0.8923430561774857,1.0,0.9894419431113063,0.9999999999999999,1.0,0.9894419431113063,0.9999999999999999,1.0,0.9894419431113063,0.9999999999999999,1.0,0.9894419431113063,0.9999999999999999
energy_facility,External-Auction,External-Auction,30,360,-0.7922639121727075,0.1530307905513393,0.12777777777777777,0.8916666666666667,1.0211440144552042,1.0,0.0,8.929633611114696,8.38049999993018,14.887875000385977,20.851799999945797,0.9026930805059389,1.0,0.9894419431113063,0.9999999999999999,1.0,0.9894419431113063,0.9999999999999999,1.0,0.9894419431113063,0.9999999999999999,1.0,0.9894419431113063,0.9999999999999999
energy_facility,Genetic-Algorithm,Genetic-Algorithm,30,360,-0.7931559094089791,0.1552798316822376,0.13009259259259257,0.9694444444444444,1.0465343972188994,1.0,0.0,272.4832874999897,270.97539999977016,344.88533499998084,394.74350000000413,0.03309492092353504,0.0,8.673617379884035e-19,0.010558056888693504,0.0,8.673617379884035e-19,0.010558056888693504,0.0,8.673617379884035e-19,0.010558056888693504,1.0,0.9894419431113063,0.9999999999999999
energy_facility,Greedy,Greedy,30,360,-0.79299788447504,0.1545462327934757,0.12870370370370368,0.9305555555555556,1.0346873809681398,1.0,0.0,10.090139722218636,9.622600000056991,17.40794999964237,24.436400000013236,0.928504875731124,1.0,0.9894419431113063,0.9999999999999999,1.0,0.9894419431113063,0.9999999999999999,1.0,0.9894419431113063,0.9999999999999999,1.0,0.9894419431113063,0.9999999999999999
energy_facility,HiGHS-MILP,CA-HMCD-Exact,30,360,-0.793004482444931,0.1554802029253356,0.13055555555555556,0.975,1.050086549987815,1.0,0.0,16.00684277777873,12.507800000093994,34.25459499981116,51.69809999915742,0.6766235801856876,0.9972222222222222,0.9844355578194421,0.9995094856079123,1.0,0.9894419431113063,0.9999999999999999,1.0,0.9894419431113063,0.9999999999999999,1.0,0.9894419431113063,0.9999999999999999
industrial_zone,CA-HMCD,CA-HMCD-FixedK,30,360,-0.7102596493007561,0.2199865881062692,0.21031746031746032,1.6138888888888887,1.6918721113292081,1.0,0.03333333333333333,37.18356583331873,20.942550000199844,147.85251500020425,271.8011999995724,0.8057710680500907,0.8666666666666667,0.8276523998068406,0.8979383584747842,0.9083333333333333,0.8740606285153463,0.933983625025554,0.975,0.953177078553323,0.9867927674024181,1.0,0.9894419431113063,0.9999999999999999
industrial_zone,External-Auction,External-Auction,30,360,-0.7139402810291415,0.21676906525602782,0.20436507936507936,1.5083333333333333,1.6056750519202523,1.0,0.0,18.28375055557798,16.254599999683705,33.21369000018423,54.564499999287364,0.9306753783229621,0.9972222222222222,0.9844355578194421,0.9995094856079123,1.0,0.9894419431113063,0.9999999999999999,1.0,0.9894419431113063,0.9999999999999999,1.0,0.9894419431113063,0.9999999999999999
industrial_zone,Genetic-Algorithm,Genetic-Algorithm,30,360,-0.7085899560000719,0.21986584962799774,0.20952380952380953,1.6083333333333334,1.686371516712893,1.0,0.0,338.93592055554916,333.71444999966116,447.2341400002734,522.6636999996117,0.04912163258114026,0.0,8.673617379884035e-19,0.010558056888693504,0.0,8.673617379884035e-19,0.010558056888693504,0.0,8.673617379884035e-19,0.010558056888693504,0.9972222222222222,0.9844355578194421,0.9995094856079123
industrial_zone,Greedy,Greedy,30,360,-0.7115450878322916,0.21774651999977315,0.20476190476190476,1.5527777777777778,1.642306711824357,1.0,0.0,20.905610833311684,18.99844999979905,38.13282500013884,50.126400000408466,0.9502774927241089,0.9972222222222222,0.9844355578194421,0.9995094856079123,1.0,0.9894419431113063,0.9999999999999999,1.0,0.9894419431113063,0.9999999999999999,1.0,0.9894419431113063,0.9999999999999999
industrial_zone,HiGHS-MILP,CA-HMCD-Exact,30,360,-0.7093618943686482,0.21990864319889653,0.20992063492063492,1.6083333333333334,1.6907780258907128,1.0,0.0,27.386487499999628,26.8261999999595,44.30691999923512,74.00520000010147,0.6769902424843389,0.9805555555555555,0.9604137617991286,0.9905498835245159,1.0,0.9894419431113063,0.9999999999999999,1.0,0.9894419431113063,0.9999999999999999,1.0,0.9894419431113063,0.9999999999999999
public_event,CA-HMCD,CA-HMCD-FixedK,30,360,-0.7496305472629444,0.24503724069780305,0.2076388888888889,1.9277777777777778,1.8645582035230854,1.0,0.01111111111111111,61.598476111132385,47.14109999986249,137.79902999990557,316.16220000069006,0.8950706688720441,0.55,0.4983506949705235,0.6005934993406072,0.85,0.8094291103638211,0.8831802498140933,0.9805555555555555,0.9604137617991286,0.9905498835245159,1.0,0.9894419431113063,0.9999999999999999
public_event,External-Auction,External-Auction,30,360,-0.7778410275348612,0.2412942203482625,0.1986111111111111,1.8138888888888889,1.7566391894030817,1.0,0.0,44.64664444441142,35.763849999966624,103.05194500028853,154.28410000004078,0.9639958256095237,0.7361111111111112,0.6882626055237834,0.7789738676121115,0.9416666666666667,0.9124738526003587,0.961533197147962,1.0,0.9894419431113063,0.9999999999999999,1.0,0.9894419431113063,0.9999999999999999
public_event,Genetic-Algorithm,Genetic-Algorithm,30,360,-0.7536431997628582,0.24510709160511937,0.20659722222222224,2.0,1.8803796108259767,1.0,0.0,376.0123747222097,374.90424999987226,465.15178499976173,531.2589000004664,0.09700972023155238,0.0,8.673617379884035e-19,0.010558056888693504,0.0,8.673617379884035e-19,0.010558056888693504,0.0,8.673617379884035e-19,0.010558056888693504,0.9916666666666667,0.9757892964950321,0.9971619475644193
public_event,Greedy,Greedy,30,360,-0.7668227674748358,0.2420583422554564,0.20034722222222223,1.9194444444444445,1.8261071285750448,1.0,0.0,52.34244527779689,45.11765000006562,114.40935999989962,150.33440000024711,0.9753928138733075,0.5916666666666667,0.5401841548864539,0.6412135346839523,0.925,0.8930792710261423,0.9479463806184684,1.0,0.9894419431113063,0.9999999999999999,1.0,0.9894419431113063,0.9999999999999999
public_event,HiGHS-MILP,CA-HMCD-Exact,30,360,-0.7484702664189908,0.24540180547852944,0.2076388888888889,1.9583333333333333,1.8837951652774232,1.0,0.0,48.215303611098335,47.79585000005682,72.96868499947777,96.37129999919125,0.7536092152566292,0.5638888888888889,0.5122548187238136,0.6141738740070755,1.0,0.9894419431113063,0.9999999999999999,1.0,0.9894419431113063,0.9999999999999999,1.0,0.9894419431113063,0.9999999999999999
urban_corridor,CA-HMCD,CA-HMCD-FixedK,30,360,-0.4336570359776036,0.2806905688225564,0.27420634920634923,1.7722222222222221,1.4538259296078497,1.0,0.0,35.269288611109715,25.33545000005688,96.98048499999459,180.22060000021156,0.8662500320496218,0.8166666666666667,0.7734239842363921,0.853222579734102,0.9555555555555556,0.9290311350214198,0.9724604131466594,1.0,0.9894419431113063,0.9999999999999999,1.0,0.9894419431113063,0.9999999999999999
urban_corridor,External-Auction,External-Auction,30,360,-0.4747998323064517,0.27065704372115357,0.23928571428571427,1.7166666666666666,1.359613281479679,1.0,0.0,26.827506944454804,19.465350000245962,78.83247499994468,139.4663999999466,0.9356797483854542,0.8805555555555555,0.8429725655387708,0.9101026911626124,0.9805555555555555,0.9604137617991286,0.9905498835245159,1.0,0.9894419431113063,0.9999999999999999,1.0,0.9894419431113063,0.9999999999999999
urban_corridor,Genetic-Algorithm,Genetic-Algorithm,30,360,-0.4311041063957598,0.280375255424982,0.2706349206349206,1.7833333333333334,1.4836750790545703,1.0,0.0,356.5610461111166,355.44355000001815,450.9728849999192,518.1750000001557,0.05253318465555937,0.0,8.673617379884035e-19,0.010558056888693504,0.0,8.673617379884035e-19,0.010558056888693504,0.0,8.673617379884035e-19,0.010558056888693504,0.9916666666666667,0.9757892964950321,0.9971619475644193
urban_corridor,Greedy,Greedy,30,360,-0.47180060028721305,0.2684522635053476,0.23809523809523808,1.7555555555555555,1.3694230336013566,1.0,0.0,30.308500277798583,22.441600000092876,81.75306999928581,138.82139999986975,0.9570312264311016,0.8583333333333333,0.81852026724049,0.8905797919892796,0.9805555555555555,0.9604137617991286,0.9905498835245159,1.0,0.9894419431113063,0.9999999999999999,1.0,0.9894419431113063,0.9999999999999999
urban_corridor,HiGHS-MILP,CA-HMCD-Exact,30,360,-0.4348034540390754,0.28159246305893065,0.27539682539682536,1.836111111111111,1.4998095717341804,1.0,0.0,30.60064361111472,30.08494999994582,47.566099999858125,64.54430000030698,0.6491912545160776,0.9638888888888889,0.9392051833082474,0.978777063911687,1.0,0.9894419431113063,0.9999999999999999,1.0,0.9894419431113063,0.9999999999999999,1.0,0.9894419431113063,0.9999999999999999
