family_id,scenario,metric,category,comparisons,adjustment
stage5::airport_corridor::candidate_generation_ms,airport_corridor,candidate_generation_ms,compute,4,Holm step-down
stage5::airport_corridor::common_task_response_time,airport_corridor,common_task_response_time,quality,4,Holm step-down
stage5::airport_corridor::end_to_end_runtime_ms,airport_corridor,end_to_end_runtime_ms,compute,4,Holm step-down
stage5::airport_corridor::external_objective,airport_corridor,external_objective,quality,4,Holm step-down
stage5::airport_corridor::external_physical_cost,airport_corridor,external_physical_cost,operation,4,Holm step-down
stage5::airport_corridor::external_switch_count,airport_corridor,external_switch_count,operation,4,Holm step-down
stage5::airport_corridor::fallback,airport_corridor,fallback,compute,4,Holm step-down
stage5::airport_corridor::feasibility_rate,airport_corridor,feasibility_rate,safety,4,Holm step-down
stage5::airport_corridor::independent_coverage,airport_corridor,independent_coverage,quality,4,Holm step-down
stage5::airport_corridor::independent_service_score,airport_corridor,independent_service_score,quality,4,Holm step-down
stage5::airport_corridor::solver_elapsed_ms,airport_corridor,solver_elapsed_ms,compute,4,Holm step-down
stage5::energy_facility::candidate_generation_ms,energy_facility,candidate_generation_ms,compute,4,Holm step-down
stage5::energy_facility::common_task_response_time,energy_facility,common_task_response_time,quality,4,Holm step-down
stage5::energy_facility::end_to_end_runtime_ms,energy_facility,end_to_end_runtime_ms,compute,4,Holm step-down
stage5::energy_facility::external_objective,energy_facility,external_objective,quality,4,Holm step-down
stage5::energy_facility::external_physical_cost,energy_facility,external_physical_cost,operation,4,Holm step-down
stage5::energy_facility::external_switch_count,energy_facility,external_switch_count,operation,4,Holm step-down
stage5::energy_facility::fallback,energy_facility,fallback,compute,4,Holm step-down
stage5::energy_facility::feasibility_rate,energy_facility,feasibility_rate,safety,4,Holm step-down
stage5::energy_facility::independent_coverage,energy_facility,independent_coverage,quality,4,Holm step-down
stage5::energy_facility::independent_service_score,energy_facility,independent_service_score,quality,4,Holm step-down
stage5::energy_facility::solver_elapsed_ms,energy_facility,solver_elapsed_ms,compute,4,Holm step-down
stage5::industrial_zone::candidate_generation_ms,industrial_zone,candidate_generation_ms,compute,4,Holm step-down
stage5::industrial_zone::common_task_response_time,industrial_zone,common_task_response_time,quality,4,Holm step-down
stage5::industrial_zone::end_to_end_runtime_ms,industrial_zone,end_to_end_runtime_ms,compute,4,Holm step-down
stage5::industrial_zone::external_objective,industrial_zone,external_objective,quality,4,Holm step-down
stage5::industrial_zone::external_physical_cost,industrial_zone,external_physical_cost,operation,4,Holm step-down
stage5::industrial_zone::external_switch_count,industrial_zone,external_switch_count,operation,4,Holm step-down
stage5::industrial_zone::fallback,industrial_zone,fallback,compute,4,Holm step-down
stage5::industrial_zone::feasibility_rate,industrial_zone,feasibility_rate,safety,4,Holm step-down
stage5::industrial_zone::independent_coverage,industrial_zone,independent_coverage,quality,4,Holm step-down
stage5::industrial_zone::independent_service_score,industrial_zone,independent_service_score,quality,4,Holm step-down
stage5::industrial_zone::solver_elapsed_ms,industrial_zone,solver_elapsed_ms,compute,4,Holm step-down
stage5::public_event::candidate_generation_ms,public_event,candidate_generation_ms,compute,4,Holm step-down
stage5::public_event::common_task_response_time,public_event,common_task_response_time,quality,4,Holm step-down
stage5::public_event::end_to_end_runtime_ms,public_event,end_to_end_runtime_ms,compute,4,Holm step-down
stage5::public_event::external_objective,public_event,external_objective,quality,4,Holm step-down
stage5::public_event::external_physical_cost,public_event,external_physical_cost,operation,4,Holm step-down
stage5::public_event::external_switch_count,public_event,external_switch_count,operation,4,Holm step-down
stage5::public_event::fallback,public_event,fallback,compute,4,Holm step-down
stage5::public_event::feasibility_rate,public_event,feasibility_rate,safety,4,Holm step-down
stage5::public_event::independent_coverage,public_event,independent_coverage,quality,4,Holm step-down
stage5::public_event::independent_service_score,public_event,independent_service_score,quality,4,Holm step-down
stage5::public_event::solver_elapsed_ms,public_event,solver_elapsed_ms,compute,4,Holm step-down
stage5::urban_corridor::candidate_generation_ms,urban_corridor,candidate_generation_ms,compute,4,Holm step-down
stage5::urban_corridor::common_task_response_time,urban_corridor,common_task_response_time,quality,4,Holm step-down
stage5::urban_corridor::end_to_end_runtime_ms,urban_corridor,end_to_end_runtime_ms,compute,4,Holm step-down
stage5::urban_corridor::external_objective,urban_corridor,external_objective,quality,4,Holm step-down
stage5::urban_corridor::external_physical_cost,urban_corridor,external_physical_cost,operation,4,Holm step-down
stage5::urban_corridor::external_switch_count,urban_corridor,external_switch_count,operation,4,Holm step-down
stage5::urban_corridor::fallback,urban_corridor,fallback,compute,4,Holm step-down
stage5::urban_corridor::feasibility_rate,urban_corridor,feasibility_rate,safety,4,Holm step-down
stage5::urban_corridor::independent_coverage,urban_corridor,independent_coverage,quality,4,Holm step-down
stage5::urban_corridor::independent_service_score,urban_corridor,independent_service_score,quality,4,Holm step-down
stage5::urban_corridor::solver_elapsed_ms,urban_corridor,solver_elapsed_ms,compute,4,Holm step-down
