scenario,method_a,method_b,seed,common_task_periods,response_a,response_b,difference_a_minus_b
airport_corridor,CA-HMCD,HiGHS-MILP,950000,8,0.6399202039984022,0.6399202039984022,0.0
airport_corridor,CA-HMCD,HiGHS-MILP,950001,10,0.5122365889563312,0.5122365889563312,0.0
airport_corridor,CA-HMCD,HiGHS-MILP,950002,10,0.630290666936823,0.630290666936823,0.0
airport_corridor,CA-HMCD,HiGHS-MILP,950003,12,0.5510033344723025,0.5510033344723025,0.0
airport_corridor,CA-HMCD,HiGHS-MILP,950004,14,0.556015993934275,0.556015993934275,0.0
airport_corridor,CA-HMCD,HiGHS-MILP,950005,12,0.5697902101119392,0.5697902101119392,0.0
airport_corridor,CA-HMCD,HiGHS-MILP,950006,14,0.5281763034766981,0.5281763034766981,0.0
airport_corridor,CA-HMCD,HiGHS-MILP,950007,12,0.5412726901475958,0.5412726901475958,0.0
airport_corridor,CA-HMCD,HiGHS-MILP,950008,6,0.6112015612327966,0.6112015612327966,0.0
airport_corridor,CA-HMCD,HiGHS-MILP,950009,19,0.5624135398040676,0.5624135398040676,0.0
airport_corridor,CA-HMCD,HiGHS-MILP,950010,15,0.588248398803456,0.588248398803456,0.0
airport_corridor,CA-HMCD,HiGHS-MILP,950011,4,0.5827406133315697,0.5827406133315697,0.0
airport_corridor,CA-HMCD,HiGHS-MILP,950012,26,0.5202996588760895,0.5202996588760895,0.0
airport_corridor,CA-HMCD,HiGHS-MILP,950014,1,0.5754738204518177,0.5754738204518177,0.0
airport_corridor,CA-HMCD,HiGHS-MILP,950015,8,0.46853198185736344,0.46853198185736344,0.0
airport_corridor,CA-HMCD,HiGHS-MILP,950016,11,0.5502176088549784,0.5502176088549784,0.0
airport_corridor,CA-HMCD,HiGHS-MILP,950017,11,0.5641260123501921,0.5641260123501921,0.0
airport_corridor,CA-HMCD,HiGHS-MILP,950018,13,0.6012531295705705,0.6012531295705705,0.0
airport_corridor,CA-HMCD,HiGHS-MILP,950019,28,0.5678013531316833,0.5678013531316833,0.0
airport_corridor,CA-HMCD,HiGHS-MILP,950020,7,0.5774534955765213,0.5774534955765213,0.0
airport_corridor,CA-HMCD,HiGHS-MILP,950021,10,0.6398441760644573,0.6398441760644573,0.0
airport_corridor,CA-HMCD,HiGHS-MILP,950022,4,0.5450166822868955,0.5450166822868955,0.0
airport_corridor,CA-HMCD,HiGHS-MILP,950023,15,0.566419508805941,0.566419508805941,0.0
airport_corridor,CA-HMCD,HiGHS-MILP,950025,15,0.5160057837906286,0.5160057837906286,0.0
airport_corridor,CA-HMCD,HiGHS-MILP,950026,10,0.5633061203424263,0.5633061203424263,0.0
airport_corridor,CA-HMCD,HiGHS-MILP,950027,20,0.5693649648280116,0.5693649648280116,0.0
airport_corridor,CA-HMCD,HiGHS-MILP,950028,22,0.5788128133914987,0.5788128133914987,0.0
airport_corridor,CA-HMCD,HiGHS-MILP,950029,15,0.5606266687959309,0.5606266687959309,0.0
airport_corridor,CA-HMCD,Genetic-Algorithm,950000,8,0.6399202039984022,0.6399202039984022,0.0
airport_corridor,CA-HMCD,Genetic-Algorithm,950001,10,0.5122365889563312,0.5122365889563312,0.0
airport_corridor,CA-HMCD,Genetic-Algorithm,950002,10,0.630290666936823,0.630290666936823,0.0
airport_corridor,CA-HMCD,Genetic-Algorithm,950003,12,0.5510033344723025,0.5510033344723025,0.0
airport_corridor,CA-HMCD,Genetic-Algorithm,950004,14,0.556015993934275,0.556015993934275,0.0
airport_corridor,CA-HMCD,Genetic-Algorithm,950005,12,0.5697902101119392,0.5697902101119392,0.0
airport_corridor,CA-HMCD,Genetic-Algorithm,950006,14,0.5281763034766981,0.5281763034766981,0.0
airport_corridor,CA-HMCD,Genetic-Algorithm,950007,12,0.5412726901475958,0.5412726901475958,0.0
airport_corridor,CA-HMCD,Genetic-Algorithm,950008,6,0.6112015612327966,0.6112015612327966,0.0
airport_corridor,CA-HMCD,Genetic-Algorithm,950009,19,0.5624135398040676,0.5624135398040676,0.0
airport_corridor,CA-HMCD,Genetic-Algorithm,950010,15,0.588248398803456,0.588248398803456,0.0
airport_corridor,CA-HMCD,Genetic-Algorithm,950011,4,0.5827406133315697,0.5827406133315697,0.0
airport_corridor,CA-HMCD,Genetic-Algorithm,950012,26,0.5202996588760895,0.5202996588760895,0.0
airport_corridor,CA-HMCD,Genetic-Algorithm,950014,1,0.5754738204518177,0.5754738204518177,0.0
airport_corridor,CA-HMCD,Genetic-Algorithm,950015,8,0.46853198185736344,0.46853198185736344,0.0
airport_corridor,CA-HMCD,Genetic-Algorithm,950016,11,0.5502176088549784,0.5502176088549784,0.0
airport_corridor,CA-HMCD,Genetic-Algorithm,950017,11,0.5641260123501921,0.5641260123501921,0.0
airport_corridor,CA-HMCD,Genetic-Algorithm,950018,13,0.6012531295705705,0.6012531295705705,0.0
airport_corridor,CA-HMCD,Genetic-Algorithm,950019,28,0.5678013531316833,0.5678013531316833,0.0
airport_corridor,CA-HMCD,Genetic-Algorithm,950020,7,0.5774534955765213,0.5774534955765213,0.0
airport_corridor,CA-HMCD,Genetic-Algorithm,950021,10,0.6398441760644573,0.6398441760644573,0.0
airport_corridor,CA-HMCD,Genetic-Algorithm,950022,4,0.5450166822868955,0.5450166822868955,0.0
airport_corridor,CA-HMCD,Genetic-Algorithm,950023,15,0.566419508805941,0.566419508805941,0.0
airport_corridor,CA-HMCD,Genetic-Algorithm,950025,15,0.5160057837906286,0.5160057837906286,0.0
airport_corridor,CA-HMCD,Genetic-Algorithm,950026,10,0.5633061203424263,0.5633061203424263,0.0
airport_corridor,CA-HMCD,Genetic-Algorithm,950027,20,0.5693649648280116,0.5693649648280116,0.0
airport_corridor,CA-HMCD,Genetic-Algorithm,950028,22,0.5788128133914987,0.5788128133914987,0.0
airport_corridor,CA-HMCD,Genetic-Algorithm,950029,15,0.5606266687959309,0.5606266687959309,0.0
airport_corridor,CA-HMCD,Greedy,950000,8,0.6399202039984022,0.6399202039984022,0.0
airport_corridor,CA-HMCD,Greedy,950001,10,0.5122365889563312,0.5122365889563312,0.0
airport_corridor,CA-HMCD,Greedy,950002,10,0.630290666936823,0.630290666936823,0.0
airport_corridor,CA-HMCD,Greedy,950003,10,0.5473051486130491,0.548918810748108,-0.0016136621350588687
airport_corridor,CA-HMCD,Greedy,950004,13,0.5570916659971927,0.5581276310933574,-0.0010359650961646594
airport_corridor,CA-HMCD,Greedy,950005,12,0.5697902101119392,0.5697902101119392,0.0
airport_corridor,CA-HMCD,Greedy,950006,14,0.5281763034766981,0.5281763034766981,0.0
airport_corridor,CA-HMCD,Greedy,950007,12,0.5412726901475958,0.5412726901475958,0.0
airport_corridor,CA-HMCD,Greedy,950008,5,0.6133765846950456,0.6133765846950456,0.0
airport_corridor,CA-HMCD,Greedy,950009,19,0.5624135398040676,0.5624135398040676,0.0
airport_corridor,CA-HMCD,Greedy,950010,15,0.588248398803456,0.588248398803456,0.0
airport_corridor,CA-HMCD,Greedy,950011,3,0.6414451494148053,0.6414451494148053,0.0
airport_corridor,CA-HMCD,Greedy,950012,20,0.533473077653673,0.533473077653673,0.0
airport_corridor,CA-HMCD,Greedy,950014,1,0.5754738204518177,0.5754738204518177,0.0
airport_corridor,CA-HMCD,Greedy,950015,8,0.46853198185736344,0.46853198185736344,0.0
airport_corridor,CA-HMCD,Greedy,950016,11,0.5502176088549784,0.5502176088549784,0.0
airport_corridor,CA-HMCD,Greedy,950017,11,0.5641260123501921,0.5641260123501921,0.0
airport_corridor,CA-HMCD,Greedy,950018,13,0.6012531295705705,0.6012531295705705,0.0
airport_corridor,CA-HMCD,Greedy,950019,28,0.5678013531316833,0.5678013531316833,0.0
airport_corridor,CA-HMCD,Greedy,950020,7,0.5774534955765213,0.5774534955765213,0.0
airport_corridor,CA-HMCD,Greedy,950021,10,0.6398441760644573,0.6398441760644573,0.0
airport_corridor,CA-HMCD,Greedy,950022,4,0.5450166822868955,0.5450166822868955,0.0
airport_corridor,CA-HMCD,Greedy,950023,15,0.566419508805941,0.566419508805941,0.0
airport_corridor,CA-HMCD,Greedy,950025,14,0.5115316082019284,0.5097493709398884,0.0017822372620400762
airport_corridor,CA-HMCD,Greedy,950026,10,0.5633061203424263,0.5633061203424263,0.0
airport_corridor,CA-HMCD,Greedy,950027,18,0.5736548192546531,0.5760336434785731,-0.0023788242239199953
airport_corridor,CA-HMCD,Greedy,950028,21,0.5749307283631919,0.5749814587583862,-5.073039519432054e-05
airport_corridor,CA-HMCD,Greedy,950029,15,0.5606266687959309,0.5606266687959309,0.0
airport_corridor,CA-HMCD,External-Auction,950000,8,0.6399202039984022,0.6399202039984022,0.0
airport_corridor,CA-HMCD,External-Auction,950001,10,0.5122365889563312,0.5122365889563312,0.0
airport_corridor,CA-HMCD,External-Auction,950002,10,0.630290666936823,0.630290666936823,0.0
airport_corridor,CA-HMCD,External-Auction,950003,10,0.5473051486130491,0.548918810748108,-0.0016136621350588687
airport_corridor,CA-HMCD,External-Auction,950004,12,0.5606251570078634,0.5617474525287084,-0.0011222955208449736
airport_corridor,CA-HMCD,External-Auction,950005,12,0.5697902101119392,0.5732824195247371,-0.003492209412797931
airport_corridor,CA-HMCD,External-Auction,950006,14,0.5281763034766981,0.5281763034766981,0.0
airport_corridor,CA-HMCD,External-Auction,950007,12,0.5412726901475958,0.5412726901475958,0.0
airport_corridor,CA-HMCD,External-Auction,950008,5,0.6133765846950456,0.6133765846950456,0.0
airport_corridor,CA-HMCD,External-Auction,950009,15,0.5603139366331884,0.5611448659542069,-0.0008309293210184698
airport_corridor,CA-HMCD,External-Auction,950010,15,0.588248398803456,0.588248398803456,0.0
airport_corridor,CA-HMCD,External-Auction,950011,3,0.6414451494148053,0.6414451494148053,0.0
airport_corridor,CA-HMCD,External-Auction,950012,20,0.533473077653673,0.533473077653673,0.0
airport_corridor,CA-HMCD,External-Auction,950014,1,0.5754738204518177,0.5754738204518177,0.0
airport_corridor,CA-HMCD,External-Auction,950015,8,0.46853198185736344,0.46853198185736344,0.0
airport_corridor,CA-HMCD,External-Auction,950016,11,0.5502176088549784,0.5502176088549784,0.0
airport_corridor,CA-HMCD,External-Auction,950017,11,0.5641260123501921,0.5628975564363105,0.0012284559138816542
airport_corridor,CA-HMCD,External-Auction,950018,13,0.6012531295705705,0.6012531295705705,0.0
airport_corridor,CA-HMCD,External-Auction,950019,27,0.5714953941061436,0.5694302926325023,0.002065101473641251
airport_corridor,CA-HMCD,External-Auction,950020,7,0.5774534955765213,0.5774534955765213,0.0
airport_corridor,CA-HMCD,External-Auction,950021,10,0.6398441760644573,0.6398441760644573,0.0
airport_corridor,CA-HMCD,External-Auction,950022,4,0.5450166822868955,0.5450166822868955,0.0
airport_corridor,CA-HMCD,External-Auction,950023,15,0.566419508805941,0.566419508805941,0.0
airport_corridor,CA-HMCD,External-Auction,950025,14,0.5115316082019284,0.5071628334566026,0.004368774745325821
airport_corridor,CA-HMCD,External-Auction,950026,10,0.5633061203424263,0.5633061203424263,0.0
airport_corridor,CA-HMCD,External-Auction,950027,17,0.5802171814887763,0.5843078517604015,-0.00409067027162513
airport_corridor,CA-HMCD,External-Auction,950028,17,0.5681569103538674,0.5686397116176147,-0.00048280126374733445
airport_corridor,CA-HMCD,External-Auction,950029,15,0.5606266687959309,0.5606266687959309,0.0
energy_facility,CA-HMCD,HiGHS-MILP,950000,10,0.715250077124654,0.715250077124654,0.0
energy_facility,CA-HMCD,HiGHS-MILP,950001,9,0.620364889620763,0.620364889620763,0.0
energy_facility,CA-HMCD,HiGHS-MILP,950002,10,0.7084558121467076,0.7084558121467076,0.0
energy_facility,CA-HMCD,HiGHS-MILP,950003,13,0.6842267026802415,0.6842267026802415,0.0
energy_facility,CA-HMCD,HiGHS-MILP,950004,7,0.6867151873123277,0.6867151873123277,0.0
energy_facility,CA-HMCD,HiGHS-MILP,950005,16,0.6427208495831185,0.6427208495831185,0.0
energy_facility,CA-HMCD,HiGHS-MILP,950006,16,0.6164057330348884,0.6164057330348884,0.0
energy_facility,CA-HMCD,HiGHS-MILP,950007,4,0.7595423272058559,0.7595423272058559,0.0
energy_facility,CA-HMCD,HiGHS-MILP,950008,5,0.6277361123287205,0.6277361123287205,0.0
energy_facility,CA-HMCD,HiGHS-MILP,950009,7,0.6851501598435173,0.6851501598435173,0.0
energy_facility,CA-HMCD,HiGHS-MILP,950010,6,0.7916949440655241,0.7916949440655241,0.0
energy_facility,CA-HMCD,HiGHS-MILP,950011,6,0.6474560669267343,0.6474560669267343,0.0
energy_facility,CA-HMCD,HiGHS-MILP,950012,17,0.658591386981903,0.658591386981903,0.0
energy_facility,CA-HMCD,HiGHS-MILP,950015,7,0.5769770181293282,0.5769770181293282,0.0
energy_facility,CA-HMCD,HiGHS-MILP,950016,14,0.6081461361551967,0.6081461361551967,0.0
energy_facility,CA-HMCD,HiGHS-MILP,950017,7,0.6884592815451168,0.6884592815451168,0.0
energy_facility,CA-HMCD,HiGHS-MILP,950018,13,0.7206181550286714,0.7206181550286714,0.0
energy_facility,CA-HMCD,HiGHS-MILP,950019,26,0.6642001258740551,0.6642001258740551,0.0
energy_facility,CA-HMCD,HiGHS-MILP,950020,3,0.7098920315939589,0.7098920315939589,0.0
energy_facility,CA-HMCD,HiGHS-MILP,950021,10,0.7147308399776557,0.7147308399776557,0.0
energy_facility,CA-HMCD,HiGHS-MILP,950022,4,0.6579678082357568,0.6579678082357568,0.0
energy_facility,CA-HMCD,HiGHS-MILP,950023,12,0.6640895722958825,0.6640895722958825,0.0
energy_facility,CA-HMCD,HiGHS-MILP,950024,2,0.5443144938955815,0.5443144938955815,0.0
energy_facility,CA-HMCD,HiGHS-MILP,950025,17,0.6450012105888158,0.6450012105888158,0.0
energy_facility,CA-HMCD,HiGHS-MILP,950026,12,0.6766507654989522,0.6766507654989522,0.0
energy_facility,CA-HMCD,HiGHS-MILP,950027,17,0.7339229984952453,0.7339229984952453,0.0
energy_facility,CA-HMCD,HiGHS-MILP,950028,7,0.7787612239462999,0.7787612239462999,0.0
energy_facility,CA-HMCD,HiGHS-MILP,950029,5,0.6556157412644689,0.6556157412644689,0.0
energy_facility,CA-HMCD,Genetic-Algorithm,950000,10,0.715250077124654,0.715250077124654,0.0
energy_facility,CA-HMCD,Genetic-Algorithm,950001,9,0.620364889620763,0.620364889620763,0.0
energy_facility,CA-HMCD,Genetic-Algorithm,950002,10,0.7084558121467076,0.7084558121467076,0.0
energy_facility,CA-HMCD,Genetic-Algorithm,950003,13,0.6842267026802415,0.6842267026802415,0.0
energy_facility,CA-HMCD,Genetic-Algorithm,950004,7,0.6867151873123277,0.6867151873123277,0.0
energy_facility,CA-HMCD,Genetic-Algorithm,950005,16,0.6427208495831185,0.6427208495831185,0.0
energy_facility,CA-HMCD,Genetic-Algorithm,950006,15,0.6115754667631762,0.6080259864766783,0.0035494802864979302
energy_facility,CA-HMCD,Genetic-Algorithm,950007,4,0.7595423272058559,0.7595423272058559,0.0
energy_facility,CA-HMCD,Genetic-Algorithm,950008,5,0.6277361123287205,0.6277361123287205,0.0
energy_facility,CA-HMCD,Genetic-Algorithm,950009,7,0.6851501598435173,0.6851501598435173,0.0
energy_facility,CA-HMCD,Genetic-Algorithm,950010,6,0.7916949440655241,0.7916949440655241,0.0
energy_facility,CA-HMCD,Genetic-Algorithm,950011,6,0.6474560669267343,0.6474560669267343,0.0
energy_facility,CA-HMCD,Genetic-Algorithm,950012,17,0.658591386981903,0.658591386981903,0.0
energy_facility,CA-HMCD,Genetic-Algorithm,950015,7,0.5769770181293282,0.5769770181293282,0.0
energy_facility,CA-HMCD,Genetic-Algorithm,950016,14,0.6081461361551967,0.6081461361551967,0.0
energy_facility,CA-HMCD,Genetic-Algorithm,950017,7,0.6884592815451168,0.6884592815451168,0.0
energy_facility,CA-HMCD,Genetic-Algorithm,950018,13,0.7206181550286714,0.7206181550286714,0.0
energy_facility,CA-HMCD,Genetic-Algorithm,950019,26,0.6642001258740551,0.6642001258740551,0.0
energy_facility,CA-HMCD,Genetic-Algorithm,950020,3,0.7098920315939589,0.7098920315939589,0.0
energy_facility,CA-HMCD,Genetic-Algorithm,950021,10,0.7147308399776557,0.7147308399776557,0.0
energy_facility,CA-HMCD,Genetic-Algorithm,950022,4,0.6579678082357568,0.6579678082357568,0.0
energy_facility,CA-HMCD,Genetic-Algorithm,950023,12,0.6640895722958825,0.6640895722958825,0.0
energy_facility,CA-HMCD,Genetic-Algorithm,950024,2,0.5443144938955815,0.5443144938955815,0.0
energy_facility,CA-HMCD,Genetic-Algorithm,950025,17,0.6450012105888158,0.6450012105888158,0.0
energy_facility,CA-HMCD,Genetic-Algorithm,950026,12,0.6766507654989522,0.6766507654989522,0.0
energy_facility,CA-HMCD,Genetic-Algorithm,950027,17,0.7339229984952453,0.7339229984952453,0.0
energy_facility,CA-HMCD,Genetic-Algorithm,950028,7,0.7787612239462999,0.7787612239462999,0.0
energy_facility,CA-HMCD,Genetic-Algorithm,950029,5,0.6556157412644689,0.6556157412644689,0.0
energy_facility,CA-HMCD,Greedy,950000,10,0.715250077124654,0.715250077124654,0.0
energy_facility,CA-HMCD,Greedy,950001,9,0.620364889620763,0.620364889620763,0.0
energy_facility,CA-HMCD,Greedy,950002,10,0.7084558121467076,0.7084558121467076,0.0
energy_facility,CA-HMCD,Greedy,950003,13,0.6842267026802415,0.6842267026802415,0.0
energy_facility,CA-HMCD,Greedy,950004,7,0.6867151873123277,0.6867151873123277,0.0
energy_facility,CA-HMCD,Greedy,950005,14,0.6568812638904221,0.6295367849851479,0.02734447890527425
energy_facility,CA-HMCD,Greedy,950006,15,0.6115754667631762,0.6080259864766783,0.0035494802864979302
energy_facility,CA-HMCD,Greedy,950007,4,0.7595423272058559,0.7595423272058559,0.0
energy_facility,CA-HMCD,Greedy,950008,5,0.6277361123287205,0.6277361123287205,0.0
energy_facility,CA-HMCD,Greedy,950009,7,0.6851501598435173,0.6851501598435173,0.0
energy_facility,CA-HMCD,Greedy,950010,6,0.7916949440655241,0.7916949440655241,0.0
energy_facility,CA-HMCD,Greedy,950011,6,0.6474560669267343,0.6474560669267343,0.0
energy_facility,CA-HMCD,Greedy,950012,17,0.658591386981903,0.658591386981903,0.0
energy_facility,CA-HMCD,Greedy,950015,7,0.5769770181293282,0.5769770181293282,0.0
energy_facility,CA-HMCD,Greedy,950016,14,0.6081461361551967,0.6081461361551967,0.0
energy_facility,CA-HMCD,Greedy,950017,7,0.6884592815451168,0.6884592815451168,0.0
energy_facility,CA-HMCD,Greedy,950018,13,0.7206181550286714,0.7206181550286714,0.0
energy_facility,CA-HMCD,Greedy,950019,26,0.6642001258740551,0.6642001258740551,0.0
energy_facility,CA-HMCD,Greedy,950020,3,0.7098920315939589,0.7098920315939589,0.0
energy_facility,CA-HMCD,Greedy,950021,10,0.7147308399776557,0.7147308399776557,0.0
energy_facility,CA-HMCD,Greedy,950022,4,0.6579678082357568,0.6579678082357568,0.0
energy_facility,CA-HMCD,Greedy,950023,12,0.6640895722958825,0.6640895722958825,0.0
energy_facility,CA-HMCD,Greedy,950024,2,0.5443144938955815,0.5443144938955815,0.0
energy_facility,CA-HMCD,Greedy,950025,17,0.6450012105888158,0.6450012105888158,0.0
energy_facility,CA-HMCD,Greedy,950026,12,0.6766507654989522,0.6766507654989522,0.0
energy_facility,CA-HMCD,Greedy,950027,16,0.7376397427356,0.7278555131688437,0.009784229566756286
energy_facility,CA-HMCD,Greedy,950028,7,0.7787612239462999,0.7787612239462999,0.0
energy_facility,CA-HMCD,Greedy,950029,5,0.6556157412644689,0.6556157412644689,0.0
energy_facility,CA-HMCD,External-Auction,950000,10,0.715250077124654,0.715250077124654,0.0
energy_facility,CA-HMCD,External-Auction,950001,9,0.620364889620763,0.6145831523218513,0.005781737298911627
energy_facility,CA-HMCD,External-Auction,950002,10,0.7084558121467076,0.7084558121467076,0.0
energy_facility,CA-HMCD,External-Auction,950003,13,0.6842267026802415,0.6606284259523654,0.023598276727876177
energy_facility,CA-HMCD,External-Auction,950004,7,0.6867151873123277,0.6867151873123277,0.0
energy_facility,CA-HMCD,External-Auction,950005,14,0.6568812638904221,0.6295367849851479,0.02734447890527425
energy_facility,CA-HMCD,External-Auction,950006,15,0.6115754667631762,0.6080259864766783,0.0035494802864979302
energy_facility,CA-HMCD,External-Auction,950007,4,0.7595423272058559,0.7595423272058559,0.0
energy_facility,CA-HMCD,External-Auction,950008,5,0.6277361123287205,0.6277361123287205,0.0
energy_facility,CA-HMCD,External-Auction,950009,7,0.6851501598435173,0.6837448634383626,0.0014052964051547434
energy_facility,CA-HMCD,External-Auction,950010,4,0.7888031096866099,0.7888031096866099,0.0
energy_facility,CA-HMCD,External-Auction,950011,6,0.6474560669267343,0.6474560669267343,0.0
energy_facility,CA-HMCD,External-Auction,950012,17,0.658591386981903,0.658591386981903,0.0
energy_facility,CA-HMCD,External-Auction,950015,7,0.5769770181293282,0.5769770181293282,0.0
energy_facility,CA-HMCD,External-Auction,950016,14,0.6081461361551967,0.6081461361551967,0.0
energy_facility,CA-HMCD,External-Auction,950017,7,0.6884592815451168,0.6884592815451168,0.0
energy_facility,CA-HMCD,External-Auction,950018,13,0.7206181550286714,0.7206181550286714,0.0
energy_facility,CA-HMCD,External-Auction,950019,26,0.6642001258740551,0.6642001258740551,0.0
energy_facility,CA-HMCD,External-Auction,950020,3,0.7098920315939589,0.7098920315939589,0.0
energy_facility,CA-HMCD,External-Auction,950021,10,0.7147308399776557,0.7147308399776557,0.0
energy_facility,CA-HMCD,External-Auction,950022,4,0.6579678082357568,0.6579678082357568,0.0
energy_facility,CA-HMCD,External-Auction,950023,12,0.6640895722958825,0.6640895722958825,0.0
energy_facility,CA-HMCD,External-Auction,950024,2,0.5443144938955815,0.5443144938955815,0.0
energy_facility,CA-HMCD,External-Auction,950025,17,0.6450012105888158,0.6450012105888158,0.0
energy_facility,CA-HMCD,External-Auction,950026,12,0.6766507654989522,0.6766507654989522,0.0
energy_facility,CA-HMCD,External-Auction,950027,16,0.7376397427356,0.7278555131688437,0.009784229566756286
energy_facility,CA-HMCD,External-Auction,950028,7,0.7787612239462999,0.7787612239462999,0.0
energy_facility,CA-HMCD,External-Auction,950029,5,0.6556157412644689,0.6556157412644689,0.0
public_event,CA-HMCD,HiGHS-MILP,950000,21,0.5994818977791726,0.5994818977791726,0.0
public_event,CA-HMCD,HiGHS-MILP,950001,22,0.5920756822153002,0.5920756822153002,0.0
public_event,CA-HMCD,HiGHS-MILP,950002,30,0.6177286749985936,0.6177286749985936,0.0
public_event,CA-HMCD,HiGHS-MILP,950003,19,0.6860602456144005,0.6860602456144005,0.0
public_event,CA-HMCD,HiGHS-MILP,950004,22,0.7202247316225319,0.7202247316225319,0.0
public_event,CA-HMCD,HiGHS-MILP,950005,25,0.6342943521324483,0.6342943521324483,0.0
public_event,CA-HMCD,HiGHS-MILP,950006,11,0.5423885215425037,0.5423885215425037,0.0
public_event,CA-HMCD,HiGHS-MILP,950007,25,0.6728465834178401,0.6728465834178401,0.0
public_event,CA-HMCD,HiGHS-MILP,950008,20,0.5359202123843867,0.5359202123843867,0.0
public_event,CA-HMCD,HiGHS-MILP,950009,4,0.5793925467880817,0.5793925467880817,0.0
public_event,CA-HMCD,HiGHS-MILP,950010,35,0.6984181381798842,0.6984181381798842,0.0
public_event,CA-HMCD,HiGHS-MILP,950011,14,0.6397054445046154,0.6397054445046154,0.0
public_event,CA-HMCD,HiGHS-MILP,950012,22,0.6050789686223061,0.6050789686223061,0.0
public_event,CA-HMCD,HiGHS-MILP,950013,14,0.6193280619209274,0.6193280619209274,0.0
public_event,CA-HMCD,HiGHS-MILP,950014,16,0.6451803927065302,0.6451803927065302,0.0
public_event,CA-HMCD,HiGHS-MILP,950015,13,0.6795784080241959,0.6782000833793081,0.0013783246448877406
public_event,CA-HMCD,HiGHS-MILP,950016,26,0.6232461687479163,0.6232461687479163,0.0
public_event,CA-HMCD,HiGHS-MILP,950017,15,0.5481233615885446,0.5481233615885446,0.0
public_event,CA-HMCD,HiGHS-MILP,950018,15,0.6018797062944595,0.6018797062944595,0.0
public_event,CA-HMCD,HiGHS-MILP,950019,30,0.7148174465131054,0.7148174465131054,0.0
public_event,CA-HMCD,HiGHS-MILP,950020,23,0.6569179916360904,0.6569179916360904,0.0
public_event,CA-HMCD,HiGHS-MILP,950021,27,0.5790119159565235,0.5790119159565235,0.0
public_event,CA-HMCD,HiGHS-MILP,950022,11,0.6319862902463472,0.6319862902463472,0.0
public_event,CA-HMCD,HiGHS-MILP,950023,14,0.6511770881740505,0.6511770881740505,0.0
public_event,CA-HMCD,HiGHS-MILP,950024,18,0.6526584264638794,0.6526584264638794,0.0
public_event,CA-HMCD,HiGHS-MILP,950025,34,0.6566991060432982,0.6566991060432982,0.0
public_event,CA-HMCD,HiGHS-MILP,950026,19,0.6179342933661348,0.6179342933661348,0.0
public_event,CA-HMCD,HiGHS-MILP,950027,30,0.580731598560345,0.580731598560345,0.0
public_event,CA-HMCD,HiGHS-MILP,950028,16,0.5862099703806936,0.5862099703806936,0.0
public_event,CA-HMCD,HiGHS-MILP,950029,7,0.6516213355272578,0.6516213355272578,0.0
public_event,CA-HMCD,Genetic-Algorithm,950000,21,0.5994818977791726,0.5994818977791726,0.0
public_event,CA-HMCD,Genetic-Algorithm,950001,22,0.5920756822153002,0.5920756822153002,0.0
public_event,CA-HMCD,Genetic-Algorithm,950002,30,0.6177286749985936,0.6177286749985936,0.0
public_event,CA-HMCD,Genetic-Algorithm,950003,19,0.6860602456144005,0.6860602456144005,0.0
public_event,CA-HMCD,Genetic-Algorithm,950004,21,0.7137249598841977,0.7141601497420238,-0.00043518985782609043
public_event,CA-HMCD,Genetic-Algorithm,950005,25,0.6342943521324483,0.6342943521324483,0.0
public_event,CA-HMCD,Genetic-Algorithm,950006,11,0.5423885215425037,0.5423885215425037,0.0
public_event,CA-HMCD,Genetic-Algorithm,950007,24,0.679164813942371,0.6815371718934026,-0.002372357951031523
public_event,CA-HMCD,Genetic-Algorithm,950008,20,0.5359202123843867,0.5359202123843867,0.0
public_event,CA-HMCD,Genetic-Algorithm,950009,4,0.5793925467880817,0.5793925467880817,0.0
public_event,CA-HMCD,Genetic-Algorithm,950010,35,0.6984181381798842,0.6984181381798842,0.0
public_event,CA-HMCD,Genetic-Algorithm,950011,14,0.6397054445046154,0.6397054445046154,0.0
public_event,CA-HMCD,Genetic-Algorithm,950012,22,0.6050789686223061,0.6050789686223061,0.0
public_event,CA-HMCD,Genetic-Algorithm,950013,14,0.6193280619209274,0.6193280619209274,0.0
public_event,CA-HMCD,Genetic-Algorithm,950014,16,0.6451803927065302,0.6451803927065302,0.0
public_event,CA-HMCD,Genetic-Algorithm,950015,13,0.6795784080241959,0.6782000833793081,0.0013783246448877406
public_event,CA-HMCD,Genetic-Algorithm,950016,25,0.6145163871286937,0.6134427803429457,0.0010736067857479714
public_event,CA-HMCD,Genetic-Algorithm,950017,15,0.5481233615885446,0.5481233615885446,0.0
public_event,CA-HMCD,Genetic-Algorithm,950018,15,0.6018797062944595,0.6018797062944595,0.0
public_event,CA-HMCD,Genetic-Algorithm,950019,29,0.718172749661225,0.718172749661225,0.0
public_event,CA-HMCD,Genetic-Algorithm,950020,23,0.6569179916360904,0.6569179916360904,0.0
public_event,CA-HMCD,Genetic-Algorithm,950021,27,0.5790119159565235,0.5790119159565235,0.0
public_event,CA-HMCD,Genetic-Algorithm,950022,11,0.6319862902463472,0.632390912379038,-0.0004046221326907684
public_event,CA-HMCD,Genetic-Algorithm,950023,14,0.6511770881740505,0.6511770881740505,0.0
public_event,CA-HMCD,Genetic-Algorithm,950024,18,0.6526584264638794,0.6526584264638794,0.0
public_event,CA-HMCD,Genetic-Algorithm,950025,34,0.6566991060432982,0.6566991060432982,0.0
public_event,CA-HMCD,Genetic-Algorithm,950026,19,0.6179342933661348,0.6179342933661348,0.0
public_event,CA-HMCD,Genetic-Algorithm,950027,30,0.580731598560345,0.5865373689047731,-0.005805770344428196
public_event,CA-HMCD,Genetic-Algorithm,950028,16,0.5862099703806936,0.5862099703806936,0.0
public_event,CA-HMCD,Genetic-Algorithm,950029,7,0.6516213355272578,0.6516213355272578,0.0
public_event,CA-HMCD,Greedy,950000,20,0.6017528868923475,0.6156130049451469,-0.013860118052799408
public_event,CA-HMCD,Greedy,950001,22,0.5920756822153002,0.5937551533763633,-0.0016794711610631508
public_event,CA-HMCD,Greedy,950002,29,0.6247205638482959,0.6284510015878808,-0.003730437739584924
public_event,CA-HMCD,Greedy,950003,16,0.6907387440423247,0.6848300772842515,0.005908666758073222
public_event,CA-HMCD,Greedy,950004,19,0.7160963050600823,0.7044563222596212,0.01163998280046108
public_event,CA-HMCD,Greedy,950005,22,0.6436151695710657,0.6479336244462868,-0.004318454875221089
public_event,CA-HMCD,Greedy,950006,11,0.5423885215425037,0.5389444696827467,0.003444051859757047
public_event,CA-HMCD,Greedy,950007,22,0.6920340265878578,0.6920340265878578,0.0
public_event,CA-HMCD,Greedy,950008,20,0.5359202123843867,0.5356971801800211,0.0002230322043655919
public_event,CA-HMCD,Greedy,950009,4,0.5793925467880817,0.5793925467880817,0.0
public_event,CA-HMCD,Greedy,950010,34,0.7002374530089515,0.6985289781389554,0.001708474869996035
public_event,CA-HMCD,Greedy,950011,14,0.6397054445046154,0.6397054445046154,0.0
public_event,CA-HMCD,Greedy,950012,22,0.6050789686223061,0.6050789686223061,0.0
public_event,CA-HMCD,Greedy,950013,14,0.6193280619209274,0.6193280619209274,0.0
public_event,CA-HMCD,Greedy,950014,15,0.6390945511269315,0.6325744542400317,0.006520096886899807
public_event,CA-HMCD,Greedy,950015,13,0.6795784080241959,0.6782000833793081,0.0013783246448877406
public_event,CA-HMCD,Greedy,950016,23,0.6252953249087737,0.6238592383407412,0.001436086568032513
public_event,CA-HMCD,Greedy,950017,15,0.5481233615885446,0.5481233615885446,0.0
public_event,CA-HMCD,Greedy,950018,15,0.6018797062944595,0.6018797062944595,0.0
public_event,CA-HMCD,Greedy,950019,29,0.718172749661225,0.718172749661225,0.0
public_event,CA-HMCD,Greedy,950020,23,0.6569179916360904,0.6569179916360904,0.0
public_event,CA-HMCD,Greedy,950021,26,0.5749568964743975,0.5776268739705673,-0.0026699774961698175
public_event,CA-HMCD,Greedy,950022,10,0.644039132261831,0.6386414103787019,0.005397721883129036
public_event,CA-HMCD,Greedy,950023,13,0.6548399900089533,0.6548399900089533,0.0
public_event,CA-HMCD,Greedy,950024,18,0.6526584264638794,0.6526584264638794,0.0
public_event,CA-HMCD,Greedy,950025,34,0.6566991060432982,0.6566991060432982,0.0
public_event,CA-HMCD,Greedy,950026,16,0.610850823857453,0.6111924700981214,-0.00034164624066834737
public_event,CA-HMCD,Greedy,950027,30,0.580731598560345,0.5865373689047731,-0.005805770344428196
public_event,CA-HMCD,Greedy,950028,16,0.5862099703806936,0.5862099703806936,0.0
public_event,CA-HMCD,Greedy,950029,7,0.6516213355272578,0.6516213355272578,0.0
public_event,CA-HMCD,External-Auction,950000,19,0.5876728694993607,0.6022624674496759,-0.014589597950315225
public_event,CA-HMCD,External-Auction,950001,22,0.5920756822153002,0.5934861233285355,-0.0014104411132352945
public_event,CA-HMCD,External-Auction,950002,29,0.6247205638482959,0.6284510015878808,-0.003730437739584924
public_event,CA-HMCD,External-Auction,950003,16,0.6907387440423247,0.6848300772842515,0.005908666758073222
public_event,CA-HMCD,External-Auction,950004,19,0.7160963050600823,0.7044563222596212,0.01163998280046108
public_event,CA-HMCD,External-Auction,950005,22,0.6436151695710657,0.6493937251851961,-0.005778555614130432
public_event,CA-HMCD,External-Auction,950006,11,0.5423885215425037,0.5389444696827467,0.003444051859757047
public_event,CA-HMCD,External-Auction,950007,20,0.6982026317897952,0.7018580338610503,-0.0036554020712550317
public_event,CA-HMCD,External-Auction,950008,20,0.5359202123843867,0.5356971801800211,0.0002230322043655919
public_event,CA-HMCD,External-Auction,950009,4,0.5793925467880817,0.5793925467880817,0.0
public_event,CA-HMCD,External-Auction,950010,27,0.7073762391432625,0.7073437823911852,3.2456752077303364e-05
public_event,CA-HMCD,External-Auction,950011,14,0.6397054445046154,0.6397054445046154,0.0
public_event,CA-HMCD,External-Auction,950012,22,0.6050789686223061,0.6050789686223061,0.0
public_event,CA-HMCD,External-Auction,950013,14,0.6193280619209274,0.6193280619209274,0.0
public_event,CA-HMCD,External-Auction,950014,15,0.6390945511269315,0.6325744542400317,0.006520096886899807
public_event,CA-HMCD,External-Auction,950015,13,0.6795784080241959,0.6782000833793081,0.0013783246448877406
public_event,CA-HMCD,External-Auction,950016,23,0.6149548044338401,0.6139721900505948,0.0009826143832453171
public_event,CA-HMCD,External-Auction,950017,15,0.5481233615885446,0.5481233615885446,0.0
public_event,CA-HMCD,External-Auction,950018,15,0.6018797062944595,0.6018797062944595,0.0
public_event,CA-HMCD,External-Auction,950019,30,0.7148174465131054,0.7148174465131054,0.0
public_event,CA-HMCD,External-Auction,950020,23,0.6569179916360904,0.6614043392560661,-0.0044863476199756835
public_event,CA-HMCD,External-Auction,950021,26,0.5749568964743975,0.5776268739705673,-0.0026699774961698175
public_event,CA-HMCD,External-Auction,950022,10,0.644039132261831,0.6386414103787019,0.005397721883129036
public_event,CA-HMCD,External-Auction,950023,13,0.6574990251637604,0.6548056174645093,0.0026934076992510825
public_event,CA-HMCD,External-Auction,950024,18,0.6526584264638794,0.6526584264638794,0.0
public_event,CA-HMCD,External-Auction,950025,34,0.6566991060432982,0.6566991060432982,0.0
public_event,CA-HMCD,External-Auction,950026,16,0.610850823857453,0.6111924700981214,-0.00034164624066834737
public_event,CA-HMCD,External-Auction,950027,30,0.580731598560345,0.5865373689047731,-0.005805770344428196
public_event,CA-HMCD,External-Auction,950028,16,0.5862099703806936,0.5844222376777467,0.0017877327029468537
public_event,CA-HMCD,External-Auction,950029,7,0.6516213355272578,0.6516213355272578,0.0
urban_corridor,CA-HMCD,HiGHS-MILP,950000,30,0.5232375444849142,0.5232375444849142,0.0
urban_corridor,CA-HMCD,HiGHS-MILP,950001,18,0.5058596447316349,0.5058596447316349,0.0
urban_corridor,CA-HMCD,HiGHS-MILP,950002,28,0.5446681072240652,0.54862162084554,-0.00395351362147478
urban_corridor,CA-HMCD,HiGHS-MILP,950003,22,0.5452310057129943,0.5456523322925128,-0.0004213265795184329
urban_corridor,CA-HMCD,HiGHS-MILP,950004,30,0.5365632877193267,0.5467889035470562,-0.010225615827729517
urban_corridor,CA-HMCD,HiGHS-MILP,950005,24,0.5531522203448896,0.5531522203448896,0.0
urban_corridor,CA-HMCD,HiGHS-MILP,950006,27,0.4673199837626207,0.4673199837626207,0.0
urban_corridor,CA-HMCD,HiGHS-MILP,950007,19,0.5366289211971116,0.5366289211971116,0.0
urban_corridor,CA-HMCD,HiGHS-MILP,950008,14,0.5633490260930476,0.5633490260930476,0.0
urban_corridor,CA-HMCD,HiGHS-MILP,950009,14,0.5534734192114776,0.5534734192114776,0.0
urban_corridor,CA-HMCD,HiGHS-MILP,950010,25,0.5156298212969214,0.5156298212969214,0.0
urban_corridor,CA-HMCD,HiGHS-MILP,950011,7,0.529437594787518,0.529437594787518,0.0
urban_corridor,CA-HMCD,HiGHS-MILP,950012,14,0.5718136958589944,0.5718136958589944,0.0
urban_corridor,CA-HMCD,HiGHS-MILP,950013,12,0.47228428494793673,0.47228428494793673,0.0
urban_corridor,CA-HMCD,HiGHS-MILP,950014,16,0.5501967902250222,0.5501967902250222,0.0
urban_corridor,CA-HMCD,HiGHS-MILP,950015,28,0.5314509036193217,0.5314509036193217,0.0
urban_corridor,CA-HMCD,HiGHS-MILP,950016,29,0.47010603283450014,0.47880064039482595,-0.008694607560325807
urban_corridor,CA-HMCD,HiGHS-MILP,950017,12,0.5036250909915392,0.5036250909915392,0.0
urban_corridor,CA-HMCD,HiGHS-MILP,950018,21,0.5418665074072531,0.5529780725005651,-0.011111565093312015
urban_corridor,CA-HMCD,HiGHS-MILP,950019,44,0.5549887862841884,0.5549887862841884,0.0
urban_corridor,CA-HMCD,HiGHS-MILP,950020,19,0.5771717631197383,0.5771717631197383,0.0
urban_corridor,CA-HMCD,HiGHS-MILP,950021,16,0.5941276731383145,0.5941276731383145,0.0
urban_corridor,CA-HMCD,HiGHS-MILP,950022,15,0.5757254322054596,0.5757254322054596,0.0
urban_corridor,CA-HMCD,HiGHS-MILP,950023,29,0.535469445174272,0.535469445174272,0.0
urban_corridor,CA-HMCD,HiGHS-MILP,950024,9,0.5330974866894502,0.5330974866894502,0.0
urban_corridor,CA-HMCD,HiGHS-MILP,950025,32,0.5454045851419554,0.5454045851419554,0.0
urban_corridor,CA-HMCD,HiGHS-MILP,950026,31,0.5526874495444516,0.5653773838385782,-0.01268993429412657
urban_corridor,CA-HMCD,HiGHS-MILP,950027,31,0.4905758112651874,0.4905758112651874,0.0
urban_corridor,CA-HMCD,HiGHS-MILP,950028,38,0.5818188575482512,0.5818188575482512,0.0
urban_corridor,CA-HMCD,HiGHS-MILP,950029,33,0.5270796959513877,0.5270796959513877,0.0
urban_corridor,CA-HMCD,Genetic-Algorithm,950000,28,0.5201678617309698,0.5179974001418811,0.0021704615890887347
urban_corridor,CA-HMCD,Genetic-Algorithm,950001,18,0.5058596447316349,0.5023672247844821,0.0034924199471527695
urban_corridor,CA-HMCD,Genetic-Algorithm,950002,26,0.5423635502283258,0.5459802706223209,-0.0036167203939950765
urban_corridor,CA-HMCD,Genetic-Algorithm,950003,21,0.5403596192360319,0.541658497046557,-0.0012988778105250676
urban_corridor,CA-HMCD,Genetic-Algorithm,950004,27,0.5445407776122387,0.5522623476602138,-0.007721570047975024
urban_corridor,CA-HMCD,Genetic-Algorithm,950005,24,0.5531522203448896,0.5531522203448896,0.0
urban_corridor,CA-HMCD,Genetic-Algorithm,950006,25,0.46278047375513326,0.4858548229152982,-0.02307434916016493
urban_corridor,CA-HMCD,Genetic-Algorithm,950007,19,0.5366289211971116,0.5366289211971116,0.0
urban_corridor,CA-HMCD,Genetic-Algorithm,950008,14,0.5633490260930476,0.5633490260930476,0.0
urban_corridor,CA-HMCD,Genetic-Algorithm,950009,14,0.5534734192114776,0.5534734192114776,0.0
urban_corridor,CA-HMCD,Genetic-Algorithm,950010,25,0.5156298212969214,0.5156298212969214,0.0
urban_corridor,CA-HMCD,Genetic-Algorithm,950011,7,0.529437594787518,0.529437594787518,0.0
urban_corridor,CA-HMCD,Genetic-Algorithm,950012,14,0.5718136958589944,0.5718136958589944,0.0
urban_corridor,CA-HMCD,Genetic-Algorithm,950013,12,0.47228428494793673,0.47228428494793673,0.0
urban_corridor,CA-HMCD,Genetic-Algorithm,950014,16,0.5501967902250222,0.5501967902250222,0.0
urban_corridor,CA-HMCD,Genetic-Algorithm,950015,28,0.5314509036193217,0.5315929282654301,-0.00014202464610846288
urban_corridor,CA-HMCD,Genetic-Algorithm,950016,28,0.47052367127301237,0.47914703194292674,-0.00862336066991437
urban_corridor,CA-HMCD,Genetic-Algorithm,950017,12,0.5036250909915392,0.5036250909915392,0.0
urban_corridor,CA-HMCD,Genetic-Algorithm,950018,21,0.5418665074072531,0.5529780725005651,-0.011111565093312015
urban_corridor,CA-HMCD,Genetic-Algorithm,950019,39,0.5645195019021487,0.5526358384081741,0.011883663493974628
urban_corridor,CA-HMCD,Genetic-Algorithm,950020,19,0.5771717631197383,0.5771717631197383,0.0
urban_corridor,CA-HMCD,Genetic-Algorithm,950021,16,0.5941276731383145,0.5941276731383145,0.0
urban_corridor,CA-HMCD,Genetic-Algorithm,950022,15,0.5757254322054596,0.5757254322054596,0.0
urban_corridor,CA-HMCD,Genetic-Algorithm,950023,29,0.535469445174272,0.535469445174272,0.0
urban_corridor,CA-HMCD,Genetic-Algorithm,950024,9,0.5330974866894502,0.5330974866894502,0.0
urban_corridor,CA-HMCD,Genetic-Algorithm,950025,31,0.5465096895968248,0.5448352243392686,0.0016744652575562124
urban_corridor,CA-HMCD,Genetic-Algorithm,950026,30,0.5542707607780973,0.5673836928820282,-0.01311293210393083
urban_corridor,CA-HMCD,Genetic-Algorithm,950027,31,0.4905758112651874,0.4905758112651874,0.0
urban_corridor,CA-HMCD,Genetic-Algorithm,950028,38,0.5818188575482512,0.5818188575482512,0.0
urban_corridor,CA-HMCD,Genetic-Algorithm,950029,32,0.5246084902977582,0.5271468641149182,-0.0025383738171599335
urban_corridor,CA-HMCD,Greedy,950000,20,0.5263351455394127,0.5142471557113595,0.012087989828053258
urban_corridor,CA-HMCD,Greedy,950001,18,0.5058596447316349,0.5023672247844821,0.0034924199471527695
urban_corridor,CA-HMCD,Greedy,950002,21,0.5464748248633821,0.5455363410445786,0.0009384838188034594
urban_corridor,CA-HMCD,Greedy,950003,19,0.533502151737424,0.5310283103303522,0.002473841407071742
urban_corridor,CA-HMCD,Greedy,950004,26,0.5429306159918945,0.554889887306176,-0.011959271314281539
urban_corridor,CA-HMCD,Greedy,950005,21,0.5513221152036175,0.5513221152036175,0.0
urban_corridor,CA-HMCD,Greedy,950006,27,0.4673199837626207,0.4732525864519474,-0.005932602689326716
urban_corridor,CA-HMCD,Greedy,950007,18,0.5344740418590115,0.5350480292330881,-0.0005739873740766566
urban_corridor,CA-HMCD,Greedy,950008,14,0.5633490260930476,0.570227118800216,-0.006878092707168437
urban_corridor,CA-HMCD,Greedy,950009,14,0.5534734192114776,0.552254947324243,0.0012184718872346734
urban_corridor,CA-HMCD,Greedy,950010,24,0.5152440402487847,0.5171268796928135,-0.0018828394440287832
urban_corridor,CA-HMCD,Greedy,950011,7,0.529437594787518,0.529437594787518,0.0
urban_corridor,CA-HMCD,Greedy,950012,14,0.5718136958589944,0.5718136958589944,0.0
urban_corridor,CA-HMCD,Greedy,950013,11,0.4741008431942369,0.4752637876157855,-0.0011629444215486284
urban_corridor,CA-HMCD,Greedy,950014,13,0.5436996955034752,0.5436996955034752,0.0
urban_corridor,CA-HMCD,Greedy,950015,25,0.5384434113760781,0.5374105009079446,0.0010329104681334744
urban_corridor,CA-HMCD,Greedy,950016,25,0.4660254808213765,0.4737532664133328,-0.007727785591956304
urban_corridor,CA-HMCD,Greedy,950017,12,0.5036250909915392,0.4991775174661938,0.004447573525345361
urban_corridor,CA-HMCD,Greedy,950018,16,0.5496165273880829,0.5445332748628476,0.005083252525235227
urban_corridor,CA-HMCD,Greedy,950019,30,0.5722041368821135,0.5515838980046404,0.020620238877473107
urban_corridor,CA-HMCD,Greedy,950020,17,0.5927625175876174,0.5928486856578845,-8.616807026706752e-05
urban_corridor,CA-HMCD,Greedy,950021,16,0.5941276731383145,0.5983986023477788,-0.004270929209464258
urban_corridor,CA-HMCD,Greedy,950022,15,0.5757254322054596,0.5757254322054596,0.0
urban_corridor,CA-HMCD,Greedy,950023,27,0.5355395050459888,0.5307414331354406,0.004798071910548152
urban_corridor,CA-HMCD,Greedy,950024,9,0.5330974866894502,0.5330974866894502,0.0
urban_corridor,CA-HMCD,Greedy,950025,28,0.5475453655016496,0.5483526216729127,-0.0008072561712630932
urban_corridor,CA-HMCD,Greedy,950026,24,0.553555913675983,0.5541666149858603,-0.0006107013098772818
urban_corridor,CA-HMCD,Greedy,950027,25,0.4765269120229405,0.4706919088075204,0.0058350032154201315
urban_corridor,CA-HMCD,Greedy,950028,26,0.5782321277487588,0.5720506906673986,0.006181437081360208
urban_corridor,CA-HMCD,Greedy,950029,29,0.5205915135689032,0.5227655967588004,-0.0021740831898972024
urban_corridor,CA-HMCD,External-Auction,950000,26,0.5210188130927654,0.5227299672933691,-0.0017111542006036373
urban_corridor,CA-HMCD,External-Auction,950001,18,0.5058596447316349,0.5023672247844821,0.0034924199471527695
urban_corridor,CA-HMCD,External-Auction,950002,21,0.5464748248633821,0.5455363410445786,0.0009384838188034594
urban_corridor,CA-HMCD,External-Auction,950003,19,0.533502151737424,0.5310283103303522,0.002473841407071742
urban_corridor,CA-HMCD,External-Auction,950004,21,0.5445158016342306,0.5292792047602102,0.015236596874020458
urban_corridor,CA-HMCD,External-Auction,950005,21,0.5513221152036175,0.5513221152036175,0.0
urban_corridor,CA-HMCD,External-Auction,950006,24,0.4597707113815552,0.4605070063031969,-0.0007362949216417336
urban_corridor,CA-HMCD,External-Auction,950007,18,0.5344740418590115,0.5347207159651555,-0.00024667410614398477
urban_corridor,CA-HMCD,External-Auction,950008,14,0.5633490260930476,0.570227118800216,-0.006878092707168437
urban_corridor,CA-HMCD,External-Auction,950009,13,0.5496571604119597,0.5496571604119597,0.0
urban_corridor,CA-HMCD,External-Auction,950010,24,0.5152440402487847,0.5085618904465169,0.006682149802267778
urban_corridor,CA-HMCD,External-Auction,950011,7,0.529437594787518,0.529437594787518,0.0
urban_corridor,CA-HMCD,External-Auction,950012,13,0.5684528935304448,0.5638814128235405,0.004571480706904274
urban_corridor,CA-HMCD,External-Auction,950013,11,0.4741008431942369,0.4752637876157855,-0.0011629444215486284
urban_corridor,CA-HMCD,External-Auction,950014,13,0.5436996955034752,0.5436996955034752,0.0
urban_corridor,CA-HMCD,External-Auction,950015,26,0.5342185205547053,0.5316259571567656,0.0025925633979396734
urban_corridor,CA-HMCD,External-Auction,950016,22,0.4691424601982206,0.46519830032134823,0.003944159876872355
urban_corridor,CA-HMCD,External-Auction,950017,12,0.5036250909915392,0.5002647647693804,0.0033603262221587604
urban_corridor,CA-HMCD,External-Auction,950018,16,0.5496165273880829,0.5445332748628476,0.005083252525235227
urban_corridor,CA-HMCD,External-Auction,950019,30,0.5722041368821135,0.5514431461237836,0.020760990758329823
urban_corridor,CA-HMCD,External-Auction,950020,17,0.5927625175876174,0.5928486856578845,-8.616807026706752e-05
urban_corridor,CA-HMCD,External-Auction,950021,16,0.5941276731383145,0.5983986023477788,-0.004270929209464258
urban_corridor,CA-HMCD,External-Auction,950022,13,0.5913860196638908,0.6033629954601123,-0.011976975796221478
urban_corridor,CA-HMCD,External-Auction,950023,27,0.5355395050459888,0.5280133036401261,0.007526201405862687
urban_corridor,CA-HMCD,External-Auction,950024,9,0.5330974866894502,0.5334316693578228,-0.0003341826683725957
urban_corridor,CA-HMCD,External-Auction,950025,28,0.5475453655016496,0.5471085737759193,0.0004367917257303011
urban_corridor,CA-HMCD,External-Auction,950026,24,0.553555913675983,0.5541666149858603,-0.0006107013098772818
urban_corridor,CA-HMCD,External-Auction,950027,25,0.4765269120229405,0.4706919088075204,0.0058350032154201315
urban_corridor,CA-HMCD,External-Auction,950028,26,0.5782321277487588,0.5720506906673986,0.006181437081360208
urban_corridor,CA-HMCD,External-Auction,950029,27,0.5321620646110772,0.5334910194761129,-0.001328954865035703
industrial_zone,CA-HMCD,HiGHS-MILP,950000,9,0.5922242193551024,0.5922242193551024,0.0
industrial_zone,CA-HMCD,HiGHS-MILP,950001,15,0.6125637546595344,0.6125637546595344,0.0
industrial_zone,CA-HMCD,HiGHS-MILP,950002,21,0.7444030702580422,0.7444030702580422,0.0
industrial_zone,CA-HMCD,HiGHS-MILP,950003,18,0.6977346292986428,0.6977346292986428,0.0
industrial_zone,CA-HMCD,HiGHS-MILP,950004,20,0.7073197751032779,0.7073197751032779,0.0
industrial_zone,CA-HMCD,HiGHS-MILP,950005,37,0.7316558131713796,0.7316558131713796,0.0
industrial_zone,CA-HMCD,HiGHS-MILP,950006,25,0.6419983800563233,0.6419983800563233,0.0
industrial_zone,CA-HMCD,HiGHS-MILP,950007,2,0.6610776702039325,0.6610776702039325,0.0
industrial_zone,CA-HMCD,HiGHS-MILP,950008,27,0.7417908730989834,0.7417908730989834,0.0
industrial_zone,CA-HMCD,HiGHS-MILP,950010,31,0.75881460120504,0.75881460120504,0.0
industrial_zone,CA-HMCD,HiGHS-MILP,950011,8,0.6465214599417113,0.6465214599417113,0.0
industrial_zone,CA-HMCD,HiGHS-MILP,950012,13,0.5945340353334617,0.5945340353334617,0.0
industrial_zone,CA-HMCD,HiGHS-MILP,950013,7,0.5677191858964886,0.5677191858964886,0.0
industrial_zone,CA-HMCD,HiGHS-MILP,950014,12,0.6815070530952538,0.6815070530952538,0.0
industrial_zone,CA-HMCD,HiGHS-MILP,950015,20,0.6773893017196093,0.6773893017196093,0.0
industrial_zone,CA-HMCD,HiGHS-MILP,950016,38,0.6260792177040418,0.6260792177040418,0.0
industrial_zone,CA-HMCD,HiGHS-MILP,950017,8,0.6103715791992895,0.6103715791992895,0.0
industrial_zone,CA-HMCD,HiGHS-MILP,950018,18,0.7307827925291382,0.7307827925291382,0.0
industrial_zone,CA-HMCD,HiGHS-MILP,950019,35,0.7102347392882754,0.7102347392882754,0.0
industrial_zone,CA-HMCD,HiGHS-MILP,950020,19,0.703058284404898,0.703058284404898,0.0
industrial_zone,CA-HMCD,HiGHS-MILP,950021,3,0.7956580510673003,0.7956580510673003,0.0
industrial_zone,CA-HMCD,HiGHS-MILP,950022,7,0.6308752336975599,0.6308752336975599,0.0
industrial_zone,CA-HMCD,HiGHS-MILP,950023,23,0.7106450905912081,0.7106450905912081,0.0
industrial_zone,CA-HMCD,HiGHS-MILP,950024,15,0.6556349113723499,0.6556349113723499,0.0
industrial_zone,CA-HMCD,HiGHS-MILP,950025,36,0.6892052240342943,0.6892052240342943,0.0
industrial_zone,CA-HMCD,HiGHS-MILP,950026,9,0.5762935104224628,0.5762935104224628,0.0
industrial_zone,CA-HMCD,HiGHS-MILP,950027,24,0.7328038696085312,0.7328038696085312,0.0
industrial_zone,CA-HMCD,HiGHS-MILP,950028,21,0.6516287956723351,0.6516287956723351,0.0
industrial_zone,CA-HMCD,HiGHS-MILP,950029,8,0.6699121286735951,0.6699121286735951,0.0
industrial_zone,CA-HMCD,Genetic-Algorithm,950000,9,0.5922242193551024,0.5922242193551024,0.0
industrial_zone,CA-HMCD,Genetic-Algorithm,950001,15,0.6125637546595344,0.6125637546595344,0.0
industrial_zone,CA-HMCD,Genetic-Algorithm,950002,21,0.7444030702580422,0.7444030702580422,0.0
industrial_zone,CA-HMCD,Genetic-Algorithm,950003,18,0.6977346292986428,0.6977346292986428,0.0
industrial_zone,CA-HMCD,Genetic-Algorithm,950004,20,0.7073197751032779,0.7073197751032779,0.0
industrial_zone,CA-HMCD,Genetic-Algorithm,950005,37,0.7316558131713796,0.7316558131713796,0.0
industrial_zone,CA-HMCD,Genetic-Algorithm,950006,25,0.6419983800563233,0.6419983800563233,0.0
industrial_zone,CA-HMCD,Genetic-Algorithm,950007,2,0.6610776702039325,0.6610776702039325,0.0
industrial_zone,CA-HMCD,Genetic-Algorithm,950008,27,0.7388131992289778,0.7356040982851755,0.0032091009438023343
industrial_zone,CA-HMCD,Genetic-Algorithm,950010,31,0.75881460120504,0.75881460120504,0.0
industrial_zone,CA-HMCD,Genetic-Algorithm,950011,8,0.6465214599417113,0.6465214599417113,0.0
industrial_zone,CA-HMCD,Genetic-Algorithm,950012,12,0.5830032852907422,0.5830032852907422,0.0
industrial_zone,CA-HMCD,Genetic-Algorithm,950013,7,0.5677191858964886,0.5677191858964886,0.0
industrial_zone,CA-HMCD,Genetic-Algorithm,950014,12,0.6815070530952538,0.6815070530952538,0.0
industrial_zone,CA-HMCD,Genetic-Algorithm,950015,20,0.6773893017196093,0.6773893017196093,0.0
industrial_zone,CA-HMCD,Genetic-Algorithm,950016,38,0.6260792177040418,0.6260792177040418,0.0
industrial_zone,CA-HMCD,Genetic-Algorithm,950017,8,0.6103715791992895,0.6103715791992895,0.0
industrial_zone,CA-HMCD,Genetic-Algorithm,950018,18,0.7307827925291382,0.7307827925291382,0.0
industrial_zone,CA-HMCD,Genetic-Algorithm,950019,35,0.7102347392882754,0.7102347392882754,0.0
industrial_zone,CA-HMCD,Genetic-Algorithm,950020,19,0.703058284404898,0.703058284404898,0.0
industrial_zone,CA-HMCD,Genetic-Algorithm,950021,3,0.7956580510673003,0.7956580510673003,0.0
industrial_zone,CA-HMCD,Genetic-Algorithm,950022,7,0.6308752336975599,0.6308752336975599,0.0
industrial_zone,CA-HMCD,Genetic-Algorithm,950023,23,0.7106450905912081,0.7106450905912081,0.0
industrial_zone,CA-HMCD,Genetic-Algorithm,950024,15,0.6556349113723499,0.6556349113723499,0.0
industrial_zone,CA-HMCD,Genetic-Algorithm,950025,36,0.6892052240342943,0.6892052240342943,0.0
industrial_zone,CA-HMCD,Genetic-Algorithm,950026,9,0.5762935104224628,0.5762935104224628,0.0
industrial_zone,CA-HMCD,Genetic-Algorithm,950027,24,0.7328038696085312,0.7328038696085312,0.0
industrial_zone,CA-HMCD,Genetic-Algorithm,950028,21,0.6516287956723351,0.6516287956723351,0.0
industrial_zone,CA-HMCD,Genetic-Algorithm,950029,8,0.6699121286735951,0.6699121286735951,0.0
industrial_zone,CA-HMCD,Greedy,950000,9,0.5922242193551024,0.5922242193551024,0.0
industrial_zone,CA-HMCD,Greedy,950001,15,0.6125637546595344,0.6125637546595344,0.0
industrial_zone,CA-HMCD,Greedy,950002,21,0.7444030702580422,0.7444030702580422,0.0
industrial_zone,CA-HMCD,Greedy,950003,18,0.6977346292986428,0.6977346292986428,0.0
industrial_zone,CA-HMCD,Greedy,950004,20,0.7073197751032779,0.7073197751032779,0.0
industrial_zone,CA-HMCD,Greedy,950005,37,0.7316558131713796,0.7308769748937288,0.0007788382776507952
industrial_zone,CA-HMCD,Greedy,950006,25,0.6419983800563233,0.6419983800563233,0.0
industrial_zone,CA-HMCD,Greedy,950007,2,0.6610776702039325,0.6610776702039325,0.0
industrial_zone,CA-HMCD,Greedy,950008,24,0.7434611510376185,0.7363823076173491,0.007078843420269321
industrial_zone,CA-HMCD,Greedy,950010,26,0.7450491019570685,0.7439336392452696,0.0011154627117989646
industrial_zone,CA-HMCD,Greedy,950011,8,0.6465214599417113,0.6465214599417113,0.0
industrial_zone,CA-HMCD,Greedy,950012,12,0.5830032852907422,0.5830032852907422,0.0
industrial_zone,CA-HMCD,Greedy,950013,7,0.5677191858964886,0.5677191858964886,0.0
industrial_zone,CA-HMCD,Greedy,950014,12,0.6815070530952538,0.6815070530952538,0.0
industrial_zone,CA-HMCD,Greedy,950015,20,0.6773893017196093,0.6773893017196093,0.0
industrial_zone,CA-HMCD,Greedy,950016,37,0.6301127280916163,0.6324438448963132,-0.0023311168046968866
industrial_zone,CA-HMCD,Greedy,950017,8,0.6103715791992895,0.6103715791992895,0.0
industrial_zone,CA-HMCD,Greedy,950018,18,0.7307827925291382,0.7307827925291382,0.0
industrial_zone,CA-HMCD,Greedy,950019,34,0.7109880264063797,0.7109880264063797,0.0
industrial_zone,CA-HMCD,Greedy,950020,19,0.703058284404898,0.703058284404898,0.0
industrial_zone,CA-HMCD,Greedy,950021,3,0.7956580510673003,0.7956580510673003,0.0
industrial_zone,CA-HMCD,Greedy,950022,7,0.6308752336975599,0.6308752336975599,0.0
industrial_zone,CA-HMCD,Greedy,950023,23,0.7106450905912081,0.7106450905912081,0.0
industrial_zone,CA-HMCD,Greedy,950024,15,0.6556349113723499,0.6556349113723499,0.0
industrial_zone,CA-HMCD,Greedy,950025,33,0.6883541967511991,0.6817319083087697,0.006622288442429403
industrial_zone,CA-HMCD,Greedy,950026,9,0.5762935104224628,0.5762935104224628,0.0
industrial_zone,CA-HMCD,Greedy,950027,24,0.7328038696085312,0.7328038696085312,0.0
industrial_zone,CA-HMCD,Greedy,950028,21,0.6516287956723351,0.6516287956723351,0.0
industrial_zone,CA-HMCD,Greedy,950029,8,0.6699121286735951,0.6699121286735951,0.0
industrial_zone,CA-HMCD,External-Auction,950000,9,0.5922242193551024,0.5922242193551024,0.0
industrial_zone,CA-HMCD,External-Auction,950001,15,0.6125637546595344,0.6125637546595344,0.0
industrial_zone,CA-HMCD,External-Auction,950002,21,0.7444030702580422,0.7444030702580422,0.0
industrial_zone,CA-HMCD,External-Auction,950003,18,0.6977346292986428,0.6977346292986428,0.0
industrial_zone,CA-HMCD,External-Auction,950004,20,0.7073197751032779,0.7073197751032779,0.0
industrial_zone,CA-HMCD,External-Auction,950005,37,0.7316558131713796,0.7308769748937288,0.0007788382776507952
industrial_zone,CA-HMCD,External-Auction,950006,25,0.6419983800563233,0.6419983800563233,0.0
industrial_zone,CA-HMCD,External-Auction,950007,2,0.6610776702039325,0.6610776702039325,0.0
industrial_zone,CA-HMCD,External-Auction,950008,23,0.7435720319889548,0.7361854127678044,0.00738661922115047
industrial_zone,CA-HMCD,External-Auction,950010,26,0.7450491019570685,0.7439336392452696,0.0011154627117989646
industrial_zone,CA-HMCD,External-Auction,950011,8,0.6465214599417113,0.6465214599417113,0.0
industrial_zone,CA-HMCD,External-Auction,950012,12,0.5830032852907422,0.5830032852907422,0.0
industrial_zone,CA-HMCD,External-Auction,950013,7,0.5677191858964886,0.5677191858964886,0.0
industrial_zone,CA-HMCD,External-Auction,950014,12,0.6815070530952538,0.6815070530952538,0.0
industrial_zone,CA-HMCD,External-Auction,950015,20,0.6773893017196093,0.6773893017196093,0.0
industrial_zone,CA-HMCD,External-Auction,950016,37,0.6301127280916163,0.6324438448963132,-0.0023311168046968866
industrial_zone,CA-HMCD,External-Auction,950017,8,0.6103715791992895,0.6103715791992895,0.0
industrial_zone,CA-HMCD,External-Auction,950018,18,0.7307827925291382,0.7307827925291382,0.0
industrial_zone,CA-HMCD,External-Auction,950019,34,0.7109880264063797,0.7109880264063797,0.0
industrial_zone,CA-HMCD,External-Auction,950020,19,0.703058284404898,0.703058284404898,0.0
industrial_zone,CA-HMCD,External-Auction,950021,3,0.7956580510673003,0.7956580510673003,0.0
industrial_zone,CA-HMCD,External-Auction,950022,7,0.6308752336975599,0.6308752336975599,0.0
industrial_zone,CA-HMCD,External-Auction,950023,23,0.7106450905912081,0.7106450905912081,0.0
industrial_zone,CA-HMCD,External-Auction,950024,15,0.6556349113723499,0.6556349113723499,0.0
industrial_zone,CA-HMCD,External-Auction,950025,33,0.6883541967511991,0.6839664714484323,0.004387725302766876
industrial_zone,CA-HMCD,External-Auction,950026,9,0.5762935104224628,0.5762935104224628,0.0
industrial_zone,CA-HMCD,External-Auction,950027,24,0.7328038696085312,0.7328038696085312,0.0
industrial_zone,CA-HMCD,External-Auction,950028,21,0.6516287956723351,0.6516287956723351,0.0
industrial_zone,CA-HMCD,External-Auction,950029,8,0.6699121286735951,0.6699121286735951,0.0
