family_id,section,comparison,metric,method_a,method_b,favorable_direction_for_method_a,dataset,task_load,stratum_id,stratum_label,independent_unit,n_independent_cluster_pairs,nested_seeds_per_cluster,method_a_mean,method_b_mean,mean_difference_a_minus_b,mean_difference_ci95_low,mean_difference_ci95_high,ci_estimand,ci_method,wilcoxon_w,p_value_test,p_unadjusted,p_holm_adjusted,cohen_dz,rank_biserial,win_rate_favorable_to_method_a,cluster_ids,holm_family_size,significant_after_holm_0_05,common_task_periods_total,clusters_with_missing_common_task_seeds,_order,favorable_direction
primary_performance.external_objective.anti_uav410.load_2,primary performance,CA-HMCD vs No-Synergy,external_objective,CA-HMCD,No-Synergy,higher,anti_uav410,2,anti_uav410.load_2,Anti-UAV410 load 2,public trajectory or preregistered composed workload,10,30,0.0528106711,0.0523227497,0.0004879214,0.0,0.0014594112,mean paired difference across independent clusters,"BCa paired cluster bootstrap, 10000 resamples",2.0,two-sided paired Wilcoxon signed-rank test,0.375,0.75,0.4473485633,0.6,0.6,AU-L02-W01;AU-L02-W02;AU-L02-W03;AU-L02-W04;AU-L02-W05;AU-L02-W06;AU-L02-W07;AU-L02-W08;AU-L02-W09;AU-L02-W10,5,False,,,0,higher
primary_performance.external_objective.anti_uav410.load_4,primary performance,CA-HMCD vs No-Synergy,external_objective,CA-HMCD,No-Synergy,higher,anti_uav410,4,anti_uav410.load_4,Anti-UAV410 load 4,public trajectory or preregistered composed workload,8,30,0.1197737464,0.1149393285,0.0048344179,0.0016316688,0.0099876315,mean paired difference across independent clusters,"BCa paired cluster bootstrap, 10000 resamples",1.0,two-sided paired Wilcoxon signed-rank test,0.015625,0.0390625,0.787137505,0.9444444444,0.875,AU-L04-W01;AU-L04-W02;AU-L04-W03;AU-L04-W04;AU-L04-W05;AU-L04-W06;AU-L04-W07;AU-L04-W08,5,True,,,1,higher
primary_performance.external_objective.anti_uav410.load_6,primary performance,CA-HMCD vs No-Synergy,external_objective,CA-HMCD,No-Synergy,higher,anti_uav410,6,anti_uav410.load_6,Anti-UAV410 load 6,public trajectory or preregistered composed workload,6,30,0.1428194884,0.1443665792,-0.0015470908,-0.0043393972,0.0007772236,mean paired difference across independent clusters,"BCa paired cluster bootstrap, 10000 resamples",6.0,two-sided paired Wilcoxon signed-rank test,0.4375,0.4375,-0.4486239185,-0.4285714286,0.3333333333,AU-L06-W01;AU-L06-W02;AU-L06-W03;AU-L06-W04;AU-L06-W05;AU-L06-W06,5,False,,,2,higher
primary_performance.external_objective.anti_uav410.load_8,primary performance,CA-HMCD vs No-Synergy,external_objective,CA-HMCD,No-Synergy,higher,anti_uav410,8,anti_uav410.load_8,Anti-UAV410 load 8,public trajectory or preregistered composed workload,4,30,0.0943728316,0.0967252977,-0.0023524661,-0.0035886895,-0.001573526,mean paired difference across independent clusters,"BCa paired cluster bootstrap, 10000 resamples",0.0,two-sided paired Wilcoxon signed-rank test,0.125,0.625,-1.9383351777,-1.0,0.0,AU-L08-W01;AU-L08-W02;AU-L08-W03;AU-L08-W04,5,False,,,3,higher
primary_performance.external_objective.uzh_fpv.load_1,primary performance,CA-HMCD vs No-Synergy,external_objective,CA-HMCD,No-Synergy,higher,uzh_fpv,1,uzh_fpv.load_1,UZH-FPV single-target replay,public trajectory or preregistered composed workload,16,30,-0.0018483716,-0.0018483716,0.0,0.0,0.0,mean paired difference across independent clusters,"BCa paired cluster bootstrap, 10000 resamples",0.0,two-sided paired Wilcoxon signed-rank test,1.0,1.0,0.0,0.0,0.5,indoor_45_12;indoor_45_13;indoor_45_14;indoor_45_2;indoor_45_4;indoor_45_9;indoor_forward_10;indoor_forward_3;indoor_forward_5;indoor_forward_6;indoor_forward_7;indoor_forward_9;outdoor_45_1;outdoor_forward_1;outdoor_forward_3;outdoor_forward_5,5,False,,,4,higher
primary_performance.external_objective.anti_uav410.load_2,primary performance,CA-HMCD vs No-Stability,external_objective,CA-HMCD,No-Stability,higher,anti_uav410,2,anti_uav410.load_2,Anti-UAV410 load 2,public trajectory or preregistered composed workload,10,30,0.0528106711,-0.0701386315,0.1229493026,0.1044222317,0.1482447396,mean paired difference across independent clusters,"BCa paired cluster bootstrap, 10000 resamples",0.0,two-sided paired Wilcoxon signed-rank test,0.001953125,0.009765625,3.3751253358,1.0,1.0,AU-L02-W01;AU-L02-W02;AU-L02-W03;AU-L02-W04;AU-L02-W05;AU-L02-W06;AU-L02-W07;AU-L02-W08;AU-L02-W09;AU-L02-W10,5,True,,,0,higher
primary_performance.external_objective.anti_uav410.load_4,primary performance,CA-HMCD vs No-Stability,external_objective,CA-HMCD,No-Stability,higher,anti_uav410,4,anti_uav410.load_4,Anti-UAV410 load 4,public trajectory or preregistered composed workload,8,30,0.1197737464,-0.2142675036,0.3340412499,0.3170252815,0.3665499865,mean paired difference across independent clusters,"BCa paired cluster bootstrap, 10000 resamples",0.0,two-sided paired Wilcoxon signed-rank test,0.0078125,0.0390625,9.4239752539,1.0,1.0,AU-L04-W01;AU-L04-W02;AU-L04-W03;AU-L04-W04;AU-L04-W05;AU-L04-W06;AU-L04-W07;AU-L04-W08,5,True,,,1,higher
primary_performance.external_objective.anti_uav410.load_6,primary performance,CA-HMCD vs No-Stability,external_objective,CA-HMCD,No-Stability,higher,anti_uav410,6,anti_uav410.load_6,Anti-UAV410 load 6,public trajectory or preregistered composed workload,6,30,0.1428194884,-0.2839669546,0.4267864429,0.3593976399,0.4585468777,mean paired difference across independent clusters,"BCa paired cluster bootstrap, 10000 resamples",0.0,two-sided paired Wilcoxon signed-rank test,0.03125,0.15625,7.0253393023,1.0,1.0,AU-L06-W01;AU-L06-W02;AU-L06-W03;AU-L06-W04;AU-L06-W05;AU-L06-W06,5,False,,,2,higher
primary_performance.external_objective.anti_uav410.load_8,primary performance,CA-HMCD vs No-Stability,external_objective,CA-HMCD,No-Stability,higher,anti_uav410,8,anti_uav410.load_8,Anti-UAV410 load 8,public trajectory or preregistered composed workload,4,30,0.0943728316,-0.4049607676,0.4993335992,0.475792279,0.5370237314,mean paired difference across independent clusters,"BCa paired cluster bootstrap, 10000 resamples",0.0,two-sided paired Wilcoxon signed-rank test,0.125,0.625,13.8244057011,1.0,1.0,AU-L08-W01;AU-L08-W02;AU-L08-W03;AU-L08-W04,5,False,,,3,higher
primary_performance.external_objective.uzh_fpv.load_1,primary performance,CA-HMCD vs No-Stability,external_objective,CA-HMCD,No-Stability,higher,uzh_fpv,1,uzh_fpv.load_1,UZH-FPV single-target replay,public trajectory or preregistered composed workload,16,30,-0.0018483716,-0.0337427669,0.0318943952,0.0270447255,0.0373976181,mean paired difference across independent clusters,"BCa paired cluster bootstrap, 10000 resamples",0.0,two-sided paired Wilcoxon signed-rank test,3.05176e-05,0.0001525879,2.9199718263,1.0,1.0,indoor_45_12;indoor_45_13;indoor_45_14;indoor_45_2;indoor_45_4;indoor_45_9;indoor_forward_10;indoor_forward_3;indoor_forward_5;indoor_forward_6;indoor_forward_7;indoor_forward_9;outdoor_45_1;outdoor_forward_1;outdoor_forward_3;outdoor_forward_5,5,True,,,4,higher
stability_mechanism.external_switch_count.anti_uav410.load_2,stability mechanism,CA-HMCD vs No-Stability,external_switch_count,CA-HMCD,No-Stability,lower,anti_uav410,2,anti_uav410.load_2,Anti-UAV410 load 2,public trajectory or preregistered composed workload,10,30,0.7155555556,2.7713888889,-2.0558333333,-2.4104127018,-1.8105555556,mean paired difference across independent clusters,"BCa paired cluster bootstrap, 10000 resamples",0.0,two-sided paired Wilcoxon signed-rank test,0.001953125,0.009765625,-4.0923806645,-1.0,1.0,AU-L02-W01;AU-L02-W02;AU-L02-W03;AU-L02-W04;AU-L02-W05;AU-L02-W06;AU-L02-W07;AU-L02-W08;AU-L02-W09;AU-L02-W10,5,True,,,0,lower
stability_mechanism.external_switch_count.anti_uav410.load_4,stability mechanism,CA-HMCD vs No-Stability,external_switch_count,CA-HMCD,No-Stability,lower,anti_uav410,4,anti_uav410.load_4,Anti-UAV410 load 4,public trajectory or preregistered composed workload,8,30,1.3277777778,5.6961805556,-4.3684027778,-4.7006465601,-4.2177083333,mean paired difference across independent clusters,"BCa paired cluster bootstrap, 10000 resamples",0.0,two-sided paired Wilcoxon signed-rank test,0.0078125,0.0390625,-13.2388040029,-1.0,1.0,AU-L04-W01;AU-L04-W02;AU-L04-W03;AU-L04-W04;AU-L04-W05;AU-L04-W06;AU-L04-W07;AU-L04-W08,5,True,,,1,lower
stability_mechanism.external_switch_count.anti_uav410.load_6,stability mechanism,CA-HMCD vs No-Stability,external_switch_count,CA-HMCD,No-Stability,lower,anti_uav410,6,anti_uav410.load_6,Anti-UAV410 load 6,public trajectory or preregistered composed workload,6,30,1.7314814815,6.9657407407,-5.2342592593,-5.6407407407,-4.5361111111,mean paired difference across independent clusters,"BCa paired cluster bootstrap, 10000 resamples",0.0,two-sided paired Wilcoxon signed-rank test,0.03125,0.15625,-7.2536692917,-1.0,1.0,AU-L06-W01;AU-L06-W02;AU-L06-W03;AU-L06-W04;AU-L06-W05;AU-L06-W06,5,False,,,2,lower
stability_mechanism.external_switch_count.anti_uav410.load_8,stability mechanism,CA-HMCD vs No-Stability,external_switch_count,CA-HMCD,No-Stability,lower,anti_uav410,8,anti_uav410.load_8,Anti-UAV410 load 8,public trajectory or preregistered composed workload,4,30,2.0993055556,7.7930555556,-5.69375,-6.0798611111,-5.4861111111,mean paired difference across independent clusters,"BCa paired cluster bootstrap, 10000 resamples",0.0,two-sided paired Wilcoxon signed-rank test,0.125,0.625,-15.0089670531,-1.0,1.0,AU-L08-W01;AU-L08-W02;AU-L08-W03;AU-L08-W04,5,False,,,3,lower
stability_mechanism.external_switch_count.uzh_fpv.load_1,stability mechanism,CA-HMCD vs No-Stability,external_switch_count,CA-HMCD,No-Stability,lower,uzh_fpv,1,uzh_fpv.load_1,UZH-FPV single-target replay,public trajectory or preregistered composed workload,16,30,0.28125,0.9381944444,-0.6569444444,-0.7503472222,-0.5534722222,mean paired difference across independent clusters,"BCa paired cluster bootstrap, 10000 resamples",0.0,two-sided paired Wilcoxon signed-rank test,3.05176e-05,0.0001525879,-3.1536884353,-1.0,1.0,indoor_45_12;indoor_45_13;indoor_45_14;indoor_45_2;indoor_45_4;indoor_45_9;indoor_forward_10;indoor_forward_3;indoor_forward_5;indoor_forward_6;indoor_forward_7;indoor_forward_9;outdoor_45_1;outdoor_forward_1;outdoor_forward_3;outdoor_forward_5,5,True,,,4,lower
resource_efficiency.independent_physical_cost.anti_uav410.load_2,resource efficiency,CA-HMCD vs No-Stability,independent_physical_cost,CA-HMCD,No-Stability,lower,anti_uav410,2,anti_uav410.load_2,Anti-UAV410 load 2,public trajectory or preregistered composed workload,10,30,0.6868457858,1.6172465679,-0.9304007822,-0.9846610456,-0.8550998552,mean paired difference across independent clusters,"BCa paired cluster bootstrap, 10000 resamples",0.0,two-sided paired Wilcoxon signed-rank test,0.001953125,0.009765625,-8.4532392712,-1.0,1.0,AU-L02-W01;AU-L02-W02;AU-L02-W03;AU-L02-W04;AU-L02-W05;AU-L02-W06;AU-L02-W07;AU-L02-W08;AU-L02-W09;AU-L02-W10,5,True,,,0,lower
resource_efficiency.independent_physical_cost.anti_uav410.load_4,resource efficiency,CA-HMCD vs No-Stability,independent_physical_cost,CA-HMCD,No-Stability,lower,anti_uav410,4,anti_uav410.load_4,Anti-UAV410 load 4,public trajectory or preregistered composed workload,8,30,1.4860650647,2.5011673835,-1.0151023188,-1.0696831173,-0.9584179942,mean paired difference across independent clusters,"BCa paired cluster bootstrap, 10000 resamples",0.0,two-sided paired Wilcoxon signed-rank test,0.0078125,0.0390625,-11.8012615115,-1.0,1.0,AU-L04-W01;AU-L04-W02;AU-L04-W03;AU-L04-W04;AU-L04-W05;AU-L04-W06;AU-L04-W07;AU-L04-W08,5,True,,,1,lower
resource_efficiency.independent_physical_cost.anti_uav410.load_6,resource efficiency,CA-HMCD vs No-Stability,independent_physical_cost,CA-HMCD,No-Stability,lower,anti_uav410,6,anti_uav410.load_6,Anti-UAV410 load 6,public trajectory or preregistered composed workload,6,30,2.2684457829,2.9397953577,-0.6713495748,-0.7626682597,-0.5904971427,mean paired difference across independent clusters,"BCa paired cluster bootstrap, 10000 resamples",0.0,two-sided paired Wilcoxon signed-rank test,0.03125,0.15625,-5.6533119319,-1.0,1.0,AU-L06-W01;AU-L06-W02;AU-L06-W03;AU-L06-W04;AU-L06-W05;AU-L06-W06,5,False,,,2,lower
resource_efficiency.independent_physical_cost.anti_uav410.load_8,resource efficiency,CA-HMCD vs No-Stability,independent_physical_cost,CA-HMCD,No-Stability,lower,anti_uav410,8,anti_uav410.load_8,Anti-UAV410 load 8,public trajectory or preregistered composed workload,4,30,2.8040762161,3.2850271958,-0.4809509797,-0.5852838199,-0.3884949281,mean paired difference across independent clusters,"BCa paired cluster bootstrap, 10000 resamples",0.0,two-sided paired Wilcoxon signed-rank test,0.125,0.625,-3.9910389503,-1.0,1.0,AU-L08-W01;AU-L08-W02;AU-L08-W03;AU-L08-W04,5,False,,,3,lower
resource_efficiency.independent_physical_cost.uzh_fpv.load_1,resource efficiency,CA-HMCD vs No-Stability,independent_physical_cost,CA-HMCD,No-Stability,lower,uzh_fpv,1,uzh_fpv.load_1,UZH-FPV single-target replay,public trajectory or preregistered composed workload,16,30,0.3923991194,0.9510103339,-0.5586112144,-0.6101089632,-0.5133457876,mean paired difference across independent clusters,"BCa paired cluster bootstrap, 10000 resamples",0.0,two-sided paired Wilcoxon signed-rank test,3.05176e-05,0.0001525879,-5.4502611607,-1.0,1.0,indoor_45_12;indoor_45_13;indoor_45_14;indoor_45_2;indoor_45_4;indoor_45_9;indoor_forward_10;indoor_forward_3;indoor_forward_5;indoor_forward_6;indoor_forward_7;indoor_forward_9;outdoor_45_1;outdoor_forward_1;outdoor_forward_3;outdoor_forward_5,5,True,,,4,lower
