family_id,section,comparison,metric,method_a,method_b,favorable_direction_for_method_a,dataset,task_load,stratum_id,stratum_label,independent_unit,n_independent_cluster_pairs,nested_seeds_per_cluster,method_a_mean,method_b_mean,mean_difference_a_minus_b,mean_difference_ci95_low,mean_difference_ci95_high,ci_estimand,ci_method,wilcoxon_w,p_value_test,p_unadjusted,p_holm_adjusted,cohen_dz,rank_biserial,win_rate_favorable_to_method_a,cluster_ids,holm_family_size,significant_after_holm_0_05,common_task_periods_total,clusters_with_missing_common_task_seeds,_order,display_comparator,favorable_direction
primary_performance.independent_service_score.anti_uav410.load_2,primary performance,CA-HMCD vs Greedy,independent_service_score,CA-HMCD,Greedy,higher,anti_uav410,2,anti_uav410.load_2,Anti-UAV410 load 2,public trajectory or preregistered composed workload,10,30,0.5519964607,0.5539785656,-0.0019821049,-0.007725972,-0.0002719964,mean paired difference across independent clusters,"BCa paired cluster bootstrap, 10000 resamples",8.0,two-sided paired Wilcoxon signed-rank test,0.1953125,0.25,-0.4126172969,-0.5555555556,0.4,AU-L02-W01;AU-L02-W02;AU-L02-W03;AU-L02-W04;AU-L02-W05;AU-L02-W06;AU-L02-W07;AU-L02-W08;AU-L02-W09;AU-L02-W10,5,False,,,0,Greedy,higher
primary_performance.independent_service_score.anti_uav410.load_4,primary performance,CA-HMCD vs Greedy,independent_service_score,CA-HMCD,Greedy,higher,anti_uav410,4,anti_uav410.load_4,Anti-UAV410 load 4,public trajectory or preregistered composed workload,8,30,0.5632939358,0.5633000735,-6.1377e-06,-0.0043230134,0.0020832933,mean paired difference across independent clusters,"BCa paired cluster bootstrap, 10000 resamples",13.0,two-sided paired Wilcoxon signed-rank test,0.546875,1.0,-0.00136715,0.2777777778,0.625,AU-L04-W01;AU-L04-W02;AU-L04-W03;AU-L04-W04;AU-L04-W05;AU-L04-W06;AU-L04-W07;AU-L04-W08,5,False,,,1,Greedy,higher
primary_performance.independent_service_score.anti_uav410.load_6,primary performance,CA-HMCD vs Greedy,independent_service_score,CA-HMCD,Greedy,higher,anti_uav410,6,anti_uav410.load_6,Anti-UAV410 load 6,public trajectory or preregistered composed workload,6,30,0.5286678814,0.5151624089,0.0135054725,0.0093471013,0.0206444516,mean paired difference across independent clusters,"BCa paired cluster bootstrap, 10000 resamples",0.0,two-sided paired Wilcoxon signed-rank test,0.03125,0.15625,1.7452757753,1.0,1.0,AU-L06-W01;AU-L06-W02;AU-L06-W03;AU-L06-W04;AU-L06-W05;AU-L06-W06,5,False,,,2,Greedy,higher
primary_performance.independent_service_score.anti_uav410.load_8,primary performance,CA-HMCD vs Greedy,independent_service_score,CA-HMCD,Greedy,higher,anti_uav410,8,anti_uav410.load_8,Anti-UAV410 load 8,public trajectory or preregistered composed workload,4,30,0.5004035771,0.4787393501,0.021664227,0.0143925952,0.0289358589,mean paired difference across independent clusters,"BCa paired cluster bootstrap, 10000 resamples",0.0,two-sided paired Wilcoxon signed-rank test,0.125,0.625,2.4701332466,1.0,1.0,AU-L08-W01;AU-L08-W02;AU-L08-W03;AU-L08-W04,5,False,,,3,Greedy,higher
primary_performance.independent_service_score.uzh_fpv.load_1,primary performance,CA-HMCD vs Greedy,independent_service_score,CA-HMCD,Greedy,higher,uzh_fpv,1,uzh_fpv.load_1,UZH-FPV single-target replay,public trajectory or preregistered composed workload,16,30,0.5154212582,0.5154212582,0.0,0.0,0.0,mean paired difference across independent clusters,"BCa paired cluster bootstrap, 10000 resamples",0.0,two-sided paired Wilcoxon signed-rank test,1.0,1.0,0.0,0.0,0.5,indoor_45_12;indoor_45_13;indoor_45_14;indoor_45_2;indoor_45_4;indoor_45_9;indoor_forward_10;indoor_forward_3;indoor_forward_5;indoor_forward_6;indoor_forward_7;indoor_forward_9;outdoor_45_1;outdoor_forward_1;outdoor_forward_3;outdoor_forward_5,5,False,,,4,Greedy,higher
primary_performance.independent_service_score.anti_uav410.load_2,primary performance,CA-HMCD vs External-Auction,independent_service_score,CA-HMCD,External-Auction,higher,anti_uav410,2,anti_uav410.load_2,Anti-UAV410 load 2,public trajectory or preregistered composed workload,10,30,0.5519964607,0.558083989,-0.0060875283,-0.0113165778,-0.0028963755,mean paired difference across independent clusters,"BCa paired cluster bootstrap, 10000 resamples",0.0,two-sided paired Wilcoxon signed-rank test,0.00390625,0.01171875,-0.8813017481,-1.0,0.05,AU-L02-W01;AU-L02-W02;AU-L02-W03;AU-L02-W04;AU-L02-W05;AU-L02-W06;AU-L02-W07;AU-L02-W08;AU-L02-W09;AU-L02-W10,5,True,,,0,External-Auction,higher
primary_performance.independent_service_score.anti_uav410.load_4,primary performance,CA-HMCD vs External-Auction,independent_service_score,CA-HMCD,External-Auction,higher,anti_uav410,4,anti_uav410.load_4,Anti-UAV410 load 4,public trajectory or preregistered composed workload,8,30,0.5632939358,0.5641599702,-0.0008660344,-0.0041394718,0.001678138,mean paired difference across independent clusters,"BCa paired cluster bootstrap, 10000 resamples",14.0,two-sided paired Wilcoxon signed-rank test,0.640625,1.0,-0.1942752717,-0.2222222222,0.375,AU-L04-W01;AU-L04-W02;AU-L04-W03;AU-L04-W04;AU-L04-W05;AU-L04-W06;AU-L04-W07;AU-L04-W08,5,False,,,1,External-Auction,higher
primary_performance.independent_service_score.anti_uav410.load_6,primary performance,CA-HMCD vs External-Auction,independent_service_score,CA-HMCD,External-Auction,higher,anti_uav410,6,anti_uav410.load_6,Anti-UAV410 load 6,public trajectory or preregistered composed workload,6,30,0.5286678814,0.5174320226,0.0112358588,0.006642341,0.0186334226,mean paired difference across independent clusters,"BCa paired cluster bootstrap, 10000 resamples",0.0,two-sided paired Wilcoxon signed-rank test,0.03125,0.15625,1.4069165398,1.0,1.0,AU-L06-W01;AU-L06-W02;AU-L06-W03;AU-L06-W04;AU-L06-W05;AU-L06-W06,5,False,,,2,External-Auction,higher
primary_performance.independent_service_score.anti_uav410.load_8,primary performance,CA-HMCD vs External-Auction,independent_service_score,CA-HMCD,External-Auction,higher,anti_uav410,8,anti_uav410.load_8,Anti-UAV410 load 8,public trajectory or preregistered composed workload,4,30,0.5004035771,0.4789134538,0.0214901233,0.0151264481,0.0300803119,mean paired difference across independent clusters,"BCa paired cluster bootstrap, 10000 resamples",0.0,two-sided paired Wilcoxon signed-rank test,0.125,0.625,2.554896492,1.0,1.0,AU-L08-W01;AU-L08-W02;AU-L08-W03;AU-L08-W04,5,False,,,3,External-Auction,higher
primary_performance.independent_service_score.uzh_fpv.load_1,primary performance,CA-HMCD vs External-Auction,independent_service_score,CA-HMCD,External-Auction,higher,uzh_fpv,1,uzh_fpv.load_1,UZH-FPV single-target replay,public trajectory or preregistered composed workload,16,30,0.5154212582,0.525066486,-0.0096452278,-0.0149977237,-0.0055906081,mean paired difference across independent clusters,"BCa paired cluster bootstrap, 10000 resamples",0.0,two-sided paired Wilcoxon signed-rank test,0.0002441406,0.0007324219,-0.9807767717,-1.0,0.09375,indoor_45_12;indoor_45_13;indoor_45_14;indoor_45_2;indoor_45_4;indoor_45_9;indoor_forward_10;indoor_forward_3;indoor_forward_5;indoor_forward_6;indoor_forward_7;indoor_forward_9;outdoor_45_1;outdoor_forward_1;outdoor_forward_3;outdoor_forward_5,5,True,,,4,External-Auction,higher
primary_performance.independent_coverage.anti_uav410.load_2,primary performance,CA-HMCD vs Greedy,independent_coverage,CA-HMCD,Greedy,higher,anti_uav410,2,anti_uav410.load_2,Anti-UAV410 load 2,public trajectory or preregistered composed workload,10,30,0.8591666667,0.8590277778,0.0001388889,0.0,0.0006944444,mean paired difference across independent clusters,"BCa paired cluster bootstrap, 10000 resamples",0.0,two-sided paired Wilcoxon signed-rank test,1.0,1.0,0.316227766,1.0,0.55,AU-L02-W01;AU-L02-W02;AU-L02-W03;AU-L02-W04;AU-L02-W05;AU-L02-W06;AU-L02-W07;AU-L02-W08;AU-L02-W09;AU-L02-W10,5,False,,,0,Greedy,higher
primary_performance.independent_coverage.anti_uav410.load_4,primary performance,CA-HMCD vs Greedy,independent_coverage,CA-HMCD,Greedy,higher,anti_uav410,4,anti_uav410.load_4,Anti-UAV410 load 4,public trajectory or preregistered composed workload,8,30,0.8961226852,0.8848668981,0.011255787,0.007494213,0.0168113426,mean paired difference across independent clusters,"BCa paired cluster bootstrap, 10000 resamples",0.0,two-sided paired Wilcoxon signed-rank test,0.0078125,0.0390625,1.6021395062,1.0,1.0,AU-L04-W01;AU-L04-W02;AU-L04-W03;AU-L04-W04;AU-L04-W05;AU-L04-W06;AU-L04-W07;AU-L04-W08,5,True,,,1,Greedy,higher
primary_performance.independent_coverage.anti_uav410.load_6,primary performance,CA-HMCD vs Greedy,independent_coverage,CA-HMCD,Greedy,higher,anti_uav410,6,anti_uav410.load_6,Anti-UAV410 load 6,public trajectory or preregistered composed workload,6,30,0.8483873457,0.7947376543,0.0536496914,0.039683642,0.0751234568,mean paired difference across independent clusters,"BCa paired cluster bootstrap, 10000 resamples",0.0,two-sided paired Wilcoxon signed-rank test,0.03125,0.15625,2.2423147945,1.0,1.0,AU-L06-W01;AU-L06-W02;AU-L06-W03;AU-L06-W04;AU-L06-W05;AU-L06-W06,5,False,,,2,Greedy,higher
primary_performance.independent_coverage.anti_uav410.load_8,primary performance,CA-HMCD vs Greedy,independent_coverage,CA-HMCD,Greedy,higher,anti_uav410,8,anti_uav410.load_8,Anti-UAV410 load 8,public trajectory or preregistered composed workload,4,30,0.8039054233,0.7317237103,0.072181713,0.0490740741,0.0952893519,mean paired difference across independent clusters,"BCa paired cluster bootstrap, 10000 resamples",0.0,two-sided paired Wilcoxon signed-rank test,0.125,0.625,2.6482253955,1.0,1.0,AU-L08-W01;AU-L08-W02;AU-L08-W03;AU-L08-W04,5,False,,,3,Greedy,higher
primary_performance.independent_coverage.uzh_fpv.load_1,primary performance,CA-HMCD vs Greedy,independent_coverage,CA-HMCD,Greedy,higher,uzh_fpv,1,uzh_fpv.load_1,UZH-FPV single-target replay,public trajectory or preregistered composed workload,16,30,0.8291666667,0.8291666667,0.0,0.0,0.0,mean paired difference across independent clusters,"BCa paired cluster bootstrap, 10000 resamples",0.0,two-sided paired Wilcoxon signed-rank test,1.0,1.0,0.0,0.0,0.5,indoor_45_12;indoor_45_13;indoor_45_14;indoor_45_2;indoor_45_4;indoor_45_9;indoor_forward_10;indoor_forward_3;indoor_forward_5;indoor_forward_6;indoor_forward_7;indoor_forward_9;outdoor_45_1;outdoor_forward_1;outdoor_forward_3;outdoor_forward_5,5,False,,,4,Greedy,higher
primary_performance.independent_coverage.anti_uav410.load_2,primary performance,CA-HMCD vs External-Auction,independent_coverage,CA-HMCD,External-Auction,higher,anti_uav410,2,anti_uav410.load_2,Anti-UAV410 load 2,public trajectory or preregistered composed workload,10,30,0.8591666667,0.8605555556,-0.0013888889,-0.0067916196,0.0,mean paired difference across independent clusters,"BCa paired cluster bootstrap, 10000 resamples",0.0,two-sided paired Wilcoxon signed-rank test,1.0,1.0,-0.316227766,-1.0,0.45,AU-L02-W01;AU-L02-W02;AU-L02-W03;AU-L02-W04;AU-L02-W05;AU-L02-W06;AU-L02-W07;AU-L02-W08;AU-L02-W09;AU-L02-W10,5,False,,,0,External-Auction,higher
primary_performance.independent_coverage.anti_uav410.load_4,primary performance,CA-HMCD vs External-Auction,independent_coverage,CA-HMCD,External-Auction,higher,anti_uav410,4,anti_uav410.load_4,Anti-UAV410 load 4,public trajectory or preregistered composed workload,8,30,0.8961226852,0.8822916667,0.0138310185,0.0091435185,0.0205369118,mean paired difference across independent clusters,"BCa paired cluster bootstrap, 10000 resamples",0.0,two-sided paired Wilcoxon signed-rank test,0.0078125,0.0390625,1.6005238975,1.0,1.0,AU-L04-W01;AU-L04-W02;AU-L04-W03;AU-L04-W04;AU-L04-W05;AU-L04-W06;AU-L04-W07;AU-L04-W08,5,True,,,1,External-Auction,higher
primary_performance.independent_coverage.anti_uav410.load_6,primary performance,CA-HMCD vs External-Auction,independent_coverage,CA-HMCD,External-Auction,higher,anti_uav410,6,anti_uav410.load_6,Anti-UAV410 load 6,public trajectory or preregistered composed workload,6,30,0.8483873457,0.7969135802,0.0514737654,0.0389506173,0.080398622,mean paired difference across independent clusters,"BCa paired cluster bootstrap, 10000 resamples",0.0,two-sided paired Wilcoxon signed-rank test,0.03125,0.15625,2.0372374045,1.0,1.0,AU-L06-W01;AU-L06-W02;AU-L06-W03;AU-L06-W04;AU-L06-W05;AU-L06-W06,5,False,,,2,External-Auction,higher
primary_performance.independent_coverage.anti_uav410.load_8,primary performance,CA-HMCD vs External-Auction,independent_coverage,CA-HMCD,External-Auction,higher,anti_uav410,8,anti_uav410.load_8,Anti-UAV410 load 8,public trajectory or preregistered composed workload,4,30,0.8039054233,0.7319419643,0.071963459,0.0525876323,0.0982986111,mean paired difference across independent clusters,"BCa paired cluster bootstrap, 10000 resamples",0.0,two-sided paired Wilcoxon signed-rank test,0.125,0.625,2.8247555695,1.0,1.0,AU-L08-W01;AU-L08-W02;AU-L08-W03;AU-L08-W04,5,False,,,3,External-Auction,higher
primary_performance.independent_coverage.uzh_fpv.load_1,primary performance,CA-HMCD vs External-Auction,independent_coverage,CA-HMCD,External-Auction,higher,uzh_fpv,1,uzh_fpv.load_1,UZH-FPV single-target replay,public trajectory or preregistered composed workload,16,30,0.8291666667,0.8444444444,-0.0152777778,-0.0239583333,-0.0086805556,mean paired difference across independent clusters,"BCa paired cluster bootstrap, 10000 resamples",0.0,two-sided paired Wilcoxon signed-rank test,0.0002441406,0.0007324219,-0.9564614725,-1.0,0.09375,indoor_45_12;indoor_45_13;indoor_45_14;indoor_45_2;indoor_45_4;indoor_45_9;indoor_forward_10;indoor_forward_3;indoor_forward_5;indoor_forward_6;indoor_forward_7;indoor_forward_9;outdoor_45_1;outdoor_forward_1;outdoor_forward_3;outdoor_forward_5,5,True,,,4,External-Auction,higher
primary_performance.external_objective.anti_uav410.load_2,primary performance,CA-HMCD vs Greedy,external_objective,CA-HMCD,Greedy,higher,anti_uav410,2,anti_uav410.load_2,Anti-UAV410 load 2,public trajectory or preregistered composed workload,10,30,0.0528106711,0.0516503161,0.001160355,-0.0002113713,0.0037720964,mean paired difference across independent clusters,"BCa paired cluster bootstrap, 10000 resamples",12.0,two-sided paired Wilcoxon signed-rank test,0.4609375,0.75,0.3770796552,0.3333333333,0.6,AU-L02-W01;AU-L02-W02;AU-L02-W03;AU-L02-W04;AU-L02-W05;AU-L02-W06;AU-L02-W07;AU-L02-W08;AU-L02-W09;AU-L02-W10,5,False,,,0,Greedy,higher
primary_performance.external_objective.anti_uav410.load_4,primary performance,CA-HMCD vs Greedy,external_objective,CA-HMCD,Greedy,higher,anti_uav410,4,anti_uav410.load_4,Anti-UAV410 load 4,public trajectory or preregistered composed workload,8,30,0.1197737464,0.1068874513,0.0128862951,0.0058597121,0.02105301,mean paired difference across independent clusters,"BCa paired cluster bootstrap, 10000 resamples",2.0,two-sided paired Wilcoxon signed-rank test,0.0234375,0.0390625,1.0924247837,0.8888888889,0.875,AU-L04-W01;AU-L04-W02;AU-L04-W03;AU-L04-W04;AU-L04-W05;AU-L04-W06;AU-L04-W07;AU-L04-W08,5,True,,,1,Greedy,higher
primary_performance.external_objective.anti_uav410.load_6,primary performance,CA-HMCD vs Greedy,external_objective,CA-HMCD,Greedy,higher,anti_uav410,6,anti_uav410.load_6,Anti-UAV410 load 6,public trajectory or preregistered composed workload,6,30,0.1428194884,0.0947434615,0.0480760268,0.0306325137,0.072623885,mean paired difference across independent clusters,"BCa paired cluster bootstrap, 10000 resamples",0.0,two-sided paired Wilcoxon signed-rank test,0.03125,0.15625,1.7028925561,1.0,1.0,AU-L06-W01;AU-L06-W02;AU-L06-W03;AU-L06-W04;AU-L06-W05;AU-L06-W06,5,False,,,2,Greedy,higher
primary_performance.external_objective.anti_uav410.load_8,primary performance,CA-HMCD vs Greedy,external_objective,CA-HMCD,Greedy,higher,anti_uav410,8,anti_uav410.load_8,Anti-UAV410 load 8,public trajectory or preregistered composed workload,4,30,0.0943728316,0.0224053217,0.0719675099,0.0264684799,0.1174665399,mean paired difference across independent clusters,"BCa paired cluster bootstrap, 10000 resamples",0.0,two-sided paired Wilcoxon signed-rank test,0.125,0.625,1.3527294264,1.0,1.0,AU-L08-W01;AU-L08-W02;AU-L08-W03;AU-L08-W04,5,False,,,3,Greedy,higher
primary_performance.external_objective.uzh_fpv.load_1,primary performance,CA-HMCD vs Greedy,external_objective,CA-HMCD,Greedy,higher,uzh_fpv,1,uzh_fpv.load_1,UZH-FPV single-target replay,public trajectory or preregistered composed workload,16,30,-0.0018483716,-0.0018483716,0.0,0.0,0.0,mean paired difference across independent clusters,"BCa paired cluster bootstrap, 10000 resamples",0.0,two-sided paired Wilcoxon signed-rank test,1.0,1.0,0.0,0.0,0.5,indoor_45_12;indoor_45_13;indoor_45_14;indoor_45_2;indoor_45_4;indoor_45_9;indoor_forward_10;indoor_forward_3;indoor_forward_5;indoor_forward_6;indoor_forward_7;indoor_forward_9;outdoor_45_1;outdoor_forward_1;outdoor_forward_3;outdoor_forward_5,5,False,,,4,Greedy,higher
primary_performance.external_objective.anti_uav410.load_2,primary performance,CA-HMCD vs External-Auction,external_objective,CA-HMCD,External-Auction,higher,anti_uav410,2,anti_uav410.load_2,Anti-UAV410 load 2,public trajectory or preregistered composed workload,10,30,0.0528106711,0.0500195225,0.0027911486,-0.000199935,0.0095695367,mean paired difference across independent clusters,"BCa paired cluster bootstrap, 10000 resamples",11.0,two-sided paired Wilcoxon signed-rank test,0.203125,0.609375,0.382219587,0.5111111111,0.75,AU-L02-W01;AU-L02-W02;AU-L02-W03;AU-L02-W04;AU-L02-W05;AU-L02-W06;AU-L02-W07;AU-L02-W08;AU-L02-W09;AU-L02-W10,5,False,,,0,External-Auction,higher
primary_performance.external_objective.anti_uav410.load_4,primary performance,CA-HMCD vs External-Auction,external_objective,CA-HMCD,External-Auction,higher,anti_uav410,4,anti_uav410.load_4,Anti-UAV410 load 4,public trajectory or preregistered composed workload,8,30,0.1197737464,0.1000209513,0.0197527951,0.0120048407,0.0290593234,mean paired difference across independent clusters,"BCa paired cluster bootstrap, 10000 resamples",0.0,two-sided paired Wilcoxon signed-rank test,0.0078125,0.0390625,1.4911987071,1.0,1.0,AU-L04-W01;AU-L04-W02;AU-L04-W03;AU-L04-W04;AU-L04-W05;AU-L04-W06;AU-L04-W07;AU-L04-W08,5,True,,,1,External-Auction,higher
primary_performance.external_objective.anti_uav410.load_6,primary performance,CA-HMCD vs External-Auction,external_objective,CA-HMCD,External-Auction,higher,anti_uav410,6,anti_uav410.load_6,Anti-UAV410 load 6,public trajectory or preregistered composed workload,6,30,0.1428194884,0.0982259616,0.0445935267,0.0246008974,0.0639886441,mean paired difference across independent clusters,"BCa paired cluster bootstrap, 10000 resamples",0.0,two-sided paired Wilcoxon signed-rank test,0.03125,0.15625,1.6693451361,1.0,1.0,AU-L06-W01;AU-L06-W02;AU-L06-W03;AU-L06-W04;AU-L06-W05;AU-L06-W06,5,False,,,2,External-Auction,higher
primary_performance.external_objective.anti_uav410.load_8,primary performance,CA-HMCD vs External-Auction,external_objective,CA-HMCD,External-Auction,higher,anti_uav410,8,anti_uav410.load_8,Anti-UAV410 load 8,public trajectory or preregistered composed workload,4,30,0.0943728316,0.0181714137,0.0762014179,0.0323767999,0.1200260359,mean paired difference across independent clusters,"BCa paired cluster bootstrap, 10000 resamples",0.0,two-sided paired Wilcoxon signed-rank test,0.125,0.625,1.4564727849,1.0,1.0,AU-L08-W01;AU-L08-W02;AU-L08-W03;AU-L08-W04,5,False,,,3,External-Auction,higher
primary_performance.external_objective.uzh_fpv.load_1,primary performance,CA-HMCD vs External-Auction,external_objective,CA-HMCD,External-Auction,higher,uzh_fpv,1,uzh_fpv.load_1,UZH-FPV single-target replay,public trajectory or preregistered composed workload,16,30,-0.0018483716,-0.0013881567,-0.0004602149,-0.0009477848,-0.0001674854,mean paired difference across independent clusters,"BCa paired cluster bootstrap, 10000 resamples",12.0,two-sided paired Wilcoxon signed-rank test,0.0170898438,0.0512695312,-0.5860930338,-0.7362637363,0.28125,indoor_45_12;indoor_45_13;indoor_45_14;indoor_45_2;indoor_45_4;indoor_45_9;indoor_forward_10;indoor_forward_3;indoor_forward_5;indoor_forward_6;indoor_forward_7;indoor_forward_9;outdoor_45_1;outdoor_forward_1;outdoor_forward_3;outdoor_forward_5,5,False,,,4,External-Auction,higher
common_response_time.anti_uav410.load_2,common-task response time,CA-HMCD vs Greedy,common_task_response_time,CA-HMCD,Greedy,lower,anti_uav410,2,anti_uav410.load_2,Anti-UAV410 load 2,public trajectory or preregistered composed workload,10,30,0.4193185463,0.4199818108,-0.0006632645,-0.0014844856,-0.0002044079,mean paired cluster difference conditional on both methods serving the same task-period,"BCa paired cluster bootstrap, 10000 resamples",5.0,two-sided paired Wilcoxon signed-rank test,0.078125,0.15625,-0.6456744179,-0.7222222222,0.7,AU-L02-W01;AU-L02-W02;AU-L02-W03;AU-L02-W04;AU-L02-W05;AU-L02-W06;AU-L02-W07;AU-L02-W08;AU-L02-W09;AU-L02-W10,5,False,4937.0,0.0,0,Greedy,lower
common_response_time.anti_uav410.load_4,common-task response time,CA-HMCD vs Greedy,common_task_response_time,CA-HMCD,Greedy,lower,anti_uav410,4,anti_uav410.load_4,Anti-UAV410 load 4,public trajectory or preregistered composed workload,8,30,0.430462023,0.4343766674,-0.0039146444,-0.0080877565,-0.0018858719,mean paired cluster difference conditional on both methods serving the same task-period,"BCa paired cluster bootstrap, 10000 resamples",0.0,two-sided paired Wilcoxon signed-rank test,0.0078125,0.0390625,-0.9035134901,-1.0,1.0,AU-L04-W01;AU-L04-W02;AU-L04-W03;AU-L04-W04;AU-L04-W05;AU-L04-W06;AU-L04-W07;AU-L04-W08,5,True,7774.0,0.0,1,Greedy,lower
common_response_time.anti_uav410.load_6,common-task response time,CA-HMCD vs Greedy,common_task_response_time,CA-HMCD,Greedy,lower,anti_uav410,6,anti_uav410.load_6,Anti-UAV410 load 6,public trajectory or preregistered composed workload,6,30,0.4422270031,0.4458035411,-0.003576538,-0.0054801836,-0.0021119377,mean paired cluster difference conditional on both methods serving the same task-period,"BCa paired cluster bootstrap, 10000 resamples",0.0,two-sided paired Wilcoxon signed-rank test,0.03125,0.15625,-1.5359976377,-1.0,1.0,AU-L06-W01;AU-L06-W02;AU-L06-W03;AU-L06-W04;AU-L06-W05;AU-L06-W06,5,False,7745.0,0.0,2,Greedy,lower
common_response_time.anti_uav410.load_8,common-task response time,CA-HMCD vs Greedy,common_task_response_time,CA-HMCD,Greedy,lower,anti_uav410,8,anti_uav410.load_8,Anti-UAV410 load 8,public trajectory or preregistered composed workload,4,30,0.4114259984,0.4117235004,-0.000297502,-0.0017807881,0.0018750107,mean paired cluster difference conditional on both methods serving the same task-period,"BCa paired cluster bootstrap, 10000 resamples",4.0,two-sided paired Wilcoxon signed-rank test,0.875,1.0,-0.1393491347,-0.2,0.75,AU-L08-W01;AU-L08-W02;AU-L08-W03;AU-L08-W04,5,False,6150.0,0.0,3,Greedy,lower
common_response_time.uzh_fpv.load_1,common-task response time,CA-HMCD vs Greedy,common_task_response_time,CA-HMCD,Greedy,lower,uzh_fpv,1,uzh_fpv.load_1,UZH-FPV single-target replay,public trajectory or preregistered composed workload,16,30,0.400359474,0.400359474,0.0,0.0,0.0,mean paired cluster difference conditional on both methods serving the same task-period,"BCa paired cluster bootstrap, 10000 resamples",0.0,two-sided paired Wilcoxon signed-rank test,1.0,1.0,0.0,0.0,0.5,indoor_45_12;indoor_45_13;indoor_45_14;indoor_45_2;indoor_45_4;indoor_45_9;indoor_forward_10;indoor_forward_3;indoor_forward_5;indoor_forward_6;indoor_forward_7;indoor_forward_9;outdoor_45_1;outdoor_forward_1;outdoor_forward_3;outdoor_forward_5,5,False,4776.0,0.0,4,Greedy,lower
common_response_time.anti_uav410.load_2,common-task response time,CA-HMCD vs External-Auction,common_task_response_time,CA-HMCD,External-Auction,lower,anti_uav410,2,anti_uav410.load_2,Anti-UAV410 load 2,public trajectory or preregistered composed workload,10,30,0.4192706009,0.4205428041,-0.0012722032,-0.0022399191,-0.0005461059,mean paired cluster difference conditional on both methods serving the same task-period,"BCa paired cluster bootstrap, 10000 resamples",1.0,two-sided paired Wilcoxon signed-rank test,0.0078125,0.0234375,-0.8802229234,-0.9555555556,0.85,AU-L02-W01;AU-L02-W02;AU-L02-W03;AU-L02-W04;AU-L02-W05;AU-L02-W06;AU-L02-W07;AU-L02-W08;AU-L02-W09;AU-L02-W10,5,True,4936.0,0.0,0,External-Auction,lower
common_response_time.anti_uav410.load_4,common-task response time,CA-HMCD vs External-Auction,common_task_response_time,CA-HMCD,External-Auction,lower,anti_uav410,4,anti_uav410.load_4,Anti-UAV410 load 4,public trajectory or preregistered composed workload,8,30,0.4296917855,0.4348292658,-0.0051374803,-0.0078344818,-0.003279593,mean paired cluster difference conditional on both methods serving the same task-period,"BCa paired cluster bootstrap, 10000 resamples",0.0,two-sided paired Wilcoxon signed-rank test,0.0078125,0.0390625,-1.5156016508,-1.0,1.0,AU-L04-W01;AU-L04-W02;AU-L04-W03;AU-L04-W04;AU-L04-W05;AU-L04-W06;AU-L04-W07;AU-L04-W08,5,True,7726.0,0.0,1,External-Auction,lower
common_response_time.anti_uav410.load_6,common-task response time,CA-HMCD vs External-Auction,common_task_response_time,CA-HMCD,External-Auction,lower,anti_uav410,6,anti_uav410.load_6,Anti-UAV410 load 6,public trajectory or preregistered composed workload,6,30,0.4418861962,0.4477188763,-0.0058326801,-0.0077060649,-0.003795993,mean paired cluster difference conditional on both methods serving the same task-period,"BCa paired cluster bootstrap, 10000 resamples",0.0,two-sided paired Wilcoxon signed-rank test,0.03125,0.15625,-2.156091996,-1.0,1.0,AU-L06-W01;AU-L06-W02;AU-L06-W03;AU-L06-W04;AU-L06-W05;AU-L06-W06,5,False,7744.0,0.0,2,External-Auction,lower
common_response_time.anti_uav410.load_8,common-task response time,CA-HMCD vs External-Auction,common_task_response_time,CA-HMCD,External-Auction,lower,anti_uav410,8,anti_uav410.load_8,Anti-UAV410 load 8,public trajectory or preregistered composed workload,4,30,0.4118202477,0.4126798238,-0.0008595761,-0.0024068192,0.0001372236,mean paired cluster difference conditional on both methods serving the same task-period,"BCa paired cluster bootstrap, 10000 resamples",3.0,two-sided paired Wilcoxon signed-rank test,0.625,1.0,-0.5511246338,-0.4,0.75,AU-L08-W01;AU-L08-W02;AU-L08-W03;AU-L08-W04,5,False,6155.0,0.0,3,External-Auction,lower
common_response_time.uzh_fpv.load_1,common-task response time,CA-HMCD vs External-Auction,common_task_response_time,CA-HMCD,External-Auction,lower,uzh_fpv,1,uzh_fpv.load_1,UZH-FPV single-target replay,public trajectory or preregistered composed workload,16,30,0.400359474,0.4003785232,-1.90492e-05,-7.02506e-05,2.32768e-05,mean paired cluster difference conditional on both methods serving the same task-period,"BCa paired cluster bootstrap, 10000 resamples",11.0,two-sided paired Wilcoxon signed-rank test,0.6875,1.0,-0.1911993776,-0.2142857143,0.53125,indoor_45_12;indoor_45_13;indoor_45_14;indoor_45_2;indoor_45_4;indoor_45_9;indoor_forward_10;indoor_forward_3;indoor_forward_5;indoor_forward_6;indoor_forward_7;indoor_forward_9;outdoor_45_1;outdoor_forward_1;outdoor_forward_3;outdoor_forward_5,5,False,4776.0,0.0,4,External-Auction,lower
