stratum_id,stratum_label,independent_units,_order,panel,audit_item,pass_rate,count,family_id,section,comparison,metric,method_a,method_b,favorable_direction_for_method_a,dataset,task_load,independent_unit,n_independent_cluster_pairs,nested_seeds_per_cluster,method_a_mean,method_b_mean,mean_difference_a_minus_b,mean_difference_ci95_low,mean_difference_ci95_high,ci_estimand,ci_method,wilcoxon_w,p_value_test,p_unadjusted,p_holm_adjusted,cohen_dz,rank_biserial,win_rate_favorable_to_method_a,cluster_ids,holm_family_size,significant_after_holm_0_05,common_task_periods_total,clusters_with_missing_common_task_seeds
anti_uav410.load_2,Anti-UAV410 load 2,10.0,0.0,a,,,,,,,,,,,,,,,,,,,,,,,,,,,,,,,,,,
anti_uav410.load_4,Anti-UAV410 load 4,8.0,1.0,a,,,,,,,,,,,,,,,,,,,,,,,,,,,,,,,,,,
anti_uav410.load_6,Anti-UAV410 load 6,6.0,2.0,a,,,,,,,,,,,,,,,,,,,,,,,,,,,,,,,,,,
anti_uav410.load_8,Anti-UAV410 load 8,4.0,3.0,a,,,,,,,,,,,,,,,,,,,,,,,,,,,,,,,,,,
uzh_fpv.load_1,UZH-FPV single-target replay,16.0,4.0,a,,,,,,,,,,,,,,,,,,,,,,,,,,,,,,,,,,
,,,,b,Registered runs,1.0,7920/7920,,,,,,,,,,,,,,,,,,,,,,,,,,,,,,,
,,,,b,Paired-state audits,1.0,15840/15840,,,,,,,,,,,,,,,,,,,,,,,,,,,,,,,
,,,,b,Final feasible,1.0,7920/7920,,,,,,,,,,,,,,,,,,,,,,,,,,,,,,,
,,,,b,Repair events,0.0,0/7920,,,,,,,,,,,,,,,,,,,,,,,,,,,,,,,
,,,,b,Active-task mismatches,0.0,0/95040,,,,,,,,,,,,,,,,,,,,,,,,,,,,,,,
uzh_fpv.load_1,UZH-FPV single-target replay,,,c,,,,primary_performance.independent_service_score.uzh_fpv.load_1,primary performance,CA-HMCD vs Greedy,independent_service_score,CA-HMCD,Greedy,higher,uzh_fpv,1,public trajectory or preregistered composed workload,16,30,0.5154212582,0.5154212582,0.0,0.0,0.0,mean paired difference across independent clusters,"BCa paired cluster bootstrap, 10000 resamples",0.0,two-sided paired Wilcoxon signed-rank test,1.0,1.0,0.0,0.0,0.5,indoor_45_12;indoor_45_13;indoor_45_14;indoor_45_2;indoor_45_4;indoor_45_9;indoor_forward_10;indoor_forward_3;indoor_forward_5;indoor_forward_6;indoor_forward_7;indoor_forward_9;outdoor_45_1;outdoor_forward_1;outdoor_forward_3;outdoor_forward_5,5,False,,
uzh_fpv.load_1,UZH-FPV single-target replay,,,c,,,,primary_performance.independent_coverage.uzh_fpv.load_1,primary performance,CA-HMCD vs Greedy,independent_coverage,CA-HMCD,Greedy,higher,uzh_fpv,1,public trajectory or preregistered composed workload,16,30,0.8291666667,0.8291666667,0.0,0.0,0.0,mean paired difference across independent clusters,"BCa paired cluster bootstrap, 10000 resamples",0.0,two-sided paired Wilcoxon signed-rank test,1.0,1.0,0.0,0.0,0.5,indoor_45_12;indoor_45_13;indoor_45_14;indoor_45_2;indoor_45_4;indoor_45_9;indoor_forward_10;indoor_forward_3;indoor_forward_5;indoor_forward_6;indoor_forward_7;indoor_forward_9;outdoor_45_1;outdoor_forward_1;outdoor_forward_3;outdoor_forward_5,5,False,,
uzh_fpv.load_1,UZH-FPV single-target replay,,,c,,,,primary_performance.external_objective.uzh_fpv.load_1,primary performance,CA-HMCD vs Greedy,external_objective,CA-HMCD,Greedy,higher,uzh_fpv,1,public trajectory or preregistered composed workload,16,30,-0.0018483716,-0.0018483716,0.0,0.0,0.0,mean paired difference across independent clusters,"BCa paired cluster bootstrap, 10000 resamples",0.0,two-sided paired Wilcoxon signed-rank test,1.0,1.0,0.0,0.0,0.5,indoor_45_12;indoor_45_13;indoor_45_14;indoor_45_2;indoor_45_4;indoor_45_9;indoor_forward_10;indoor_forward_3;indoor_forward_5;indoor_forward_6;indoor_forward_7;indoor_forward_9;outdoor_45_1;outdoor_forward_1;outdoor_forward_3;outdoor_forward_5,5,False,,
uzh_fpv.load_1,UZH-FPV single-target replay,,,c,,,,primary_performance.independent_service_score.uzh_fpv.load_1,primary performance,CA-HMCD vs External-Auction,independent_service_score,CA-HMCD,External-Auction,higher,uzh_fpv,1,public trajectory or preregistered composed workload,16,30,0.5154212582,0.525066486,-0.0096452278,-0.0149977237,-0.0055906081,mean paired difference across independent clusters,"BCa paired cluster bootstrap, 10000 resamples",0.0,two-sided paired Wilcoxon signed-rank test,0.0002441406,0.0007324219,-0.9807767717,-1.0,0.09375,indoor_45_12;indoor_45_13;indoor_45_14;indoor_45_2;indoor_45_4;indoor_45_9;indoor_forward_10;indoor_forward_3;indoor_forward_5;indoor_forward_6;indoor_forward_7;indoor_forward_9;outdoor_45_1;outdoor_forward_1;outdoor_forward_3;outdoor_forward_5,5,True,,
uzh_fpv.load_1,UZH-FPV single-target replay,,,c,,,,primary_performance.independent_coverage.uzh_fpv.load_1,primary performance,CA-HMCD vs External-Auction,independent_coverage,CA-HMCD,External-Auction,higher,uzh_fpv,1,public trajectory or preregistered composed workload,16,30,0.8291666667,0.8444444444,-0.0152777778,-0.0239583333,-0.0086805556,mean paired difference across independent clusters,"BCa paired cluster bootstrap, 10000 resamples",0.0,two-sided paired Wilcoxon signed-rank test,0.0002441406,0.0007324219,-0.9564614725,-1.0,0.09375,indoor_45_12;indoor_45_13;indoor_45_14;indoor_45_2;indoor_45_4;indoor_45_9;indoor_forward_10;indoor_forward_3;indoor_forward_5;indoor_forward_6;indoor_forward_7;indoor_forward_9;outdoor_45_1;outdoor_forward_1;outdoor_forward_3;outdoor_forward_5,5,True,,
uzh_fpv.load_1,UZH-FPV single-target replay,,,c,,,,primary_performance.external_objective.uzh_fpv.load_1,primary performance,CA-HMCD vs External-Auction,external_objective,CA-HMCD,External-Auction,higher,uzh_fpv,1,public trajectory or preregistered composed workload,16,30,-0.0018483716,-0.0013881567,-0.0004602149,-0.0009477848,-0.0001674854,mean paired difference across independent clusters,"BCa paired cluster bootstrap, 10000 resamples",12.0,two-sided paired Wilcoxon signed-rank test,0.0170898438,0.0512695312,-0.5860930338,-0.7362637363,0.28125,indoor_45_12;indoor_45_13;indoor_45_14;indoor_45_2;indoor_45_4;indoor_45_9;indoor_forward_10;indoor_forward_3;indoor_forward_5;indoor_forward_6;indoor_forward_7;indoor_forward_9;outdoor_45_1;outdoor_forward_1;outdoor_forward_3;outdoor_forward_5,5,False,,
